customer_email,total_amount,status,created_at,product_skus
baghyawati.guha307@example.com,18999.0,pending,2025-09-05,TN-MON-001
balveer.agarwal238@example.com,2248.2,paid,2025-09-05,TN-COOL-001;TN-STAND-001
chaman.varty385@example.com,1599.0,refunded,2025-09-05,TN-HUB-001
tara.varughese88@example.com,1093.52,paid,2025-09-05,TN-COOL-001
imaran.buch454@example.com,9496.0,paid,2025-09-05,TN-CTRL-001;TN-MOUSE-001;TN-HEADSET-001
urmi.lad67@example.com,3418.2,paid,2025-09-06,TN-CAM-001;TN-LIGHT-001
abhiram.mitter290@example.com,8297.0,paid,2025-09-06,TN-STAND-001;TN-KB-001
henry.narain455@example.com,3298.0,pending,2025-09-06,TN-CAM-001;TN-STAND-001
yauvani.patla389@example.com,1500.26,pending,2025-09-06,TN-MOUSE-001
samar.ahuja333@example.com,25496.0,paid,2025-09-06,TN-CTRL-001;TN-CAM-001;TN-MON-001
kiaan.arora178@example.com,5487.3,paid,2025-09-06,TN-STAND-001;TN-KB-001
samesh.jani434@example.com,6198.0,paid,2025-09-06,TN-SSD-001;TN-COOL-001
urmi.wali423@example.com,2849.05,paid,2025-09-06,TN-HEADSET-001
zehaan.devan108@example.com,1599.0,paid,2025-09-07,TN-HUB-001
alexander.behl337@example.com,18999.0,paid,2025-09-07,TN-MON-001
ekiya.patla277@example.com,20248.2,paid,2025-09-07,TN-MON-001;TN-KB-001
idika.bhagat143@example.com,6097.0,cancelled,2025-09-07,TN-KB-001;TN-STAND-001
ladli.kaur460@example.com,1899.05,paid,2025-09-07,TN-CAM-001
daksh.dhingra261@example.com,6297.0,pending,2025-09-08,TN-HEADSET-001;TN-LIGHT-001;TN-MOUSE-001
fariq.gandhi266@example.com,1594.83,paid,2025-09-08,TN-MOUSE-001
leena.ratta230@example.com,2658.1,paid,2025-09-08,TN-COOL-001;TN-HUB-001
onveer.bhavsar341@example.com,11997.0,failed,2025-09-08,TN-CAM-001;TN-SSD-001
zehaan.pradhan200@example.com,3324.05,failed,2025-09-08,TN-KB-001
samesh.jani434@example.com,5498.0,paid,2025-09-08,TN-CAM-001;TN-KB-001
jatin.kapoor6@example.com,1519.05,cancelled,2025-09-09,TN-HUB-001
charan.mangal204@example.com,22037.15,paid,2025-09-09,TN-COOL-001;TN-HEADSET-001;TN-MON-001
chandran.datta211@example.com,1368.35,paid,2025-09-09,TN-STAND-001
pallavi.lal439@example.com,1519.05,refunded,2025-09-09,TN-HUB-001
sarthak.puri51@example.com,4999.0,failed,2025-09-09,TN-SSD-001
ubika.bains479@example.com,7307.45,pending,2025-09-09,TN-HUB-001;TN-KB-001
ronith.nazareth71@example.com,18999.0,paid,2025-09-09,TN-MON-001
faras.garg426@example.com,1799.0,paid,2025-09-09,TN-LIGHT-001
saksham.mani448@example.com,2433.06,refunded,2025-09-10,PROMO-GIFTSET-01
lila.kadakia187@example.com,4798.0,cancelled,2025-09-10,TN-STAND-001;TN-KB-001
rayaan.malhotra96@example.com,906.48,paid,2025-09-10,TN-MAT-001
patrick.dora37@example.com,4298.0,paid,2025-09-10,TN-STAND-001;TN-HEADSET-001
nandini.karan64@example.com,956.37,paid,2025-09-10,TN-MAT-001
baghyawati.guha307@example.com,20298.0,paid,2025-09-10,TN-MON-001;TN-STAND-001
gautammishra@example.org,2699.1,paid,2025-09-10,TN-HEADSET-001
arya.thakkar155@example.com,25996.0,paid,2025-09-10,TN-MON-001;TN-CAM-001;TN-HEADSET-001
elijah.dalal19@example.com,2098.0,paid,2025-09-10,TN-COOL-001;TN-MAT-001
hitesh.bhandari95@example.com,12195.0,cancelled,2025-09-10,TN-KB-001;TN-HUB-001;TN-CAM-001
chandran.datta211@example.com,22497.0,cancelled,2025-09-10,TN-MON-001;TN-CAM-001;TN-MOUSE-001
yamini.garg339@example.com,1269.88,paid,2025-09-10,TN-COOL-001
pratyush.madan120@example.com,6998.0,failed,2025-09-11,TN-KB-001
tanmayi.boase170@example.com,40656.2,paid,2025-09-11,TN-MON-001;TN-HEADSET-001;TN-LIGHT-001
frado.raj146@example.com,2398.0,cancelled,2025-09-11,TN-COOL-001
david.kurian281@example.com,2974.15,paid,2025-09-12,TN-KB-001
alka.magar119@example.com,6998.0,paid,2025-09-12,TN-KB-001
mohammed.ramachandran161@example.com,18999.0,pending,2025-09-12,TN-MON-001
laksh.sani34@example.com,1284.31,paid,2025-09-12,TN-COOL-001
chandresh.golla132@example.com,1599.0,paid,2025-09-12,TN-HUB-001
dev.nori282@example.com,2124.15,paid,2025-09-12,TN-CTRL-001
tristan.ravel346@example.com,2999.0,paid,2025-09-12,TN-HEADSET-001
charvi.date343@example.com,1599.0,paid,2025-09-12,TN-HUB-001
leela.parmer349@example.com,5697.15,failed,2025-09-12,TN-HEADSET-001;TN-MOUSE-001
riya.thaman362@example.com,2278.1,paid,2025-09-13,TN-MOUSE-001;TN-MAT-001
vidhi.gaba110@example.com,1709.05,paid,2025-09-13,TN-LIGHT-001
banjeet.memon313@example.com,3957.3,paid,2025-09-13,TN-HUB-001;TN-COOL-001
bina.varty181@example.com,1709.05,paid,2025-09-13,TN-LIGHT-001
nimrat.vasa488@example.com,2198.0,paid,2025-09-13,TN-MAT-001;TN-STAND-001
amara.mitra467@example.com,8297.0,paid,2025-09-13,TN-STAND-001;TN-KB-001
riya.thaman362@example.com,20967.3,paid,2025-09-14,TN-MON-001;TN-STAND-001;TN-HEADSET-001
aarna.jaggi223@example.com,3499.0,failed,2025-09-14,TN-KB-001
vrinda.sama21@example.com,1376.14,paid,2025-09-14,TN-STAND-001
patilmichael@example.com,2124.15,pending,2025-09-14,TN-CTRL-001
leena.narula116@example.com,3958.2,paid,2025-09-14,TN-MAT-001;TN-KB-001
rushil.gopal375@example.com,9086.4,pending,2025-09-14,TN-CTRL-001;TN-STAND-001;TN-SSD-001
pahal.kuruvilla121@example.com,1384.64,paid,2025-09-14,TN-STAND-001
adweta.parsa189@example.com,2098.0,paid,2025-09-14,TN-COOL-001;TN-MAT-001
hamsini.bhatia226@example.com,37998.0,paid,2025-09-14,TN-MON-001
ikbal.shankar237@example.com,41701.2,paid,2025-09-14,TN-MAT-001;TN-MON-001;TN-SSD-001
rishi.kashyap257@example.com,2098.0,cancelled,2025-09-14,TN-MAT-001;TN-COOL-001
yatin.balakrishnan247@example.com,4397.0,paid,2025-09-14,TN-LIGHT-001;TN-STAND-001
chakrika.kalla417@example.com,1237.94,paid,2025-09-15,TN-COOL-001
nathaniel.narain420@example.com,1899.05,pending,2025-09-15,TN-CAM-001
urvashi.goswami347@example.com,6362.15,cancelled,2025-09-15,TN-HUB-001;TN-KB-001
dev.nori282@example.com,1512.67,cancelled,2025-09-15,TN-MOUSE-001
kashvi.sangha207@example.com,1619.1,cancelled,2025-09-15,TN-LIGHT-001
zarna.wali94@example.com,21498.0,paid,2025-09-15,TN-MON-001;TN-CTRL-001
rishi.borde315@example.com,18178.2,paid,2025-09-15,TN-MON-001;TN-COOL-001
hansupasna@example.net,1709.05,paid,2025-09-16,TN-LIGHT-001
vrinda.sama21@example.com,1153.81,cancelled,2025-09-16,TN-COOL-001
jyoti.dhingra382@example.com,18999.0,paid,2025-09-16,TN-MON-001
darsh.sunder179@example.com,3149.1,paid,2025-09-16,TN-KB-001
omkaar.chopra270@example.com,2374.05,paid,2025-09-16,TN-CTRL-001
jatin.kapoor6@example.com,1699.15,paid,2025-09-16,TN-CAM-001
faris.sethi412@example.com,1899.05,paid,2025-09-16,TN-CAM-001
harshil.vyas82@example.com,2753.1,paid,2025-09-16,TN-STAND-001;TN-HUB-001
chaitaly.nagar438@example.com,2249.1,paid,2025-09-16,TN-CTRL-001
vrishti.cherian490@example.com,3137.74,paid,2025-09-16,PROMO-GIFTSET-01
bimala.sehgal134@example.com,1553.85,pending,2025-09-16,TN-MOUSE-001
manthan.yadav122@example.com,2698.0,refunded,2025-09-16,TN-COOL-001;TN-MOUSE-001
inaya.taneja23@example.com,1421.05,paid,2025-09-17,TN-MOUSE-001
adweta.parsa189@example.com,4749.05,failed,2025-09-17,TN-SSD-001
shivani.sane219@example.com,1359.15,paid,2025-09-17,TN-HUB-001
daksh.dhingra261@example.com,1248.21,paid,2025-09-17,TN-COOL-001
abha.keer419@example.com,5998.0,failed,2025-09-17,TN-KB-001;TN-CTRL-001
adya.sangha459@example.com,5997.0,cancelled,2025-09-17,TN-STAND-001;TN-KB-001;TN-COOL-001
nirja.shan496@example.com,1931.89,paid,2025-09-17,OLD-BUNDLE-2024
nimrat.vasa488@example.com,19758.1,paid,2025-09-18,TN-MON-001;TN-LIGHT-001
chakradhar.deol8@example.com,1599.0,refunded,2025-09-18,TN-HUB-001
inaya.taneja23@example.com,907.69,paid,2025-09-18,PROMO-GIFTSET-01
chatura.thaman365@example.com,5498.0,pending,2025-09-18,TN-KB-001;TN-CAM-001
warda.doctor162@example.com,2999.0,paid,2025-09-18,TN-HEADSET-001
kkala@example.org,1619.1,paid,2025-09-19,TN-LIGHT-001
vincent.barad414@example.com,1587.7,pending,2025-09-19,TN-MOUSE-001
upasnapant@example.org,3058.3,paid,2025-09-19,TN-LIGHT-001
upkaar.cheema413@example.com,1392.62,paid,2025-09-19,TN-MOUSE-001
shravya.ravi194@example.com,970.64,paid,2025-09-19,TN-MAT-001
januja.bal50@example.com,710.98,paid,2025-09-19,PROMO-GIFTSET-01
qarin.ramanathan497@example.com,3398.0,paid,2025-09-19,TN-MAT-001;TN-CTRL-001
qadim.agrawal91@example.com,3228.1,paid,2025-09-20,TN-CTRL-001;TN-MAT-001
alka13@example.com,4078.3,paid,2025-09-20,TN-KB-001;TN-STAND-001
jagvi.sethi379@example.com,1559.16,failed,2025-09-20,TN-MOUSE-001
banjeet.de363@example.com,2499.0,paid,2025-09-20,TN-CTRL-001
qushi.pau361@example.com,2278.1,paid,2025-09-20,TN-COOL-001
samesh.kashyap173@example.com,944.25,refunded,2025-09-20,TN-MAT-001
omaja.sharma301@example.com,1400.75,paid,2025-09-20,TN-MOUSE-001
azaan.sachar443@example.com,4462.15,paid,2025-09-20,TN-CAM-001;TN-MOUSE-001;TN-COOL-001
damini.salvi353@example.com,4368.1,paid,2025-09-21,TN-HEADSET-001;TN-HUB-001
warda.ramaswamy140@example.com,2999.0,cancelled,2025-09-21,TN-HEADSET-001
sathvik.lall373@example.com,1619.1,cancelled,2025-09-21,TN-LIGHT-001
owen.oommen221@example.com,1296.96,paid,2025-09-21,TN-COOL-001
aishani.apte400@example.com,3687.3,paid,2025-09-21,TN-MAT-001;TN-HUB-001
dipta.shroff14@example.com,26497.0,cancelled,2025-09-21,TN-SSD-001;TN-MON-001;TN-CTRL-001
alexander.behl337@example.com,5896.15,paid,2025-09-21,OLD-BUNDLE-2024
hitesh.virk393@example.com,4498.2,paid,2025-09-21,TN-CTRL-001
nachiket.kota468@example.com,2548.3,paid,2025-09-22,TN-MOUSE-001
chanchal.chand60@example.com,18718.2,paid,2025-09-22,TN-MON-001;TN-LIGHT-001
xavier.sani481@example.com,1799.1,cancelled,2025-09-22,TN-CAM-001
yamini.bir255@example.com,1619.1,paid,2025-09-22,TN-LIGHT-001
onkar.sarin447@example.com,37311.6,paid,2025-09-22,TN-SSD-001;TN-MON-001;TN-MAT-001
charvi.subramanian215@example.com,4748.1,paid,2025-09-22,TN-CTRL-001
aarna.jaggi223@example.com,4999.0,paid,2025-09-23,TN-SSD-001
waida.bandi252@example.com,18049.05,paid,2025-09-23,TN-MON-001
vrinda.sama21@example.com,2499.0,cancelled,2025-09-23,TN-CTRL-001
vihaan.sen312@example.com,4138.2,paid,2025-09-23,TN-HUB-001;TN-HEADSET-001
jasmit.bahl114@example.com,3498.0,cancelled,2025-09-24,TN-CAM-001;TN-MOUSE-001
chanakya.pillai441@example.com,3868.2,paid,2025-09-24,TN-STAND-001;TN-HEADSET-001
falak.gulati470@example.com,1699.15,paid,2025-09-24,TN-CAM-001
jasmit.bhardwaj2@example.com,7397.0,paid,2025-09-24,TN-SSD-001;TN-MOUSE-001;TN-MAT-001
bimala.sehgal134@example.com,21246.6,paid,2025-09-24,TN-HEADSET-001;TN-MON-001;TN-MOUSE-001
anita.nayak283@example.com,2498.0,cancelled,2025-09-24,TN-STAND-001;TN-COOL-001
yauvani.gokhale316@example.com,4826.77,paid,2025-09-24,OLD-BUNDLE-2024
yatin.balakrishnan247@example.com,4698.0,paid,2025-09-24,TN-COOL-001;TN-KB-001
mason.koshy350@example.com,2158.2,paid,2025-09-24,TN-COOL-001
dev.nori282@example.com,7498.0,cancelled,2025-09-24,TN-CTRL-001;TN-SSD-001
reyansh.kohli220@example.com,1374.12,pending,2025-09-25,TN-STAND-001
udant.hayer63@example.com,1357.34,paid,2025-09-25,TN-STAND-001
oscar.kaur300@example.com,3324.05,cancelled,2025-09-25,TN-KB-001
baljiwan.chadha3@example.com,3499.0,pending,2025-09-25,TN-KB-001
veda.bhatnagar325@example.com,18999.0,paid,2025-09-25,TN-MON-001
yashica.kota101@example.com,3608.1,paid,2025-09-25,TN-CTRL-001;TN-STAND-001
warda.doctor162@example.com,1799.0,paid,2025-09-25,TN-LIGHT-001
ekiya.patla277@example.com,9998.0,failed,2025-09-25,TN-SSD-001
isaac.chaudhary241@example.com,2463.3,failed,2025-09-25,TN-CAM-001;TN-MAT-001
raghav.pradhan11@example.com,1619.1,paid,2025-09-26,TN-LIGHT-001
gabriel.randhawa76@example.com,2499.0,cancelled,2025-09-26,TN-CTRL-001
tejas.mani30@example.com,2374.05,paid,2025-09-26,TN-CTRL-001
rishi.kashyap257@example.com,1709.05,paid,2025-09-26,TN-LIGHT-001
sathvik.lall373@example.com,2499.0,paid,2025-09-26,TN-CTRL-001
ishani.bhalla498@example.com,941.06,cancelled,2025-09-27,TN-MAT-001
krisha46@example.net,6627.45,paid,2025-09-27,TN-HEADSET-001;TN-STAND-001;TN-KB-001
zehaan.devan108@example.com,38566.2,paid,2025-09-27,TN-MON-001;TN-STAND-001
samesh.jani434@example.com,1268.66,paid,2025-09-27,TN-COOL-001
watika.wali13@example.com,1228.85,pending,2025-09-27,TN-STAND-001
balveer.agarwal238@example.com,5196.0,paid,2025-09-27,TN-MAT-001;TN-LIGHT-001;TN-HUB-001
dipta.shroff14@example.com,8498.0,paid,2025-09-27,TN-SSD-001;TN-KB-001
chanchal.chand60@example.com,890.12,paid,2025-09-27,TN-MAT-001
lakshit.mangat210@example.com,1619.1,paid,2025-09-27,TN-LIGHT-001
kashvi.narula269@example.com,4798.0,pending,2025-09-28,TN-LIGHT-001;TN-HEADSET-001
owen.trivedi408@example.com,3228.1,paid,2025-09-28,TN-HUB-001;TN-LIGHT-001
triveni.gaba336@example.com,1594.89,cancelled,2025-09-28,TN-MOUSE-001
ishani.bhalla498@example.com,2898.0,paid,2025-09-28,TN-HUB-001;TN-STAND-001
ikbal.chhabra475@example.com,2374.05,paid,2025-09-28,TN-CTRL-001
yachana.de89@example.com,20498.0,paid,2025-09-28,TN-MOUSE-001;TN-MON-001
rushil.brahmbhatt176@example.com,3058.3,paid,2025-09-28,TN-LIGHT-001
jagdish.bedi314@example.com,4998.0,paid,2025-09-28,TN-MOUSE-001;TN-KB-001
anita.nayak283@example.com,6926.4,failed,2025-09-28,TN-KB-001;TN-COOL-001;TN-LIGHT-001
orinder.dhaliwal92@example.com,2878.2,paid,2025-09-28,TN-HUB-001
samar.balay324@example.com,1220.33,paid,2025-09-28,TN-COOL-001
eta.chakraborty123@example.com,2974.15,paid,2025-09-29,TN-KB-001
zashil.bansal136@example.com,5498.0,paid,2025-09-29,TN-HEADSET-001;TN-CTRL-001
vedika.ramesh192@example.com,941.18,paid,2025-09-29,TN-MAT-001
ishwar.wali378@example.com,1599.0,refunded,2025-09-29,TN-HUB-001
elijah.raman234@example.com,1599.0,paid,2025-09-29,TN-HUB-001
rayaan.goyal267@example.com,1275.91,pending,2025-09-29,TN-COOL-001
shravya.char398@example.com,1599.0,paid,2025-09-29,TN-HUB-001
devika.parikh330@example.com,4332.45,paid,2025-09-29,TN-MOUSE-001;TN-CAM-001;TN-HUB-001
chandran.datta211@example.com,2598.0,paid,2025-09-29,TN-STAND-001
timothy.bhatti369@example.com,1999.0,paid,2025-09-29,TN-CAM-001
charita.vohra17@example.com,1349.74,paid,2025-09-29,TN-MOUSE-001
yamini.bir255@example.com,2124.15,paid,2025-09-29,TN-CTRL-001
shravya.char398@example.com,20327.15,refunded,2025-09-30,TN-MON-001;TN-COOL-001
falan.johal217@example.com,1699.15,refunded,2025-09-30,TN-CAM-001
kiaan.arora178@example.com,5937.3,failed,2025-10-01,TN-HEADSET-001;TN-LIGHT-001
watika.buch32@example.com,3324.05,refunded,2025-10-01,TN-KB-001
ekansh.batra431@example.com,4083.1,paid,2025-10-01,TN-CTRL-001;TN-LIGHT-001
urmi.wali423@example.com,2999.0,paid,2025-10-01,TN-HEADSET-001
qadim.agarwal153@example.com,2499.0,paid,2025-10-01,TN-CTRL-001
ikbal.shankar237@example.com,3652.45,paid,2025-10-01,TN-MAT-001;TN-CTRL-001
imaran.edwin131@example.com,5998.0,paid,2025-10-01,TN-HEADSET-001
kevin.chaudhari437@example.com,1709.05,failed,2025-10-01,TN-LIGHT-001
jalsa.sangha202@example.com,5897.0,paid,2025-10-01,TN-CTRL-001;TN-MAT-001
rishi.kashyap257@example.com,1148.24,paid,2025-10-01,TN-COOL-001
ayaan.bhatnagar98@example.com,3499.0,paid,2025-10-01,TN-KB-001
ekalinga.dave360@example.com,1599.0,pending,2025-10-01,TN-HUB-001
gabriel.randhawa76@example.com,1290.97,paid,2025-10-01,TN-STAND-001
rayaan.malhotra96@example.com,20498.0,refunded,2025-10-01,TN-MON-001;TN-MOUSE-001
abha.keer419@example.com,9797.0,paid,2025-10-01,TN-KB-001;TN-STAND-001;TN-SSD-001
darsh.sunder179@example.com,829.15,cancelled,2025-10-01,TN-MAT-001
charan.mangal204@example.com,2798.0,paid,2025-10-02,TN-MOUSE-001;TN-STAND-001
logan85@example.net,19437.3,paid,2025-10-02,TN-STAND-001;TN-MON-001
arunima.parsa227@example.com,2968.2,paid,2025-10-02,TN-STAND-001;TN-CAM-001
rushil.dey142@example.com,1076.76,paid,2025-10-02,TN-COOL-001
yatan.keer306@example.com,4999.0,cancelled,2025-10-02,TN-SSD-001
zayyan.wason380@example.com,5998.0,paid,2025-10-02,TN-HEADSET-001
yashica.kota101@example.com,8998.2,paid,2025-10-02,TN-SSD-001
kashvi.sangha207@example.com,5797.0,failed,2025-10-02,TN-HEADSET-001;TN-STAND-001;TN-MOUSE-001
frederick.solanki184@example.com,1519.05,failed,2025-10-02,TN-HUB-001
osalvi@example.net,1799.1,paid,2025-10-02,TN-CAM-001
bahadurjit.kant387@example.com,3149.1,paid,2025-10-02,TN-KB-001
mekhala.chakraborty338@example.com,1799.0,paid,2025-10-02,TN-LIGHT-001
tristan.bhavsar127@example.com,1486.5,paid,2025-10-03,TN-MOUSE-001
ucchal.shukla182@example.com,7998.0,paid,2025-10-03,TN-SSD-001;TN-HEADSET-001
eshana.lad86@example.com,580.18,paid,2025-10-03,PROMO-GIFTSET-01
tristan.bhavsar127@example.com,20898.1,paid,2025-10-03,TN-MON-001;TN-HEADSET-001
dev.nori282@example.com,849.85,cancelled,2025-10-03,TN-MAT-001
panini.prabhakar251@example.com,13497.0,refunded,2025-10-03,TN-SSD-001;TN-KB-001
baghyawati.mishra213@example.com,4368.1,paid,2025-10-03,TN-HEADSET-001;TN-HUB-001
qabil.lall39@example.com,1251.69,paid,2025-10-03,TN-COOL-001
samesh.kashyap173@example.com,2658.1,cancelled,2025-10-03,TN-HUB-001;TN-COOL-001
chaman.varty385@example.com,9196.0,paid,2025-10-04,TN-COOL-001;TN-SSD-001;TN-LIGHT-001
jyoti.dhingra382@example.com,3998.0,refunded,2025-10-04,TN-CAM-001
radha.hayer83@example.com,2373.1,paid,2025-10-04,TN-COOL-001;TN-STAND-001
vihaan.date465@example.com,8197.0,cancelled,2025-10-04,TN-SSD-001;TN-HUB-001
rushil.dey142@example.com,1599.0,cancelled,2025-10-04,TN-HUB-001
onveer.bhavsar341@example.com,23497.0,paid,2025-10-04,TN-CTRL-001;TN-MON-001;TN-CAM-001
mason.koshy350@example.com,1465.35,refunded,2025-10-04,TN-MOUSE-001
saumya.ratti33@example.com,4948.2,paid,2025-10-04,TN-HEADSET-001;TN-CTRL-001
vasatikaagate@example.net,983.54,cancelled,2025-10-05,TN-MAT-001
hardik.kalla180@example.com,1354.13,paid,2025-10-05,TN-MOUSE-001
shivani.sane219@example.com,18999.0,cancelled,2025-10-05,TN-MON-001
vedika.ramesh192@example.com,18049.05,paid,2025-10-05,TN-MON-001
hitesh.virk393@example.com,2499.0,paid,2025-10-05,TN-CTRL-001
saumya.kothari235@example.com,1799.0,paid,2025-10-05,TN-LIGHT-001
vidhi.gaba110@example.com,6498.0,pending,2025-10-05,TN-MOUSE-001;TN-SSD-001
owen.oommen221@example.com,4177.15,pending,2025-10-05,TN-CAM-001;TN-COOL-001
dhruv.randhawa308@example.com,1550.71,pending,2025-10-05,TN-MOUSE-001
alexander.behl337@example.com,35277.3,paid,2025-10-05,TN-MON-001;TN-COOL-001
nandini.bhatia45@example.com,3998.0,paid,2025-10-05,TN-CAM-001
nachiket.kota468@example.com,2999.0,paid,2025-10-05,TN-HEADSET-001
kai.bassi130@example.com,974.24,paid,2025-10-06,TN-MAT-001
daksh.dhingra261@example.com,1311.7,paid,2025-10-06,TN-STAND-001
mason.koshy350@example.com,1599.0,paid,2025-10-06,TN-HUB-001
ishita34@example.com,5498.0,paid,2025-10-06,TN-HEADSET-001;TN-CTRL-001
chanakya.mand203@example.com,2798.0,refunded,2025-10-06,TN-HUB-001;TN-COOL-001
charvi.date343@example.com,5897.0,cancelled,2025-10-06,TN-MAT-001;TN-CTRL-001
charles.chaudry48@example.com,5298.0,paid,2025-10-06,TN-KB-001;TN-LIGHT-001
yauvani.patla389@example.com,1999.0,paid,2025-10-06,TN-CAM-001
timothy.bhatti369@example.com,3339.69,paid,2025-10-06,OLD-BUNDLE-2024
mugdha.jani208@example.com,5753.06,paid,2025-10-06,PROMO-GIFTSET-01
tanmayi.boase170@example.com,4999.0,paid,2025-10-06,TN-SSD-001
rachana.muni231@example.com,1799.1,paid,2025-10-06,TN-CAM-001
zehaan.devan108@example.com,4587.3,paid,2025-10-07,TN-LIGHT-001;TN-CAM-001;TN-STAND-001
xavier.memon147@example.com,2849.05,paid,2025-10-07,TN-HEADSET-001
veer.cheema118@example.com,7648.2,paid,2025-10-07,TN-KB-001;TN-SSD-001
darpan.gour264@example.com,20498.0,paid,2025-10-07,TN-MOUSE-001;TN-MON-001
yutika.bhagat42@example.com,2999.0,paid,2025-10-07,TN-HEADSET-001
matthew.rana0@example.com,1599.0,paid,2025-10-07,TN-HUB-001
aayush.pall449@example.com,2499.0,failed,2025-10-07,TN-CTRL-001
advik.hegde406@example.com,1263.29,paid,2025-10-07,TN-COOL-001
gavin.lalla157@example.com,1288.63,cancelled,2025-10-07,TN-COOL-001
triveni.gaba336@example.com,2208.3,paid,2025-10-07,TN-STAND-001
viraj.arora38@example.com,836.34,failed,2025-10-07,TN-MAT-001
jhalak.sekhon355@example.com,1430.61,paid,2025-10-07,TN-MOUSE-001
patilmichael@example.com,1297.86,paid,2025-10-07,TN-COOL-001
meera.bajaj159@example.com,3598.0,paid,2025-10-07,TN-LIGHT-001
eshana.tiwari99@example.com,2249.1,cancelled,2025-10-07,TN-CTRL-001
nachiket.kota468@example.com,9998.0,paid,2025-10-07,TN-SSD-001
dev.nori282@example.com,1519.05,paid,2025-10-07,TN-HUB-001
aarna.jaggi223@example.com,36098.1,cancelled,2025-10-07,TN-MON-001
maanas.ratta158@example.com,3598.0,paid,2025-10-07,TN-LIGHT-001
inaya.taneja23@example.com,1218.06,paid,2025-10-08,TN-STAND-001
elijah.dalal19@example.com,11195.0,paid,2025-10-08,TN-KB-001;TN-MOUSE-001;TN-COOL-001
gavin.gade327@example.com,6297.0,paid,2025-10-08,TN-HEADSET-001;TN-CAM-001;TN-STAND-001
ayaan.krishnamurthy84@example.com,2798.0,cancelled,2025-10-08,TN-MOUSE-001;TN-STAND-001
urvashi.goswami347@example.com,7647.45,cancelled,2025-10-08,TN-SSD-001;TN-CAM-001
elijah.wason1@example.com,1999.0,paid,2025-10-08,TN-CAM-001
chandran.datta211@example.com,3497.0,paid,2025-10-08,TN-MAT-001;TN-STAND-001
fbhandari@example.net,2598.0,paid,2025-10-08,TN-STAND-001
michael36@example.net,1349.1,pending,2025-10-08,TN-STAND-001
amaira.sarin416@example.com,954.58,paid,2025-10-08,TN-MAT-001
akshay.bobal144@example.com,1599.0,paid,2025-10-09,TN-HUB-001
darpan.gour264@example.com,2563.1,pending,2025-10-09,TN-LIGHT-001;TN-MAT-001
yashica.aurora418@example.com,6712.45,paid,2025-10-09,TN-STAND-001;TN-SSD-001;TN-HUB-001
harsh.karan70@example.com,2699.1,paid,2025-10-09,TN-HEADSET-001
krisha.mutti196@example.com,1999.0,paid,2025-10-09,TN-CAM-001
anvi.shan371@example.com,1376.69,paid,2025-10-09,TN-STAND-001
gavin.gade327@example.com,3324.05,paid,2025-10-09,TN-KB-001
timothy.bhatti369@example.com,1709.05,paid,2025-10-09,TN-LIGHT-001
shivani.murthy265@example.com,39197.0,paid,2025-10-09,TN-COOL-001;TN-MON-001
adweta.parsa189@example.com,1709.05,paid,2025-10-10,TN-LIGHT-001
udant.sundaram260@example.com,12630.25,paid,2025-10-10,TN-SSD-001;TN-MAT-001;TN-COOL-001
baghyawati.mishra213@example.com,3598.0,failed,2025-10-10,TN-LIGHT-001
ebhardwaj@example.com,1599.0,paid,2025-10-10,TN-HUB-001
omya.boase4@example.com,3473.97,paid,2025-10-10,PROMO-GIFTSET-01
chaman.varty385@example.com,8922.45,pending,2025-10-10,TN-CAM-001;TN-KB-001;TN-SSD-001
jyoti.dhingra382@example.com,1214.08,paid,2025-10-10,TN-STAND-001
chaitanya.jani320@example.com,2999.0,paid,2025-10-10,TN-HEADSET-001
rishi.kashyap257@example.com,5997.0,paid,2025-10-10,TN-MOUSE-001;TN-HEADSET-001
zarna.wali94@example.com,2998.0,paid,2025-10-10,TN-MOUSE-001
lucky.sagar263@example.com,37998.0,paid,2025-10-11,TN-MON-001
saumya.ratti33@example.com,18999.0,paid,2025-10-11,TN-MON-001
abha.ahuja317@example.com,4407.3,paid,2025-10-11,TN-MAT-001;TN-CAM-001
mason.koshy350@example.com,18049.05,paid,2025-10-11,TN-MON-001
leena.narula116@example.com,18999.0,paid,2025-10-11,TN-MON-001
ati.loyal303@example.com,5697.0,paid,2025-10-11,TN-CTRL-001;TN-HUB-001
udant.hayer63@example.com,1272.58,paid,2025-10-11,TN-COOL-001
aarnav.pant392@example.com,6076.2,paid,2025-10-11,TN-HUB-001;TN-HEADSET-001;TN-MAT-001
girish.rattan456@example.com,39506.4,paid,2025-10-11,TN-SSD-001;TN-MAT-001;TN-MON-001
ayaan.krishnamurthy84@example.com,2374.05,paid,2025-10-11,TN-CTRL-001
zashil.bansal136@example.com,1446.24,paid,2025-10-11,TN-MOUSE-001
yutika.bhagat42@example.com,1999.0,refunded,2025-10-11,TN-CAM-001
balveer.agarwal238@example.com,1999.0,paid,2025-10-11,TN-CAM-001
zarna.peri61@example.com,6998.0,paid,2025-10-11,TN-CAM-001;TN-SSD-001
zashil.bansal136@example.com,1799.1,failed,2025-10-12,TN-CAM-001
samesh.jani434@example.com,6997.0,refunded,2025-10-12,TN-CAM-001;TN-MOUSE-001;TN-KB-001
osha.patil253@example.com,1421.8,paid,2025-10-12,TN-MOUSE-001
nathaniel.bhardwaj405@example.com,9497.15,pending,2025-10-12,TN-CTRL-001;TN-SSD-001
elijah.wason1@example.com,1599.0,refunded,2025-10-12,TN-HUB-001
eshana.tiwari99@example.com,20298.0,paid,2025-10-12,TN-MON-001;TN-STAND-001
ronith.nazareth71@example.com,1344.79,paid,2025-10-13,TN-STAND-001
eiravati.pradhan374@example.com,18999.0,cancelled,2025-10-13,TN-MON-001
indali.kunda440@example.com,1799.0,paid,2025-10-13,TN-LIGHT-001
pahal.kuruvilla121@example.com,4747.15,paid,2025-10-13,TN-CTRL-001;TN-MAT-001;TN-HUB-001
jdada@example.org,6552.15,failed,2025-10-13,TN-HEADSET-001;TN-MAT-001
imaran.edwin131@example.com,3324.05,paid,2025-10-13,TN-KB-001
yashasvi.dewan164@example.com,2999.0,paid,2025-10-14,TN-HEADSET-001
ovyas@example.com,3298.0,paid,2025-10-14,TN-MOUSE-001;TN-LIGHT-001
advik.hegde406@example.com,2898.0,paid,2025-10-14,TN-MAT-001;TN-CAM-001
tejas.mani30@example.com,4999.0,paid,2025-10-14,TN-SSD-001
yuvraj.thaman156@example.com,5498.0,cancelled,2025-10-14,TN-CAM-001;TN-KB-001
adweta.parsa189@example.com,1243.38,paid,2025-10-14,TN-COOL-001
yauvani.bhatt117@example.com,1586.68,paid,2025-10-14,TN-MOUSE-001
vrinda.sama21@example.com,1798.0,paid,2025-10-14,TN-MAT-001
alexander.behl337@example.com,7312.15,paid,2025-10-15,TN-COOL-001;TN-MOUSE-001;TN-SSD-001
chaitanya.bhatia403@example.com,6477.3,paid,2025-10-15,TN-COOL-001;TN-HEADSET-001
ayaan.krishnamurthy84@example.com,1799.0,paid,2025-10-15,TN-LIGHT-001
ronith.nazareth71@example.com,1366.32,paid,2025-10-15,TN-STAND-001
wridesh.sangha105@example.com,1529.15,paid,2025-10-15,TN-LIGHT-001
chaman.varty385@example.com,841.3,paid,2025-10-15,PROMO-GIFTSET-01
idika.bhagat143@example.com,6297.0,paid,2025-10-15,TN-HEADSET-001;TN-LIGHT-001;TN-MOUSE-001
veer.karnik482@example.com,1799.1,paid,2025-10-15,TN-CAM-001
riya.mutti104@example.com,1799.1,cancelled,2025-10-15,TN-CAM-001
neel.sankar111@example.com,2293.3,paid,2025-10-15,TN-COOL-001;TN-MOUSE-001
saumya.kothari235@example.com,3798.0,paid,2025-10-15,TN-CTRL-001;TN-STAND-001
damini.salvi353@example.com,1544.19,paid,2025-10-15,TN-MOUSE-001
veda.muni55@example.com,3499.0,paid,2025-10-15,TN-KB-001
damyanti.bhakta248@example.com,1799.1,paid,2025-10-15,TN-CAM-001
hredhaan.edwin428@example.com,2499.0,paid,2025-10-15,TN-CTRL-001
pallavi.lal439@example.com,2699.1,paid,2025-10-15,TN-HEADSET-001
rohan.rajagopalan472@example.com,4766.4,paid,2025-10-15,TN-HUB-001;TN-STAND-001;TN-COOL-001
frado.joshi298@example.com,1699.15,paid,2025-10-16,TN-CAM-001
krisha.mutti196@example.com,2878.2,refunded,2025-10-16,TN-HUB-001
raagini.gade145@example.com,4398.0,paid,2025-10-16,TN-MAT-001;TN-KB-001
alexander.behl337@example.com,3998.0,pending,2025-10-16,TN-MOUSE-001;TN-CTRL-001
owen.oommen221@example.com,7196.0,paid,2025-10-16,TN-MAT-001;TN-STAND-001;TN-CTRL-001
pahal.kuruvilla121@example.com,2974.15,pending,2025-10-16,TN-KB-001
warda.palan451@example.com,7737.3,paid,2025-10-16,TN-HUB-001;TN-SSD-001;TN-CAM-001
theodore.chandra109@example.com,4798.0,paid,2025-10-16,TN-STAND-001;TN-KB-001
aarna.jaggi223@example.com,2374.05,paid,2025-10-16,TN-CTRL-001
yatan.keer306@example.com,4999.0,paid,2025-10-16,TN-SSD-001
sanya.shanker358@example.com,1306.64,paid,2025-10-17,TN-STAND-001
aachal.thakkar372@example.com,18999.0,cancelled,2025-10-17,TN-MON-001
mohammed.pau107@example.com,3324.05,paid,2025-10-17,TN-KB-001
gavin.gade327@example.com,1144.18,paid,2025-10-17,TN-COOL-001
zaid.sandal354@example.com,3898.0,paid,2025-10-17,TN-HEADSET-001;TN-MAT-001
omaja.dara103@example.com,5998.0,paid,2025-10-17,TN-HEADSET-001
urvashi.goswami347@example.com,3198.0,paid,2025-10-18,TN-CAM-001;TN-COOL-001
madhavpandit@example.net,2998.0,pending,2025-10-18,TN-MOUSE-001
onveer.bhavsar341@example.com,8797.0,cancelled,2025-10-18,TN-STAND-001;TN-SSD-001;TN-CTRL-001
adweta.parsa189@example.com,1388.54,refunded,2025-10-18,TN-STAND-001
oviya.tara299@example.com,23998.0,paid,2025-10-18,TN-SSD-001;TN-MON-001
amruta.sehgal149@example.com,1599.0,paid,2025-10-18,TN-HUB-001
elijah.wason1@example.com,1588.24,paid,2025-10-18,TN-MOUSE-001
rachana.muni231@example.com,2124.15,failed,2025-10-18,TN-CTRL-001
eiravati.pradhan374@example.com,1519.05,pending,2025-10-18,TN-HUB-001
shivansh.puri225@example.com,5848.2,paid,2025-10-18,TN-MOUSE-001;TN-SSD-001
upasnapant@example.org,4749.05,paid,2025-10-18,TN-SSD-001
watika.wali13@example.com,1174.68,cancelled,2025-10-19,TN-STAND-001
reyansh.kohli220@example.com,2788.2,paid,2025-10-19,TN-HUB-001;TN-MOUSE-001
urvashi.goswami347@example.com,3133.1,paid,2025-10-19,TN-CAM-001;TN-STAND-001
sarthak.puri51@example.com,6998.0,paid,2025-10-19,TN-SSD-001;TN-CAM-001
samesh.kashyap173@example.com,3698.0,pending,2025-10-19,TN-CTRL-001;TN-COOL-001
dipta.shroff14@example.com,1199.69,paid,2025-10-19,TN-STAND-001
sanya.shanker358@example.com,1699.15,cancelled,2025-10-19,TN-CAM-001
amara.mitra467@example.com,2974.15,pending,2025-10-19,TN-KB-001
garima.agarwal197@example.com,2849.05,paid,2025-10-19,TN-HEADSET-001
kashvi.narula269@example.com,4598.0,paid,2025-10-19,TN-HUB-001;TN-HEADSET-001
mason.koshy350@example.com,9896.0,paid,2025-10-19,TN-COOL-001;TN-SSD-001;TN-CTRL-001
saumya.ratti33@example.com,3537.43,refunded,2025-10-19,PROMO-GIFTSET-01
avi.sarkar424@example.com,1932.6,paid,2025-10-20,PROMO-GIFTSET-01
jasmit.bahl114@example.com,1529.15,cancelled,2025-10-20,TN-LIGHT-001
viraj.arora38@example.com,1381.87,paid,2025-10-20,TN-STAND-001
rushil.dey142@example.com,21597.3,pending,2025-10-20,TN-CTRL-001;TN-MON-001
joshua.bali232@example.com,889.59,paid,2025-10-20,TN-MAT-001
chanakya.pillai441@example.com,3137.26,paid,2025-10-21,OLD-BUNDLE-2024
meera.chawla44@example.com,4098.0,paid,2025-10-21,TN-CTRL-001;TN-HUB-001
chaitanya.bhatia403@example.com,7052.45,paid,2025-10-21,TN-LIGHT-001;TN-HEADSET-001;TN-KB-001
urvi.palla80@example.com,1999.0,paid,2025-10-21,TN-CAM-001
isaac.chaudhary241@example.com,4999.0,cancelled,2025-10-21,TN-SSD-001
orinder.dhaliwal92@example.com,824.03,paid,2025-10-21,TN-MAT-001
hitesh.virk393@example.com,4248.3,paid,2025-10-21,TN-HEADSET-001;TN-CAM-001
onkar.sarin447@example.com,9998.0,paid,2025-10-21,TN-SSD-001
dakshesh.goswami124@example.com,9396.0,paid,2025-10-22,TN-COOL-001;TN-SSD-001;TN-HUB-001
chakradhar.deol8@example.com,5317.15,paid,2025-10-22,TN-HEADSET-001;TN-STAND-001
gautam.samra5@example.com,1593.03,paid,2025-10-22,TN-MOUSE-001
mason.koshy350@example.com,2374.05,paid,2025-10-22,TN-CTRL-001
mohammed.pau107@example.com,1799.0,paid,2025-10-22,TN-LIGHT-001
amruta.sehgal149@example.com,2175.92,paid,2025-10-22,OLD-BUNDLE-2024
upasnapant@example.org,3397.0,paid,2025-10-22,TN-MAT-001;TN-HUB-001
darsh.sunder179@example.com,17423.3,paid,2025-10-22,TN-MON-001;TN-MOUSE-001
rajeshri.kapadia478@example.com,1799.0,paid,2025-10-22,TN-LIGHT-001
pahal.kuruvilla121@example.com,4499.1,paid,2025-10-23,TN-SSD-001
ebhardwaj@example.com,4749.05,paid,2025-10-23,TN-SSD-001
samar.ahuja333@example.com,1439.1,paid,2025-10-23,TN-HUB-001
reva.kota305@example.com,1522.5,paid,2025-10-23,TN-MOUSE-001
lipika.lal243@example.com,1599.0,paid,2025-10-23,TN-HUB-001
qadim.agarwal153@example.com,4897.0,paid,2025-10-23,TN-STAND-001;TN-LIGHT-001
amara.mitra467@example.com,1709.05,paid,2025-10-23,TN-LIGHT-001
harrison.rana326@example.com,18999.0,failed,2025-10-23,TN-MON-001
chandran.roy209@example.com,13596.0,paid,2025-10-23,TN-HUB-001;TN-KB-001;TN-SSD-001
yamini.bir255@example.com,18698.3,paid,2025-10-23,TN-MON-001;TN-HEADSET-001
mohammed.ramachandran161@example.com,5397.0,refunded,2025-10-23,TN-HUB-001;TN-CTRL-001;TN-STAND-001
dipta.vaidya364@example.com,3417.3,paid,2025-10-23,TN-STAND-001;TN-MAT-001;TN-HUB-001
samesh.jani434@example.com,18049.05,pending,2025-10-23,TN-MON-001
victor.chada165@example.com,1266.62,paid,2025-10-23,TN-COOL-001
upasnapant@example.org,7596.0,paid,2025-10-23,TN-CAM-001;TN-LIGHT-001
ekalinga.dave360@example.com,8498.0,paid,2025-10-24,TN-KB-001;TN-SSD-001
jagvi.sethi379@example.com,1366.51,paid,2025-10-24,TN-STAND-001
aarna.jaggi223@example.com,1799.0,paid,2025-10-24,TN-LIGHT-001
lucky.sagar263@example.com,3987.15,pending,2025-10-24,TN-MOUSE-001;TN-LIGHT-001;TN-MAT-001
jasmit.bahl114@example.com,2378.3,paid,2025-10-24,TN-HUB-001;TN-COOL-001
imaran.edwin131@example.com,2849.05,paid,2025-10-24,TN-HEADSET-001
zehaan.devan108@example.com,1316.24,paid,2025-10-24,TN-STAND-001
urmi.wali423@example.com,1292.96,cancelled,2025-10-24,TN-COOL-001
hemangini.sekhon68@example.com,13996.0,paid,2025-10-24,TN-SSD-001;TN-CAM-001
hansupasna@example.net,4946.4,failed,2025-10-24,TN-COOL-001;TN-MAT-001;TN-CTRL-001
banjeet.de363@example.com,20298.0,paid,2025-10-24,TN-STAND-001;TN-MON-001
yug.rao31@example.com,26596.0,paid,2025-10-24,TN-MON-001;TN-STAND-001;TN-SSD-001
dev.bhasin12@example.com,9796.0,refunded,2025-10-24,TN-HUB-001;TN-KB-001;TN-COOL-001
yauvani.hora293@example.com,1439.1,cancelled,2025-10-25,TN-HUB-001
ishanvi.nagar113@example.com,3324.05,paid,2025-10-25,TN-KB-001
pranav.saraf75@example.com,4249.15,paid,2025-10-25,TN-SSD-001
meera.bajaj159@example.com,3987.15,paid,2025-10-25,TN-COOL-001;TN-MOUSE-001
onkar.sarin447@example.com,965.03,paid,2025-10-25,TN-MAT-001
jai.bhatia93@example.com,37998.0,paid,2025-10-25,TN-MON-001
imaran.edwin131@example.com,6798.0,paid,2025-10-25,TN-LIGHT-001;TN-SSD-001
hredhaan.edwin428@example.com,1271.24,paid,2025-10-25,TN-COOL-001
alka.srinivas57@example.com,1239.53,paid,2025-10-25,TN-COOL-001
ubika.bains479@example.com,2849.05,paid,2025-10-25,TN-HEADSET-001
rishi.tara249@example.com,18697.45,paid,2025-10-26,TN-MON-001;TN-COOL-001;TN-LIGHT-001
jasmit.bahl114@example.com,1395.36,failed,2025-10-26,TN-STAND-001
isaac.chaudhary241@example.com,1225.94,paid,2025-10-26,TN-COOL-001
udant.sundaram260@example.com,1352.73,paid,2025-10-26,TN-STAND-001
ojasvi.parmer35@example.com,6498.0,paid,2025-10-26,TN-SSD-001;TN-MOUSE-001
vaishnavi.dutt396@example.com,4078.3,failed,2025-10-26,TN-KB-001;TN-STAND-001
mekhala.chakraborty338@example.com,958.35,paid,2025-10-26,TN-MAT-001
jagat.iyengar183@example.com,4397.0,paid,2025-10-26,TN-STAND-001;TN-MOUSE-001;TN-HUB-001
nathan.aggarwal193@example.com,21497.0,paid,2025-10-26,TN-MON-001;TN-COOL-001;TN-STAND-001
hemangini.sekhon68@example.com,4999.0,cancelled,2025-10-26,TN-SSD-001
ati.loyal303@example.com,8997.0,paid,2025-10-26,TN-CTRL-001;TN-MOUSE-001;TN-SSD-001
qadim.agarwal153@example.com,24697.15,paid,2025-10-27,TN-MON-001;TN-KB-001
udant.hayer63@example.com,5998.0,pending,2025-10-27,TN-HEADSET-001
urvashi.suri233@example.com,937.45,paid,2025-10-27,TN-MAT-001
vrinda.sama21@example.com,2499.0,paid,2025-10-27,TN-CTRL-001
joshua.bali232@example.com,5757.3,pending,2025-10-27,TN-HUB-001;TN-STAND-001;TN-KB-001
ebhardwaj@example.com,2374.05,refunded,2025-10-27,TN-CTRL-001
ikbal.tandon259@example.com,1999.0,paid,2025-10-27,TN-CAM-001
elijah.wason1@example.com,2374.05,cancelled,2025-10-27,TN-CTRL-001
falak.gulati470@example.com,1392.97,failed,2025-10-27,TN-MOUSE-001
henry.bora297@example.com,2374.05,cancelled,2025-10-27,TN-CTRL-001
jairaj.memon302@example.com,4798.0,refunded,2025-10-27,TN-LIGHT-001;TN-HEADSET-001
anika.rout328@example.com,2549.15,refunded,2025-10-27,TN-HEADSET-001
ojasvi.parmer35@example.com,4098.0,cancelled,2025-10-27,TN-HUB-001;TN-CTRL-001
ijaya.dyal469@example.com,6998.0,paid,2025-10-27,TN-CAM-001;TN-SSD-001
aishani.apte400@example.com,18999.0,pending,2025-10-27,TN-MON-001
raghav.pradhan11@example.com,1552.08,refunded,2025-10-28,TN-MOUSE-001
mason.koshy350@example.com,1599.0,paid,2025-10-28,TN-HUB-001
nandini.karan64@example.com,4998.0,cancelled,2025-10-28,TN-CTRL-001
ekalinga.dave360@example.com,4298.0,failed,2025-10-28,TN-LIGHT-001;TN-CTRL-001
ryan.venkataraman492@example.com,2373.1,paid,2025-10-28,TN-MAT-001;TN-HUB-001
advik.hegde406@example.com,20198.0,failed,2025-10-28,TN-COOL-001;TN-MON-001
simon.mitter106@example.com,1529.15,paid,2025-10-28,TN-LIGHT-001
charles.chaudry48@example.com,1599.0,paid,2025-10-29,TN-HUB-001
matthew.yadav49@example.com,893.06,pending,2025-10-29,TN-MAT-001
vihaan.dora36@example.com,3417.15,refunded,2025-10-29,TN-MAT-001;TN-LIGHT-001
ovyas@example.com,1599.0,paid,2025-10-29,TN-HUB-001
veer.cheema118@example.com,2798.0,paid,2025-10-29,TN-STAND-001;TN-MOUSE-001
urvashi.goswami347@example.com,6458.1,paid,2025-10-29,TN-SSD-001;TN-LIGHT-001
bakhshi.shetty280@example.com,1250.61,paid,2025-10-29,TN-COOL-001
kai.bassi130@example.com,4298.0,paid,2025-10-29,TN-LIGHT-001;TN-CTRL-001
ronith.nazareth71@example.com,32298.3,paid,2025-10-30,TN-MON-001
ishwar.wali378@example.com,1799.1,pending,2025-10-30,TN-CAM-001
amaira.sarin416@example.com,851.91,cancelled,2025-10-30,TN-MAT-001
garima.kumar177@example.com,4249.15,paid,2025-10-30,TN-SSD-001
falak.gulati470@example.com,3324.05,paid,2025-10-30,TN-KB-001
dev.bhasin12@example.com,3148.2,paid,2025-10-30,TN-CAM-001;TN-MOUSE-001
maya.ramakrishnan201@example.com,1328.88,paid,2025-10-30,TN-MOUSE-001
eshana.tiwari99@example.com,1439.1,paid,2025-10-30,TN-HUB-001
warda.doctor162@example.com,6118.2,paid,2025-10-30,TN-SSD-001;TN-LIGHT-001
pratyush.madan120@example.com,10497.0,paid,2025-10-30,TN-SSD-001;TN-CTRL-001;TN-HEADSET-001
warda.palan451@example.com,4298.0,paid,2025-10-30,TN-CTRL-001;TN-LIGHT-001
wridesh.sangha105@example.com,885.36,paid,2025-10-30,TN-MAT-001
gautam.samra5@example.com,1999.0,paid,2025-10-30,TN-CAM-001
gabriel.sami457@example.com,4999.0,pending,2025-10-30,TN-SSD-001
girish.rattan456@example.com,2499.0,pending,2025-10-30,TN-CTRL-001
ekiya.patla277@example.com,1999.0,paid,2025-10-30,TN-CAM-001
tristan.bhavsar127@example.com,18999.0,paid,2025-10-30,TN-MON-001
ekiya.patla277@example.com,1999.0,paid,2025-10-31,TN-CAM-001
pranav.saraf75@example.com,2849.05,cancelled,2025-10-31,TN-HEADSET-001
baljiwan.chadha3@example.com,1296.43,paid,2025-10-31,TN-COOL-001
udant.sundaram260@example.com,4797.0,paid,2025-10-31,TN-MAT-001;TN-HEADSET-001
adya.sangha459@example.com,2698.0,paid,2025-10-31,TN-MAT-001;TN-LIGHT-001
falak.gulati470@example.com,18999.0,paid,2025-10-31,TN-MON-001
falan.johal217@example.com,5998.0,paid,2025-10-31,TN-HEADSET-001
nathaniel.bhardwaj405@example.com,2198.0,paid,2025-10-31,TN-STAND-001;TN-MAT-001
chaman.varty385@example.com,1174.38,pending,2025-10-31,TN-COOL-001
jackson.tak29@example.com,2920.32,paid,2025-11-01,OLD-BUNDLE-2024
matthew.shroff79@example.com,6298.2,paid,2025-11-01,TN-KB-001
adya.sangha459@example.com,1599.0,paid,2025-11-01,TN-HUB-001
vrishti.shroff357@example.com,1999.0,cancelled,2025-11-01,TN-CAM-001
daksha.kaul160@example.com,1999.0,paid,2025-11-01,TN-CAM-001
chaitanya.bhatia403@example.com,1599.0,paid,2025-11-01,TN-HUB-001
ekalinga.dave360@example.com,1171.78,paid,2025-11-01,TN-COOL-001
ikbal.shankar237@example.com,1580.08,paid,2025-11-01,TN-MOUSE-001
falak.gulati470@example.com,1175.25,paid,2025-11-02,TN-STAND-001
yamini.bir255@example.com,18999.0,paid,2025-11-02,TN-MON-001
maanav.bassi163@example.com,1273.45,paid,2025-11-02,TN-COOL-001
janya.kashyap191@example.com,2849.05,paid,2025-11-02,TN-HEADSET-001
jacob.ramakrishnan352@example.com,4999.0,paid,2025-11-02,TN-SSD-001
osha.patil253@example.com,993.98,refunded,2025-11-02,TN-MAT-001
elijah.raman234@example.com,4298.0,paid,2025-11-02,TN-HEADSET-001;TN-STAND-001
damini.salvi353@example.com,20498.0,paid,2025-11-02,TN-MOUSE-001;TN-MON-001
ladli.kaur460@example.com,5498.0,paid,2025-11-02,TN-HEADSET-001;TN-CTRL-001
zayan.sani288@example.com,6798.0,paid,2025-11-02,TN-SSD-001;TN-LIGHT-001
viraj.arora38@example.com,10297.0,paid,2025-11-02,TN-KB-001;TN-LIGHT-001;TN-SSD-001
sanya.shanker358@example.com,1699.15,paid,2025-11-02,TN-CAM-001
dakshesh.goswami124@example.com,3652.45,pending,2025-11-02,TN-HUB-001;TN-MAT-001;TN-LIGHT-001
ayaan.bhatnagar98@example.com,1999.0,paid,2025-11-02,TN-CAM-001
veda.bhatnagar325@example.com,1709.05,paid,2025-11-03,TN-LIGHT-001
timothy.lanka258@example.com,3149.1,paid,2025-11-03,TN-KB-001
mason.koshy350@example.com,4749.05,paid,2025-11-03,TN-SSD-001
watika.wali13@example.com,18999.0,paid,2025-11-03,TN-MON-001
urvashi.goswami347@example.com,18999.0,paid,2025-11-03,TN-MON-001
nicholas.choudhary47@example.com,5998.0,paid,2025-11-03,TN-CTRL-001;TN-KB-001
gautami.lall415@example.com,4497.0,paid,2025-11-03,TN-LIGHT-001;TN-MAT-001
vasudha.murty344@example.com,4498.2,paid,2025-11-03,TN-CTRL-001
hitesh.bhandari95@example.com,8897.0,cancelled,2025-11-03,TN-HEADSET-001;TN-MAT-001;TN-SSD-001
saumya.ratti33@example.com,1999.0,pending,2025-11-03,TN-CAM-001
indali.kunda440@example.com,37332.15,refunded,2025-11-03,TN-STAND-001;TN-MON-001
veda.muni55@example.com,1599.0,paid,2025-11-03,TN-HUB-001
veda.muni55@example.com,5792.15,paid,2025-11-04,TN-CAM-001;TN-CTRL-001;TN-HUB-001
chakradev.bains391@example.com,18049.05,paid,2025-11-04,TN-MON-001
yashvi.bahl90@example.com,5888.1,paid,2025-11-04,TN-COOL-001;TN-SSD-001
ayush.bala66@example.com,9515.75,paid,2025-11-04,TN-HUB-001;TN-HEADSET-001;TN-CTRL-001
yauvani.patla389@example.com,3598.0,paid,2025-11-04,TN-HUB-001;TN-CAM-001
karan.bhat87@example.com,985.89,pending,2025-11-04,TN-MAT-001
aishani.apte400@example.com,952.01,paid,2025-11-04,TN-MAT-001
urvi.bhattacharyya25@example.com,1519.05,paid,2025-11-04,TN-HUB-001
zarna.wali94@example.com,1183.63,paid,2025-11-04,TN-COOL-001
jalsa.sangha202@example.com,4999.0,paid,2025-11-04,TN-SSD-001
veda.bhatnagar325@example.com,1519.05,paid,2025-11-04,TN-HUB-001
timothy.bhatti369@example.com,1899.05,paid,2025-11-04,TN-CAM-001
neel.mall376@example.com,1709.05,paid,2025-11-04,TN-LIGHT-001
imaran.edwin131@example.com,2658.1,paid,2025-11-05,TN-COOL-001;TN-HUB-001
zehaan.pradhan200@example.com,37998.0,paid,2025-11-05,TN-MON-001
lipika.chadha345@example.com,524.04,failed,2025-11-05,OLD-BUNDLE-2024
aarna.jaggi223@example.com,1799.0,paid,2025-11-05,TN-LIGHT-001
benjamin.deol166@example.com,2499.0,paid,2025-11-05,TN-CTRL-001
bimala.sehgal134@example.com,2038.3,paid,2025-11-05,TN-COOL-001
janya.kashyap191@example.com,1285.6,paid,2025-11-05,TN-COOL-001
jagdish.ganesh216@example.com,3098.0,paid,2025-11-05,TN-LIGHT-001;TN-STAND-001
keya.sarkar411@example.com,1799.0,pending,2025-11-06,TN-LIGHT-001
rushil.brahmbhatt176@example.com,1396.84,paid,2025-11-06,TN-STAND-001
sathvik.lall373@example.com,1799.0,paid,2025-11-06,TN-LIGHT-001
xavier.sani481@example.com,3398.0,paid,2025-11-06,TN-LIGHT-001;TN-HUB-001
ayaan.krishnamurthy84@example.com,4098.0,paid,2025-11-06,TN-CTRL-001;TN-HUB-001
simon.mitter106@example.com,2788.2,failed,2025-11-06,TN-HUB-001;TN-MOUSE-001
vidhi.gaba110@example.com,1552.88,pending,2025-11-06,TN-MOUSE-001
jyoti.dhingra382@example.com,2998.0,paid,2025-11-06,TN-MOUSE-001
mohammed.ramachandran161@example.com,2898.0,paid,2025-11-06,TN-MAT-001;TN-CAM-001
hamsini.bhatia226@example.com,6998.0,refunded,2025-11-07,TN-KB-001
janaki.din59@example.com,3499.0,pending,2025-11-07,TN-KB-001
charles.chaudry48@example.com,1439.1,refunded,2025-11-07,TN-HUB-001
jagdish.ganesh216@example.com,3038.1,cancelled,2025-11-07,TN-COOL-001;TN-CAM-001
leena.narula116@example.com,19568.1,paid,2025-11-07,TN-MON-001;TN-HUB-001
bhavna.sood436@example.com,5848.2,paid,2025-11-07,TN-KB-001;TN-HEADSET-001
raghav.pradhan11@example.com,4298.0,paid,2025-11-07,TN-STAND-001;TN-HEADSET-001
chandran.solanki275@example.com,5888.1,refunded,2025-11-07,TN-COOL-001;TN-SSD-001
andrew.tiwari137@example.com,1519.05,paid,2025-11-07,TN-HUB-001
falan.lanka172@example.com,2549.15,paid,2025-11-07,TN-HEADSET-001
ayaan.krishnamurthy84@example.com,39497.0,paid,2025-11-07,TN-MOUSE-001;TN-MON-001
yuvraj.thaman156@example.com,1241.73,paid,2025-11-07,TN-COOL-001
jasmit.bhardwaj2@example.com,18999.0,paid,2025-11-07,TN-MON-001
ladli.yadav422@example.com,18999.0,paid,2025-11-07,TN-MON-001
jyoti.dhingra382@example.com,3777.3,paid,2025-11-07,TN-MOUSE-001;TN-MAT-001;TN-LIGHT-001
urmi.sachdeva212@example.com,4998.0,refunded,2025-11-07,TN-CTRL-001
hitesh.virk393@example.com,3499.0,paid,2025-11-07,TN-KB-001
yachana.de89@example.com,1273.47,paid,2025-11-07,TN-COOL-001
frado.joshi298@example.com,2999.0,paid,2025-11-07,TN-HEADSET-001
pallavi.lal439@example.com,2249.1,paid,2025-11-07,TN-CTRL-001
shivani.murthy265@example.com,2998.0,paid,2025-11-07,TN-MOUSE-001
triveni.gaba336@example.com,849.79,failed,2025-11-07,TN-MAT-001
dev.nori282@example.com,4797.0,paid,2025-11-08,TN-MAT-001;TN-HEADSET-001
vaishnavi.shroff287@example.com,1708.1,paid,2025-11-08,TN-MAT-001
ishani.bhalla498@example.com,6648.1,failed,2025-11-08,TN-KB-001
urvashi.goswami347@example.com,2498.0,paid,2025-11-08,TN-STAND-001;TN-COOL-001
henry.narain455@example.com,40896.0,cancelled,2025-11-08,TN-STAND-001;TN-MON-001;TN-HUB-001
saumya.ratti33@example.com,3499.0,paid,2025-11-08,TN-KB-001
sathvik.lall373@example.com,9997.0,paid,2025-11-08,TN-SSD-001;TN-MOUSE-001;TN-KB-001
qasim.muni323@example.com,3499.0,paid,2025-11-08,TN-KB-001
ekapad.chander24@example.com,4999.0,failed,2025-11-08,TN-SSD-001
baljiwan.chadha3@example.com,1999.0,paid,2025-11-09,TN-CAM-001
onkar.datta78@example.com,21373.1,pending,2025-11-09,TN-KB-001;TN-MON-001
owen.oommen221@example.com,4298.0,refunded,2025-11-09,TN-HEADSET-001;TN-STAND-001
vasudha.agarwal72@example.com,11996.0,pending,2025-11-09,TN-KB-001;TN-CTRL-001
arjun.kaur286@example.com,2374.05,paid,2025-11-09,TN-CTRL-001
benjamin.deol166@example.com,3868.2,paid,2025-11-09,TN-CTRL-001;TN-LIGHT-001
urmi.lad67@example.com,1097.15,pending,2025-11-09,OLD-BUNDLE-2024
qarin.ramanathan497@example.com,17423.3,paid,2025-11-09,TN-MON-001;TN-MOUSE-001
ronith.nazareth71@example.com,1195.45,paid,2025-11-09,TN-COOL-001
falak.gulati470@example.com,1584.3,paid,2025-11-10,TN-MOUSE-001
hemal.sen18@example.com,4048.2,paid,2025-11-10,TN-HEADSET-001;TN-MOUSE-001
bimala.sehgal134@example.com,891.41,paid,2025-11-11,TN-MAT-001
elijah.raman234@example.com,4597.0,paid,2025-11-11,TN-COOL-001;TN-LIGHT-001;TN-HUB-001
vedika.ramesh192@example.com,3798.0,paid,2025-11-11,TN-CAM-001;TN-LIGHT-001
vasudha.murty344@example.com,1548.98,paid,2025-11-11,TN-MOUSE-001
nathaniel.bhardwaj405@example.com,3598.2,cancelled,2025-11-11,TN-CAM-001
darika.golla10@example.com,2463.3,cancelled,2025-11-11,TN-HUB-001;TN-STAND-001
jagvi.sethi379@example.com,1363.38,refunded,2025-11-11,TN-STAND-001
tanveer.karpe141@example.com,1799.1,cancelled,2025-11-11,TN-CAM-001
samesh.kashyap173@example.com,8073.1,pending,2025-11-11,TN-KB-001;TN-SSD-001
nandini.bhatia45@example.com,5998.0,pending,2025-11-11,TN-CTRL-001;TN-KB-001
aishani.apte400@example.com,1166.96,paid,2025-11-11,TN-COOL-001
raghav.pradhan11@example.com,6648.1,paid,2025-11-12,TN-KB-001
urmi.lad67@example.com,21498.0,paid,2025-11-12,TN-MON-001;TN-CTRL-001
triveni.pathak292@example.com,7897.0,paid,2025-11-12,TN-STAND-001;TN-SSD-001;TN-HUB-001
yutika.bhagat42@example.com,988.95,paid,2025-11-12,TN-MAT-001
yauvani.hora293@example.com,8296.0,paid,2025-11-12,TN-MAT-001;TN-KB-001;TN-HEADSET-001
ijaya.narain462@example.com,1244.37,cancelled,2025-11-12,TN-COOL-001
vinaya.shukla54@example.com,1128.96,paid,2025-11-12,TN-COOL-001
vasudha.agarwal72@example.com,9626.4,paid,2025-11-12,TN-SSD-001;TN-HUB-001;TN-CTRL-001
saumya.ratti33@example.com,1584.98,cancelled,2025-11-12,TN-MOUSE-001
viraj.arora38@example.com,7897.0,pending,2025-11-13,TN-KB-001;TN-MAT-001
dakshesh.goswami124@example.com,4749.05,failed,2025-11-13,TN-SSD-001
meera.bajaj159@example.com,4005.59,paid,2025-11-13,PROMO-GIFTSET-01
zayyan.dutt370@example.com,18187.45,paid,2025-11-13,TN-MON-001;TN-COOL-001
dayamai.sankaran274@example.com,7902.45,pending,2025-11-13,TN-SSD-001;TN-HEADSET-001;TN-STAND-001
azad.muni268@example.com,3499.0,cancelled,2025-11-13,TN-KB-001
ubika.sarna464@example.com,3499.0,cancelled,2025-11-13,TN-KB-001
rishi.borde315@example.com,1403.03,paid,2025-11-13,TN-MOUSE-001
dipta.shroff14@example.com,2699.1,paid,2025-11-13,TN-HEADSET-001
ryan.venkataraman492@example.com,4999.0,paid,2025-11-13,TN-SSD-001
lipika.lal243@example.com,2788.2,paid,2025-11-13,TN-LIGHT-001;TN-STAND-001
vrishti.shroff357@example.com,2920.39,paid,2025-11-14,PROMO-GIFTSET-01
yatin.balakrishnan247@example.com,1394.26,paid,2025-11-14,TN-STAND-001
eiravati.khare222@example.com,1799.0,pending,2025-11-14,TN-LIGHT-001
aarna.jaggi223@example.com,6598.0,paid,2025-11-14,TN-HUB-001;TN-SSD-001
naksh.sampath334@example.com,3198.0,paid,2025-11-14,TN-HUB-001
frado.raj146@example.com,18999.0,refunded,2025-11-14,TN-MON-001
baghyawati.mishra213@example.com,20198.0,paid,2025-11-14,TN-MON-001;TN-COOL-001
udant.sundaram260@example.com,1799.1,failed,2025-11-14,TN-CAM-001
alexander.behl337@example.com,6712.45,paid,2025-11-14,TN-SSD-001;TN-HUB-001;TN-STAND-001
rushil.gopal375@example.com,2974.15,failed,2025-11-14,TN-KB-001
maanas.chaudry56@example.com,18999.0,pending,2025-11-15,TN-MON-001
yoshita.soman138@example.com,3398.0,paid,2025-11-15,TN-MAT-001;TN-CTRL-001
rohan.arora199@example.com,6998.0,paid,2025-11-15,TN-CAM-001;TN-SSD-001
waida.bandi252@example.com,3133.1,cancelled,2025-11-15,TN-MOUSE-001;TN-LIGHT-001
neel.mall376@example.com,3608.1,paid,2025-11-16,TN-CTRL-001;TN-STAND-001
laksh.sani34@example.com,872.88,paid,2025-11-16,TN-MAT-001
elijah.dalal19@example.com,1599.0,paid,2025-11-16,TN-HUB-001
wridesh.sangha105@example.com,906.36,failed,2025-11-16,TN-MAT-001
chatura.thaman365@example.com,20897.15,paid,2025-11-16,TN-MOUSE-001;TN-MON-001
chaman.varty385@example.com,2499.0,paid,2025-11-16,TN-CTRL-001
gabriel.sami457@example.com,18049.05,paid,2025-11-16,TN-MON-001
pahal.kuruvilla121@example.com,1326.73,paid,2025-11-16,TN-STAND-001
charles.chaudry48@example.com,2499.0,failed,2025-11-16,TN-CTRL-001
aarnav.pant392@example.com,5012.45,paid,2025-11-16,TN-COOL-001;TN-KB-001
avi.sarkar424@example.com,5937.3,paid,2025-11-16,TN-CTRL-001;TN-HUB-001
damyanti.sahni329@example.com,6697.0,pending,2025-11-16,TN-HUB-001;TN-KB-001
xavier.sani481@example.com,1591.57,refunded,2025-11-17,TN-MOUSE-001
abha.ravi214@example.com,1528.3,paid,2025-11-17,TN-MAT-001
janya.kashyap191@example.com,1599.0,paid,2025-11-17,TN-HUB-001
panini.prabhakar251@example.com,6268.1,paid,2025-11-17,TN-HUB-001;TN-SSD-001
matthew.rana0@example.com,21397.0,paid,2025-11-17,TN-COOL-001;TN-MON-001
chakradev.bains391@example.com,18999.0,paid,2025-11-17,TN-MON-001
yuvraj.gandhi402@example.com,2718.3,pending,2025-11-17,TN-HUB-001
vasudha.murty344@example.com,6697.0,paid,2025-11-17,TN-HUB-001;TN-KB-001
urvashi.suri233@example.com,36547.45,paid,2025-11-17,TN-MON-001;TN-SSD-001
benjamin.ratta348@example.com,22946.6,paid,2025-11-17,TN-CAM-001;TN-HEADSET-001;TN-MON-001
qarin.ramanathan497@example.com,4749.05,paid,2025-11-17,TN-SSD-001
xavier.memon147@example.com,1799.0,paid,2025-11-17,TN-LIGHT-001
idika.bhagat143@example.com,4999.0,paid,2025-11-17,TN-SSD-001
urmi.lad67@example.com,17908.2,paid,2025-11-17,TN-MON-001;TN-MAT-001
darika.golla10@example.com,23998.0,paid,2025-11-17,TN-MON-001;TN-SSD-001
oviya.tara299@example.com,9897.3,paid,2025-11-18,TN-SSD-001;TN-HEADSET-001
dayita.munshi386@example.com,4999.0,failed,2025-11-18,TN-SSD-001
ubika.sarna464@example.com,20337.3,paid,2025-11-18,TN-CAM-001;TN-MON-001;TN-HUB-001
benjamin.devi430@example.com,962.27,paid,2025-11-18,PROMO-GIFTSET-01
azad.muni268@example.com,1799.0,cancelled,2025-11-18,TN-LIGHT-001
lucky.sagar263@example.com,1321.91,paid,2025-11-18,TN-STAND-001
jackson.tak29@example.com,1587.37,paid,2025-11-18,TN-MOUSE-001
yoshita.soman138@example.com,1297.71,paid,2025-11-18,TN-STAND-001
frado.joshi298@example.com,9516.6,paid,2025-11-18,TN-HUB-001;TN-SSD-001;TN-HEADSET-001
nidra.grewal404@example.com,2968.2,paid,2025-11-18,TN-CAM-001;TN-STAND-001
dakshesh.goswami124@example.com,2374.05,pending,2025-11-18,TN-CTRL-001
vidhi.gaba110@example.com,1519.05,paid,2025-11-18,TN-HUB-001
zayyan.palan52@example.com,4999.0,paid,2025-11-18,TN-SSD-001
amara.mitra467@example.com,1599.0,paid,2025-11-18,TN-HUB-001
vihaan.dora36@example.com,4999.0,paid,2025-11-18,TN-SSD-001
idika.singh445@example.com,23997.0,paid,2025-11-19,TN-MON-001;TN-CTRL-001
gavin.gade327@example.com,2898.0,cancelled,2025-11-19,TN-MAT-001;TN-CAM-001
yuvraj.gandhi402@example.com,21498.0,failed,2025-11-19,TN-MON-001;TN-CTRL-001
yamini.bir255@example.com,2999.0,paid,2025-11-19,TN-HEADSET-001
chaman.varty385@example.com,6397.0,cancelled,2025-11-19,TN-KB-001;TN-HUB-001;TN-STAND-001
dominic.som171@example.com,5947.45,failed,2025-11-19,TN-CTRL-001;TN-CAM-001
saumya.kothari235@example.com,20198.0,failed,2025-11-19,TN-MON-001;TN-COOL-001
zashil.bansal136@example.com,3698.0,paid,2025-11-20,TN-CTRL-001;TN-COOL-001
veda.bhatnagar325@example.com,3498.0,paid,2025-11-20,TN-MOUSE-001;TN-CAM-001
urmi.sachdeva212@example.com,1113.51,paid,2025-11-20,TN-COOL-001
vincent.barad414@example.com,2999.0,paid,2025-11-20,TN-HEADSET-001
adya.patla150@example.com,1264.69,paid,2025-11-20,TN-STAND-001
amaira.sarin416@example.com,3038.1,paid,2025-11-20,TN-HUB-001
indali.kunda440@example.com,6797.0,paid,2025-11-20,TN-CTRL-001;TN-LIGHT-001
aarnav.pant392@example.com,19547.45,failed,2025-11-20,TN-MON-001;TN-CAM-001
bahadurjit.banerjee435@example.com,2499.0,paid,2025-11-20,TN-CTRL-001
chandran.roy209@example.com,7498.0,paid,2025-11-20,TN-SSD-001;TN-CTRL-001
shravya.char398@example.com,3499.0,cancelled,2025-11-20,TN-KB-001
hamsini.bhatia226@example.com,1999.0,paid,2025-11-20,TN-CAM-001
tristan.bhavsar127@example.com,1358.88,paid,2025-11-20,PROMO-GIFTSET-01
chaitanya.jani320@example.com,4948.2,paid,2025-11-21,TN-CAM-001;TN-KB-001
radha.hayer83@example.com,3798.1,paid,2025-11-21,TN-CAM-001
anika.rout328@example.com,1799.0,cancelled,2025-11-21,TN-LIGHT-001
fbhandari@example.net,984.12,paid,2025-11-21,TN-MAT-001
jagvi.sethi379@example.com,2499.0,paid,2025-11-21,TN-CTRL-001
udarsh.dubey236@example.com,19948.1,paid,2025-11-21,TN-MON-001;TN-CAM-001
vrishti.lalla169@example.com,23697.0,cancelled,2025-11-21,TN-COOL-001;TN-MON-001;TN-KB-001
madhavpandit@example.net,2598.0,paid,2025-11-21,TN-STAND-001
rachana.muni231@example.com,5888.1,paid,2025-11-21,TN-SSD-001;TN-COOL-001
urvi.palla80@example.com,1821.81,paid,2025-11-21,PROMO-GIFTSET-01
dipta.shroff14@example.com,5506.2,paid,2025-11-21,TN-MAT-001;TN-STAND-001;TN-LIGHT-001
omaja.badami331@example.com,1389.64,paid,2025-11-21,TN-STAND-001
benjamin.barad351@example.com,2999.0,paid,2025-11-21,TN-HEADSET-001
xavier.sani481@example.com,1519.05,paid,2025-11-21,TN-HUB-001
elijah.luthra125@example.com,4249.15,cancelled,2025-11-21,TN-SSD-001
damyanti.sahni329@example.com,6298.2,paid,2025-11-22,TN-KB-001
dhruv.randhawa308@example.com,21397.0,cancelled,2025-11-22,TN-COOL-001;TN-MON-001
yasti.mutti206@example.com,1365.2,paid,2025-11-22,TN-MOUSE-001
rushil.dey142@example.com,9196.0,paid,2025-11-22,TN-COOL-001;TN-CAM-001;TN-HEADSET-001
rayaan.malhotra96@example.com,21087.15,paid,2025-11-22,TN-COOL-001;TN-MON-001;TN-CAM-001
kabir.krishnamurthy240@example.com,39497.0,paid,2025-11-22,TN-MOUSE-001;TN-MON-001
alexander.behl337@example.com,4187.94,paid,2025-11-22,PROMO-GIFTSET-01
isaac.chaudhary241@example.com,38897.0,paid,2025-11-22,TN-MAT-001;TN-MON-001
odika.iyengar407@example.com,1351.76,refunded,2025-11-22,TN-STAND-001
frado.raj146@example.com,2278.1,paid,2025-11-22,TN-MAT-001;TN-MOUSE-001
rajeshri.kapadia478@example.com,994.43,paid,2025-11-22,TN-MAT-001
baljiwan.chadha3@example.com,5698.1,paid,2025-11-22,TN-KB-001;TN-CTRL-001
harshil.vyas82@example.com,5197.0,failed,2025-11-22,TN-CTRL-001;TN-LIGHT-001;TN-MAT-001
tanmayi.boase170@example.com,3058.3,paid,2025-11-23,TN-LIGHT-001
triya.pant28@example.com,4999.0,paid,2025-11-23,TN-SSD-001
baljiwan.chadha3@example.com,1547.85,refunded,2025-11-23,TN-MOUSE-001
amaira.sarin416@example.com,8498.0,cancelled,2025-11-23,TN-SSD-001;TN-KB-001
sathvik.lall373@example.com,9498.1,paid,2025-11-23,TN-SSD-001
xavier.memon147@example.com,4999.0,paid,2025-11-23,TN-SSD-001
gaurang.lad126@example.com,18999.0,pending,2025-11-23,TN-MON-001
watika.buch32@example.com,1529.15,paid,2025-11-23,TN-LIGHT-001
eiravati.pradhan374@example.com,1248.92,paid,2025-11-24,TN-COOL-001
maya.ramakrishnan201@example.com,2499.0,paid,2025-11-24,TN-CTRL-001
harrison.rana326@example.com,1356.79,paid,2025-11-24,TN-STAND-001
banjeet.de363@example.com,14796.0,paid,2025-11-24,TN-SSD-001;TN-KB-001;TN-STAND-001
warda.palan451@example.com,7196.0,paid,2025-11-24,TN-HEADSET-001;TN-STAND-001;TN-HUB-001
dhruv.bandi295@example.com,8998.2,cancelled,2025-11-24,TN-SSD-001
wakeeta.raja174@example.com,2249.1,paid,2025-11-24,TN-CTRL-001
yauvani.gokhale316@example.com,2249.1,paid,2025-11-24,TN-CTRL-001
aishani.apte400@example.com,18999.0,cancelled,2025-11-24,TN-MON-001
nathaniel.kota294@example.com,12821.2,paid,2025-11-24,TN-MOUSE-001;TN-SSD-001;TN-CAM-001
chaman.varty385@example.com,18049.05,pending,2025-11-24,TN-MON-001
indali.salvi272@example.com,1359.15,paid,2025-11-24,TN-HUB-001
vrinda.sama21@example.com,2249.1,paid,2025-11-25,TN-CTRL-001
hemal.sen18@example.com,2499.0,pending,2025-11-25,TN-CTRL-001
urmi.lad67@example.com,5596.0,paid,2025-11-25,TN-MOUSE-001;TN-MAT-001;TN-HUB-001
kiaan.jayaraman395@example.com,2753.1,paid,2025-11-25,TN-HUB-001;TN-STAND-001
oscar.kaur300@example.com,2518.2,paid,2025-11-25,TN-COOL-001;TN-HUB-001
ubika.bains479@example.com,2849.05,paid,2025-11-25,TN-HEADSET-001
saumya.kothari235@example.com,7998.0,paid,2025-11-25,TN-HEADSET-001;TN-SSD-001
faras.murthy22@example.com,1137.1,paid,2025-11-25,TN-COOL-001
yashica.aurora418@example.com,2598.0,paid,2025-11-25,TN-STAND-001
vrishti.cherian490@example.com,2158.2,pending,2025-11-25,TN-COOL-001
faras.garg426@example.com,3810.89,paid,2025-11-25,PROMO-GIFTSET-01
viraj.arora38@example.com,2124.15,refunded,2025-11-25,TN-CTRL-001
falak.gulati470@example.com,2999.0,cancelled,2025-11-25,TN-HEADSET-001
kamya.lanka381@example.com,4998.0,cancelled,2025-11-26,TN-CTRL-001
anika.palan135@example.com,2208.3,paid,2025-11-26,TN-STAND-001
pahal.kuruvilla121@example.com,2278.1,pending,2025-11-26,TN-MOUSE-001;TN-MAT-001
elijah.wason1@example.com,2974.15,paid,2025-11-26,TN-KB-001
chandran.roy209@example.com,1248.65,paid,2025-11-26,TN-STAND-001
alexander.behl337@example.com,6373.3,paid,2025-11-26,TN-CTRL-001;TN-SSD-001
yashica.aurora418@example.com,3868.2,pending,2025-11-26,TN-STAND-001;TN-HEADSET-001
ishanvi.nagar113@example.com,8195.0,paid,2025-11-27,TN-CAM-001;TN-HUB-001;TN-STAND-001
zayan.sani288@example.com,1107.08,paid,2025-11-27,TN-COOL-001
jairaj.memon302@example.com,4999.0,paid,2025-11-27,TN-SSD-001
mohammed.ramachandran161@example.com,4249.15,refunded,2025-11-27,TN-SSD-001
keya.sarkar411@example.com,3058.3,cancelled,2025-11-27,TN-LIGHT-001
falan.johal217@example.com,1359.15,paid,2025-11-27,TN-HUB-001
adweta.parsa189@example.com,5098.3,paid,2025-11-27,TN-HEADSET-001
ekapad.chander24@example.com,1379.78,paid,2025-11-27,TN-STAND-001
chandresh.bahl168@example.com,2499.0,cancelled,2025-11-27,TN-CTRL-001
pratyush.madan120@example.com,1519.05,paid,2025-11-27,TN-HUB-001
mason.koshy350@example.com,4798.0,paid,2025-11-27,TN-STAND-001;TN-KB-001
harrison.rana326@example.com,21373.1,paid,2025-11-27,TN-KB-001;TN-MON-001
urvi.palla80@example.com,3058.3,cancelled,2025-11-27,TN-CAM-001;TN-HUB-001
arya.thakkar155@example.com,724.56,paid,2025-11-28,PROMO-GIFTSET-01
vrinda.sama21@example.com,1594.24,pending,2025-11-28,TN-MOUSE-001
chatura.kala262@example.com,2249.1,paid,2025-11-28,TN-CTRL-001
yauvani.bhatt117@example.com,1567.13,paid,2025-11-28,TN-MOUSE-001
shivansh.puri225@example.com,20787.3,paid,2025-11-28,TN-MON-001;TN-HUB-001;TN-CTRL-001
udant.sundaram260@example.com,1162.96,pending,2025-11-28,TN-STAND-001
yauvani.bhatt117@example.com,1111.21,cancelled,2025-11-28,TN-COOL-001
sanya.shanker358@example.com,4097.0,paid,2025-11-28,TN-MAT-001;TN-CAM-001;TN-COOL-001
falak.rege322@example.com,1289.39,paid,2025-11-28,TN-COOL-001
omaja.badami331@example.com,41396.0,paid,2025-11-28,TN-MON-001;TN-HUB-001;TN-LIGHT-001
bahadurjit.kant387@example.com,4499.1,failed,2025-11-28,TN-SSD-001
pranav.saraf75@example.com,1999.0,paid,2025-11-29,TN-CAM-001
devika.mody133@example.com,5797.0,paid,2025-11-29,TN-CAM-001;TN-LIGHT-001
samar.ahuja333@example.com,1288.09,paid,2025-11-29,TN-COOL-001
rushil.gopal375@example.com,2999.0,paid,2025-11-29,TN-HEADSET-001
manthan.yadav122@example.com,2498.0,paid,2025-11-29,TN-COOL-001;TN-STAND-001
odika.iyengar407@example.com,1421.3,paid,2025-11-29,TN-MOUSE-001
andrew.tiwari137@example.com,18999.0,paid,2025-11-29,TN-MON-001
jyoti.dhingra382@example.com,2699.1,paid,2025-11-29,TN-HEADSET-001
logan85@example.net,17168.3,paid,2025-11-30,TN-MON-001;TN-COOL-001
ssidhu@example.net,2998.0,paid,2025-11-30,TN-MOUSE-001
anika.palan135@example.com,4998.0,pending,2025-11-30,TN-CTRL-001
eiravati.khare222@example.com,4749.05,paid,2025-11-30,TN-SSD-001
anika.rout328@example.com,5862.45,cancelled,2025-11-30,TN-MAT-001;TN-KB-001;TN-CTRL-001
lakshit.mangat210@example.com,2998.0,paid,2025-11-30,TN-LIGHT-001;TN-COOL-001
elijah.raman234@example.com,41996.0,paid,2025-11-30,TN-MON-001;TN-CAM-001
zarna.peri61@example.com,1357.95,paid,2025-11-30,TN-MOUSE-001
faras.garg426@example.com,1317.64,paid,2025-11-30,TN-STAND-001
xavier.memon147@example.com,3238.2,paid,2025-11-30,TN-LIGHT-001
eiravati.khare222@example.com,4017.03,pending,2025-11-30,PROMO-GIFTSET-01
darpan.gour264@example.com,979.25,paid,2025-11-30,TN-MAT-001
elijah.luthra125@example.com,953.08,paid,2025-12-01,TN-MAT-001
samesh.jani434@example.com,1599.0,paid,2025-12-01,TN-HUB-001
ladli.yadav422@example.com,2499.0,failed,2025-12-01,TN-CTRL-001
leena.narula116@example.com,23998.0,paid,2025-12-01,TN-SSD-001;TN-MON-001
bimala.sehgal134@example.com,4998.0,cancelled,2025-12-01,TN-CTRL-001
mekhala.chakraborty338@example.com,2249.1,paid,2025-12-01,TN-CTRL-001
kai.bassi130@example.com,9196.0,failed,2025-12-01,TN-CAM-001;TN-HEADSET-001;TN-COOL-001
amaira.sarin416@example.com,2499.0,paid,2025-12-01,TN-CTRL-001
imaran.edwin131@example.com,953.83,paid,2025-12-01,TN-MAT-001
fariq.gandhi266@example.com,1619.1,paid,2025-12-01,TN-LIGHT-001
anvi.shan371@example.com,1359.15,paid,2025-12-01,TN-HUB-001
rishi.kashyap257@example.com,2549.15,paid,2025-12-01,TN-HEADSET-001
udant.sundaram260@example.com,1899.05,paid,2025-12-01,TN-CAM-001
akshay.bobal144@example.com,1359.15,paid,2025-12-01,TN-HUB-001
ganga.bumb383@example.com,1899.05,paid,2025-12-01,TN-CAM-001
vaishnavi.dutt396@example.com,3324.05,paid,2025-12-01,TN-KB-001
pahal.kuruvilla121@example.com,24497.0,paid,2025-12-01,TN-HEADSET-001;TN-MON-001;TN-CTRL-001
ishwar.wali378@example.com,18049.05,paid,2025-12-01,TN-MON-001
yamini.bir255@example.com,1699.15,paid,2025-12-01,TN-CAM-001
mohammed.pau107@example.com,2968.2,paid,2025-12-01,TN-CAM-001;TN-STAND-001
veda.bhatnagar325@example.com,3499.0,cancelled,2025-12-01,TN-KB-001
bina.varty181@example.com,1587.88,paid,2025-12-01,TN-MOUSE-001
urvashi.goswami347@example.com,19188.1,paid,2025-12-01,TN-COOL-001;TN-MON-001
praneel.bajaj356@example.com,1595.47,failed,2025-12-01,TN-MOUSE-001
eta.chakraborty123@example.com,1599.0,paid,2025-12-02,TN-HUB-001
dev.nori282@example.com,5697.0,paid,2025-12-02,TN-HEADSET-001;TN-MAT-001;TN-LIGHT-001
udant.sundaram260@example.com,2699.1,refunded,2025-12-02,TN-HEADSET-001
veer.karnik482@example.com,1528.3,paid,2025-12-02,TN-MAT-001
aishani.apte400@example.com,11207.15,paid,2025-12-02,TN-SSD-001;TN-LIGHT-001
aarna.jaggi223@example.com,2499.0,paid,2025-12-02,TN-CTRL-001
kala.nagar41@example.com,1233.12,paid,2025-12-02,TN-STAND-001
triya.pant28@example.com,5297.0,paid,2025-12-02,TN-KB-001;TN-MAT-001
amaira.sarin416@example.com,3499.0,refunded,2025-12-02,TN-KB-001
samaksh.sem102@example.com,8998.2,pending,2025-12-02,TN-SSD-001
triveni.gaba336@example.com,5476.69,paid,2025-12-03,PROMO-GIFTSET-01
wakeeta.raja174@example.com,5792.15,paid,2025-12-03,TN-HEADSET-001;TN-LIGHT-001;TN-STAND-001
leena.narula116@example.com,692.85,paid,2025-12-03,PROMO-GIFTSET-01
mekhala.chakraborty338@example.com,1799.0,paid,2025-12-03,TN-LIGHT-001
eshana.tiwari99@example.com,5498.0,paid,2025-12-03,TN-HEADSET-001;TN-CTRL-001
gabriel.sami457@example.com,2499.0,paid,2025-12-03,TN-CTRL-001
panini.prabhakar251@example.com,26122.15,paid,2025-12-03,TN-KB-001;TN-MON-001;TN-SSD-001
veda.bhatnagar325@example.com,20517.3,failed,2025-12-03,TN-CAM-001;TN-MON-001;TN-LIGHT-001
adweta.parsa189@example.com,14196.0,pending,2025-12-03,TN-SSD-001;TN-COOL-001;TN-HEADSET-001
veda.muni55@example.com,16913.3,paid,2025-12-03,TN-MON-001;TN-MAT-001
abha.keer419@example.com,1599.0,paid,2025-12-04,TN-HUB-001
laksh.sani34@example.com,1619.1,paid,2025-12-04,TN-LIGHT-001
ati.loyal303@example.com,3897.0,paid,2025-12-04,TN-MAT-001;TN-MOUSE-001
ikbal.tandon259@example.com,4999.0,paid,2025-12-04,TN-SSD-001
ubika.bains479@example.com,1197.26,paid,2025-12-04,TN-COOL-001
adya.sangha459@example.com,3499.0,paid,2025-12-04,TN-KB-001
ayaan.krishnamurthy84@example.com,1207.86,paid,2025-12-04,TN-COOL-001
ayaan.krishnamurthy84@example.com,996.01,paid,2025-12-05,TN-MAT-001
adweta.nadig284@example.com,942.16,paid,2025-12-05,TN-MAT-001
jyoti.dhingra382@example.com,5726.53,failed,2025-12-05,PROMO-GIFTSET-01
girish.rattan456@example.com,1999.0,failed,2025-12-05,TN-CAM-001
ladli.kaur460@example.com,2249.1,cancelled,2025-12-05,TN-CTRL-001
janya.kashyap191@example.com,2157.02,paid,2025-12-05,PROMO-GIFTSET-01
balveer.agarwal238@example.com,2699.1,paid,2025-12-06,TN-HEADSET-001
charvi.date343@example.com,6298.0,paid,2025-12-06,TN-STAND-001;TN-SSD-001
chandran.roy209@example.com,2398.0,paid,2025-12-06,TN-MOUSE-001;TN-MAT-001
pranav.saraf75@example.com,3298.0,pending,2025-12-06,TN-MOUSE-001;TN-LIGHT-001
aarini.ravel480@example.com,18999.0,cancelled,2025-12-06,TN-MON-001
frado.joshi298@example.com,3298.0,refunded,2025-12-06,TN-CAM-001;TN-STAND-001
faras.garg426@example.com,4228.2,paid,2025-12-06,TN-COOL-001;TN-KB-001
samesh.kashyap173@example.com,1128.76,refunded,2025-12-06,TN-COOL-001
veda.bhatnagar325@example.com,5948.3,paid,2025-12-06,TN-KB-001
zaid.sandal354@example.com,7998.0,paid,2025-12-06,TN-SSD-001;TN-HEADSET-001
charita.vohra17@example.com,4998.0,paid,2025-12-06,TN-CAM-001;TN-HEADSET-001
nathaniel.bhardwaj405@example.com,3998.0,paid,2025-12-07,TN-MOUSE-001;TN-CTRL-001
chanakya.mand203@example.com,1599.0,paid,2025-12-07,TN-HUB-001
chakrika.kalla417@example.com,2123.3,paid,2025-12-07,TN-HUB-001;TN-MAT-001
henry.puri167@example.com,7797.0,cancelled,2025-12-07,TN-CTRL-001;TN-KB-001;TN-LIGHT-001
ikbal.chhabra475@example.com,2849.05,pending,2025-12-07,TN-HEADSET-001
dayamai.kamdar152@example.com,20423.1,paid,2025-12-07,TN-CTRL-001;TN-MON-001
upkaar.cheema413@example.com,2803.3,paid,2025-12-07,TN-MOUSE-001;TN-LIGHT-001
imaran.hari367@example.com,2999.0,cancelled,2025-12-07,TN-HEADSET-001
maya.ramakrishnan201@example.com,3499.0,paid,2025-12-07,TN-KB-001
pratyush.madan120@example.com,2124.15,paid,2025-12-07,TN-CTRL-001
ekiya.patla277@example.com,2999.0,paid,2025-12-07,TN-HEADSET-001
bsundaram@example.net,4897.0,paid,2025-12-08,TN-MAT-001;TN-CAM-001
urvi.palla80@example.com,1378.17,paid,2025-12-08,TN-STAND-001
anika.palan135@example.com,7374.6,paid,2025-12-08,TN-COOL-001;TN-CAM-001;TN-MAT-001
krisha.mutti196@example.com,4697.0,paid,2025-12-08,TN-MOUSE-001;TN-HUB-001
veda.bhatnagar325@example.com,2499.0,paid,2025-12-08,TN-CTRL-001
madhavpandit@example.net,4698.0,paid,2025-12-08,TN-KB-001;TN-COOL-001
tara.sastry115@example.com,888.7,paid,2025-12-08,TN-MAT-001
janaki.din59@example.com,1999.0,paid,2025-12-08,TN-CAM-001
pranit.kohli16@example.com,2999.0,paid,2025-12-08,TN-HEADSET-001
nachiket.kota468@example.com,2378.3,paid,2025-12-08,TN-HUB-001;TN-COOL-001
viraj.arora38@example.com,2249.1,pending,2025-12-08,TN-CTRL-001
henry.bora297@example.com,1599.0,paid,2025-12-08,TN-HUB-001
ronith.raman332@example.com,1799.0,paid,2025-12-08,TN-LIGHT-001
falak.anne489@example.com,2998.0,paid,2025-12-08,TN-MOUSE-001
mekhala.chakraborty338@example.com,2798.0,paid,2025-12-09,TN-STAND-001;TN-MOUSE-001
falak.gulati470@example.com,18049.05,paid,2025-12-09,TN-MON-001
sathvik.lall373@example.com,6837.15,cancelled,2025-12-09,TN-SSD-001;TN-STAND-001;TN-MAT-001
zaid.lata205@example.com,2124.15,refunded,2025-12-09,TN-CTRL-001
oscar.kaur300@example.com,5697.15,paid,2025-12-09,TN-COOL-001;TN-HEADSET-001;TN-LIGHT-001
daksh.dhingra261@example.com,6598.0,paid,2025-12-09,TN-HUB-001;TN-SSD-001
omaja.sharma301@example.com,2498.0,paid,2025-12-09,TN-HUB-001;TN-MAT-001
charan.mangal204@example.com,1197.34,paid,2025-12-09,TN-COOL-001
kashvi.narula269@example.com,3898.0,paid,2025-12-09,TN-HEADSET-001;TN-MAT-001
onkar.datta78@example.com,977.38,refunded,2025-12-09,TN-MAT-001
warda.ramaswamy140@example.com,6648.1,cancelled,2025-12-09,TN-KB-001
krisha.mutti196@example.com,2999.0,paid,2025-12-10,TN-HEADSET-001
tejas.mani30@example.com,5298.0,cancelled,2025-12-10,TN-KB-001;TN-LIGHT-001
devika.parikh330@example.com,2525.31,pending,2025-12-10,OLD-BUNDLE-2024
vaishnavi.shroff287@example.com,2974.15,paid,2025-12-10,TN-KB-001
nicholas.choudhary47@example.com,5098.0,failed,2025-12-10,TN-HUB-001;TN-KB-001
kashvi.narula269@example.com,4587.45,paid,2025-12-10,TN-HEADSET-001;TN-MAT-001;TN-MOUSE-001
elijah.raman234@example.com,984.79,paid,2025-12-11,TN-MAT-001
jasmit.bhardwaj2@example.com,3418.1,paid,2025-12-11,TN-HUB-001;TN-CAM-001
hamsini.rao198@example.com,3499.0,paid,2025-12-11,TN-KB-001
owen.oommen221@example.com,1599.0,paid,2025-12-11,TN-HUB-001
rayaan.goyal267@example.com,2158.2,pending,2025-12-11,TN-MAT-001;TN-MOUSE-001
ikbal.chhabra475@example.com,18999.0,paid,2025-12-11,TN-MON-001
ronith.raman332@example.com,2463.3,paid,2025-12-11,TN-STAND-001;TN-HUB-001
rachana.muni231@example.com,4367.15,paid,2025-12-11,TN-STAND-001;TN-CAM-001
vrishti.shroff357@example.com,5998.0,paid,2025-12-11,TN-HEADSET-001
damyanti.bhakta248@example.com,1799.0,failed,2025-12-12,TN-LIGHT-001
aishani.apte400@example.com,2999.0,paid,2025-12-12,TN-HEADSET-001
gabriel.sami457@example.com,1439.1,paid,2025-12-12,TN-HUB-001
adya.sangha459@example.com,5298.0,pending,2025-12-12,TN-LIGHT-001;TN-KB-001
yashoda.mammen190@example.com,1580.56,failed,2025-12-12,TN-MOUSE-001
ikbal.chhabra475@example.com,1799.0,cancelled,2025-12-12,TN-LIGHT-001
jonathan.wali461@example.com,4748.1,paid,2025-12-12,TN-CTRL-001
dev.bhasin12@example.com,4999.0,paid,2025-12-12,TN-SSD-001
chaman.varty385@example.com,1383.41,paid,2025-12-12,TN-STAND-001
gavin.gade327@example.com,1709.05,paid,2025-12-13,TN-LIGHT-001
saumya.kothari235@example.com,1540.53,failed,2025-12-13,TN-MOUSE-001
jalsa.sangha202@example.com,1799.0,refunded,2025-12-13,TN-LIGHT-001
saumya.kothari235@example.com,1899.05,paid,2025-12-13,TN-CAM-001
zehaan.pradhan200@example.com,3324.05,paid,2025-12-13,TN-KB-001
jasmit.bhardwaj2@example.com,4558.1,paid,2025-12-13,TN-STAND-001;TN-KB-001
jagdish.ganesh216@example.com,18999.0,paid,2025-12-13,TN-MON-001
devansh.mital409@example.com,3598.0,refunded,2025-12-13,TN-LIGHT-001
vyanjana.mani368@example.com,9998.0,paid,2025-12-13,TN-SSD-001
kiaan.jayaraman395@example.com,1709.05,failed,2025-12-13,TN-LIGHT-001
daksh.dhingra261@example.com,3499.0,paid,2025-12-14,TN-KB-001
tara.sastry115@example.com,4998.0,paid,2025-12-14,TN-HEADSET-001;TN-CAM-001
vidhi.gaba110@example.com,1173.58,paid,2025-12-14,TN-STAND-001
darpan.gour264@example.com,4588.2,cancelled,2025-12-14,TN-HUB-001;TN-KB-001
ekiya.konda151@example.com,3418.1,paid,2025-12-14,TN-LIGHT-001
chanchal.chand60@example.com,2848.1,cancelled,2025-12-14,TN-COOL-001;TN-LIGHT-001
ubika.bains479@example.com,4367.15,pending,2025-12-15,TN-CAM-001;TN-STAND-001
lila.kadakia187@example.com,1599.0,paid,2025-12-15,TN-HUB-001
guneet.tripathi97@example.com,5197.0,paid,2025-12-15,TN-CAM-001;TN-HUB-001
bakhshi.shetty280@example.com,1397.1,paid,2025-12-15,TN-STAND-001
pranav.saraf75@example.com,1599.0,paid,2025-12-15,TN-HUB-001
vasudha.agarwal72@example.com,9601.6,paid,2025-12-15,TN-SSD-001;TN-STAND-001;TN-CTRL-001
libni.palan27@example.com,10885.5,paid,2025-12-15,TN-CTRL-001;TN-KB-001;TN-STAND-001
samesh.kashyap173@example.com,3148.2,failed,2025-12-15,TN-CAM-001;TN-MOUSE-001
frado.raj146@example.com,1799.1,paid,2025-12-15,TN-CAM-001
chaman.varty385@example.com,1799.0,paid,2025-12-16,TN-LIGHT-001
warda.doctor162@example.com,4999.0,pending,2025-12-16,TN-SSD-001
yahvi.wadhwa228@example.com,2374.05,paid,2025-12-16,TN-CTRL-001
lakshit.mangat210@example.com,892.9,paid,2025-12-16,TN-MAT-001
rushil.dey142@example.com,1699.15,paid,2025-12-16,TN-CAM-001
damyanti.bhakta248@example.com,2378.3,paid,2025-12-16,TN-MOUSE-001;TN-STAND-001
chaitaly.nagar438@example.com,1350.02,pending,2025-12-16,TN-MOUSE-001
raagini.gade145@example.com,1595.35,paid,2025-12-16,TN-MOUSE-001
benjamin.deol166@example.com,7696.0,paid,2025-12-16,TN-COOL-001;TN-MOUSE-001;TN-CTRL-001
charvi.date343@example.com,1999.0,paid,2025-12-16,TN-CAM-001
ijaya.mander340@example.com,22798.1,paid,2025-12-17,TN-MON-001;TN-SSD-001
frado.joshi298@example.com,4499.1,paid,2025-12-17,TN-SSD-001
bakhshi.shetty280@example.com,6998.0,pending,2025-12-17,TN-KB-001
chaitanya.bhatia403@example.com,3499.0,cancelled,2025-12-17,TN-KB-001
jalsa.sangha202@example.com,4077.45,paid,2025-12-17,TN-MOUSE-001;TN-STAND-001;TN-CAM-001
charles.chaudry48@example.com,3499.0,refunded,2025-12-17,TN-KB-001
shravya.naik463@example.com,1352.29,paid,2025-12-17,TN-STAND-001
urvi.palla80@example.com,8498.0,paid,2025-12-17,TN-KB-001;TN-SSD-001
ayaan.krishnamurthy84@example.com,4249.15,refunded,2025-12-18,TN-SSD-001
benjamin.deol166@example.com,2848.1,paid,2025-12-18,TN-MOUSE-001
ryan.venkataraman492@example.com,10897.0,failed,2025-12-18,TN-SSD-001;TN-MAT-001
rushil.brahmbhatt176@example.com,4597.0,paid,2025-12-18,TN-LIGHT-001;TN-MOUSE-001;TN-STAND-001
rishi.tara249@example.com,5298.0,cancelled,2025-12-18,TN-LIGHT-001;TN-KB-001
owen.oommen221@example.com,3499.0,paid,2025-12-18,TN-KB-001
ubika.bains479@example.com,2249.1,paid,2025-12-18,TN-CTRL-001
ishani.kapoor62@example.com,2198.0,failed,2025-12-19,TN-MAT-001;TN-STAND-001
bahadurjit.arora477@example.com,4499.1,paid,2025-12-19,TN-SSD-001
abha.ravi214@example.com,3499.0,paid,2025-12-19,TN-KB-001
maanav.bassi163@example.com,1267.03,paid,2025-12-19,TN-COOL-001
ayaan.bhatnagar98@example.com,7097.0,paid,2025-12-19,TN-CTRL-001;TN-HEADSET-001;TN-HUB-001
krisha.ganguly377@example.com,4999.0,paid,2025-12-19,TN-SSD-001
sathvik.lall373@example.com,2549.15,paid,2025-12-19,TN-HEADSET-001
kai.bassi130@example.com,2608.2,cancelled,2025-12-19,TN-HUB-001;TN-STAND-001
gabriel.randhawa76@example.com,1395.32,paid,2025-12-19,TN-STAND-001
odika.iyengar407@example.com,23651.2,paid,2025-12-19,TN-CTRL-001;TN-MAT-001;TN-MON-001
urvi.das53@example.com,2499.0,paid,2025-12-19,TN-CTRL-001
pranit.kohli16@example.com,1999.0,failed,2025-12-20,TN-CAM-001
vihaan.sen312@example.com,3149.1,failed,2025-12-20,TN-KB-001
nicholas.choudhary47@example.com,6498.0,paid,2025-12-20,TN-MOUSE-001;TN-SSD-001
finn.kurian250@example.com,3822.45,paid,2025-12-20,TN-MOUSE-001;TN-COOL-001;TN-LIGHT-001
oni.dhawan9@example.com,18049.05,cancelled,2025-12-20,TN-MON-001
saumya.ratti33@example.com,1366.21,paid,2025-12-20,TN-STAND-001
elijah.dalal19@example.com,1619.1,paid,2025-12-20,TN-LIGHT-001
vasudha.murty344@example.com,6798.0,paid,2025-12-20,TN-LIGHT-001;TN-SSD-001
dayamai.sankaran274@example.com,5086.27,pending,2025-12-20,PROMO-GIFTSET-01
gavin.gade327@example.com,3798.0,paid,2025-12-20,TN-CAM-001;TN-LIGHT-001
jairaj.memon302@example.com,2463.3,paid,2025-12-20,TN-CAM-001;TN-MAT-001
janya.kashyap191@example.com,2788.2,paid,2025-12-20,TN-HUB-001;TN-MOUSE-001
alexander.behl337@example.com,1708.1,failed,2025-12-20,TN-MAT-001
jairaj.setty128@example.com,6172.15,paid,2025-12-21,TN-CAM-001;TN-CTRL-001
rohan.arora199@example.com,899.29,paid,2025-12-21,TN-MAT-001
lila.kadakia187@example.com,1599.0,paid,2025-12-21,TN-HUB-001
elijah.raman234@example.com,17908.2,paid,2025-12-21,TN-MAT-001;TN-MON-001
rajeshri.kapadia478@example.com,4368.1,cancelled,2025-12-21,TN-HEADSET-001;TN-HUB-001
turvi.khanna466@example.com,2499.0,paid,2025-12-21,TN-CTRL-001
elijah.dalal19@example.com,996.99,paid,2025-12-21,TN-MAT-001
dev.bhasin12@example.com,7498.0,paid,2025-12-21,TN-SSD-001;TN-CTRL-001
jhalak.sekhon355@example.com,5606.6,paid,2025-12-21,TN-MOUSE-001;TN-CTRL-001;TN-STAND-001
matthew.shroff79@example.com,4516.25,paid,2025-12-21,OLD-BUNDLE-2024
chatura.thaman365@example.com,3098.0,paid,2025-12-21,TN-LIGHT-001;TN-STAND-001
thomas.sethi218@example.com,1999.0,refunded,2025-12-21,TN-CAM-001
owen.trivedi408@example.com,932.95,paid,2025-12-22,TN-MAT-001
saumya.ratti33@example.com,4998.0,pending,2025-12-22,TN-CTRL-001
baljiwan.chadha3@example.com,2999.0,pending,2025-12-22,TN-HEADSET-001
osha.patil253@example.com,3499.0,paid,2025-12-22,TN-KB-001
benjamin.deol166@example.com,3499.0,cancelled,2025-12-22,TN-KB-001
vihaan.dora36@example.com,1978.2,paid,2025-12-23,TN-MAT-001;TN-STAND-001
urmi.sachdeva212@example.com,1169.99,cancelled,2025-12-23,TN-COOL-001
dev.nori282@example.com,2398.0,paid,2025-12-23,TN-COOL-001
zehaan.pradhan200@example.com,1291.55,paid,2025-12-23,TN-COOL-001
mekhala.bawa7@example.com,303.86,pending,2025-12-23,OLD-BUNDLE-2024
jairaj.setty128@example.com,3238.2,paid,2025-12-23,TN-LIGHT-001
baghyawati.mishra213@example.com,3143.3,paid,2025-12-23,TN-COOL-001;TN-CTRL-001
imaran.buch454@example.com,4998.0,pending,2025-12-23,TN-CTRL-001
ayaan.krishnamurthy84@example.com,16149.15,paid,2025-12-23,TN-MON-001
tejas.mani30@example.com,37998.0,paid,2025-12-23,TN-MON-001
ishani.kapoor62@example.com,17099.1,paid,2025-12-23,TN-MON-001
watika.wali13@example.com,2698.0,refunded,2025-12-24,TN-MOUSE-001;TN-COOL-001
leela.parmer349@example.com,2974.15,paid,2025-12-24,TN-KB-001
owen.oommen221@example.com,4999.0,failed,2025-12-24,TN-SSD-001
urmi.lad67@example.com,17099.1,paid,2025-12-24,TN-MON-001
omaja.sharma301@example.com,40497.0,failed,2025-12-24,TN-MON-001;TN-CTRL-001
chandran.datta211@example.com,23196.0,paid,2025-12-24,TN-HUB-001;TN-MON-001;TN-STAND-001
udant.hayer63@example.com,1285.71,paid,2025-12-24,TN-COOL-001
nathaniel.narain420@example.com,1798.0,paid,2025-12-24,TN-MAT-001
garima.agarwal197@example.com,2549.15,paid,2025-12-24,TN-HEADSET-001
pallavi.lal439@example.com,4999.0,paid,2025-12-24,TN-SSD-001
omaja.sharma301@example.com,4767.3,failed,2025-12-24,TN-STAND-001;TN-CTRL-001;TN-MOUSE-001
gautami.lall415@example.com,4999.0,paid,2025-12-24,TN-SSD-001
owen.oommen221@example.com,2999.0,paid,2025-12-25,TN-HEADSET-001
vrishti.lalla169@example.com,5127.3,paid,2025-12-25,TN-CTRL-001;TN-HUB-001
damini.salvi353@example.com,5098.0,refunded,2025-12-25,TN-KB-001;TN-HUB-001
benjamin.deol166@example.com,20398.3,paid,2025-12-25,TN-MON-001;TN-SSD-001
amara.mitra467@example.com,1529.15,paid,2025-12-25,TN-LIGHT-001
charvi.date343@example.com,20198.0,cancelled,2025-12-25,TN-COOL-001;TN-MON-001
ekiya.konda151@example.com,6268.1,paid,2025-12-25,TN-SSD-001;TN-HUB-001
panini.prabhakar251@example.com,2498.0,paid,2025-12-25,TN-STAND-001;TN-COOL-001
ssidhu@example.net,4999.0,paid,2025-12-25,TN-SSD-001
chandran.datta211@example.com,1799.0,paid,2025-12-25,TN-LIGHT-001
triveni.mallick245@example.com,4999.0,paid,2025-12-25,TN-SSD-001
wridesh.sangha105@example.com,1495.56,paid,2025-12-25,TN-MOUSE-001
rajata.venkataraman444@example.com,9596.0,paid,2025-12-26,TN-KB-001;TN-STAND-001
ikbal.shankar237@example.com,2999.0,cancelled,2025-12-26,TN-HEADSET-001
david.kurian281@example.com,1529.15,paid,2025-12-26,TN-LIGHT-001
sanya.shanker358@example.com,2499.0,failed,2025-12-26,TN-CTRL-001
viraj.arora38@example.com,5997.0,paid,2025-12-26,TN-HUB-001;TN-KB-001;TN-MAT-001
ishani.kapoor62@example.com,3513.1,pending,2025-12-26,TN-CTRL-001;TN-COOL-001
abhiram.mitter290@example.com,3198.0,paid,2025-12-26,TN-HUB-001
adya.patla150@example.com,2699.1,paid,2025-12-26,TN-HEADSET-001
frado.raj146@example.com,1592.51,paid,2025-12-26,TN-MOUSE-001
aishani.apte400@example.com,1999.0,paid,2025-12-26,TN-CAM-001
darika.kala425@example.com,18999.0,paid,2025-12-26,TN-MON-001
mohammed.ramachandran161@example.com,8997.0,pending,2025-12-27,TN-HEADSET-001;TN-KB-001;TN-CTRL-001
kai.bassi130@example.com,7223.3,paid,2025-12-27,TN-SSD-001;TN-KB-001
benjamin.devi430@example.com,2499.0,cancelled,2025-12-27,TN-CTRL-001
rishi.tara249@example.com,3098.0,pending,2025-12-27,TN-STAND-001;TN-LIGHT-001
jyoti.dhingra382@example.com,9497.15,paid,2025-12-27,TN-KB-001;TN-HEADSET-001
darsh.sunder179@example.com,1573.24,paid,2025-12-27,TN-MOUSE-001
gavin.gade327@example.com,1519.05,paid,2025-12-27,TN-HUB-001
triveni.mallick245@example.com,6198.0,paid,2025-12-27,TN-SSD-001;TN-COOL-001
mason.koshy350@example.com,5098.0,refunded,2025-12-27,TN-HUB-001;TN-KB-001
kai.bassi130@example.com,5998.0,paid,2025-12-27,TN-HEADSET-001
watika.buch32@example.com,3726.24,paid,2025-12-27,PROMO-GIFTSET-01
bahadurjit.arora477@example.com,1469.44,paid,2025-12-27,TN-MOUSE-001
ayaan.krishnamurthy84@example.com,1519.05,paid,2025-12-27,TN-HUB-001
rushil.gopal375@example.com,3499.0,paid,2025-12-27,TN-KB-001
nitara.rajagopal224@example.com,5998.0,paid,2025-12-28,TN-HEADSET-001
dayamai.kamdar152@example.com,2498.0,paid,2025-12-28,TN-MAT-001;TN-HUB-001
nathaniel.bhardwaj405@example.com,3324.05,paid,2025-12-28,TN-KB-001
yamini.bir255@example.com,2499.0,paid,2025-12-28,TN-CTRL-001
nathaniel.narain420@example.com,8072.15,pending,2025-12-28,TN-HEADSET-001;TN-CTRL-001
imaran.buch454@example.com,2974.15,paid,2025-12-28,TN-KB-001
naksh.sampath334@example.com,4998.0,paid,2025-12-28,TN-MOUSE-001;TN-KB-001
rudra.ahuja254@example.com,3499.0,paid,2025-12-28,TN-KB-001
sarthak.rai273@example.com,19898.0,paid,2025-12-28,TN-MAT-001;TN-MON-001
jatin.kapoor6@example.com,1439.1,paid,2025-12-29,TN-HUB-001
falak.rege322@example.com,18999.0,paid,2025-12-29,TN-MON-001
ayaan.krishnamurthy84@example.com,2038.3,paid,2025-12-29,TN-COOL-001
ssidhu@example.net,1799.0,paid,2025-12-29,TN-LIGHT-001
victor.chada165@example.com,3228.1,refunded,2025-12-29,TN-MAT-001;TN-CTRL-001
matthew.shroff79@example.com,1899.05,paid,2025-12-29,TN-CAM-001
leela.parmer349@example.com,1348.11,paid,2025-12-29,TN-MOUSE-001
vidhi.gaba110@example.com,8495.0,paid,2025-12-29,TN-HUB-001;TN-CAM-001;TN-STAND-001
yashica.aurora418@example.com,5127.15,paid,2025-12-29,TN-HEADSET-001;TN-COOL-001
leela.swaminathan342@example.com,1390.71,paid,2025-12-29,TN-STAND-001
raagini.gade145@example.com,928.37,paid,2025-12-29,TN-MAT-001
samuel.rama476@example.com,6598.0,paid,2025-12-30,TN-SSD-001;TN-HUB-001
harsh.agrawal311@example.com,6836.2,paid,2025-12-30,TN-CAM-001;TN-LIGHT-001;TN-HUB-001
nathaniel.bhardwaj405@example.com,1241.53,paid,2025-12-30,TN-COOL-001
devika.mody133@example.com,3898.0,paid,2025-12-30,TN-HEADSET-001;TN-MAT-001
jyoti.dhingra382@example.com,2699.1,paid,2025-12-30,TN-HEADSET-001
anita.nayak283@example.com,4498.0,paid,2025-12-30,TN-CTRL-001;TN-CAM-001
chaitanya.bhatia403@example.com,18999.0,paid,2025-12-30,TN-MON-001
falan.johal217@example.com,7397.0,refunded,2025-12-30,TN-COOL-001;TN-SSD-001
gaurang.lad126@example.com,7498.0,paid,2025-12-30,TN-CTRL-001;TN-SSD-001
ganga.bumb383@example.com,3499.0,paid,2025-12-30,TN-KB-001
chakrika.kalla417@example.com,2974.15,paid,2025-12-30,TN-KB-001
leela.parmer349@example.com,20298.0,refunded,2025-12-30,TN-MON-001;TN-STAND-001
inaya.sawhney401@example.com,4999.0,failed,2025-12-30,TN-SSD-001
harrison.rana326@example.com,2999.0,paid,2025-12-30,TN-HEADSET-001
ishanvi.nagar113@example.com,1491.73,paid,2025-12-31,TN-MOUSE-001
lipika.chadha345@example.com,1344.54,paid,2025-12-31,TN-MOUSE-001
nimrat.vasa488@example.com,1799.0,paid,2025-12-31,TN-LIGHT-001
zaitra.bajaj58@example.com,2293.3,paid,2025-12-31,TN-COOL-001;TN-MOUSE-001
kashvi.narula269@example.com,1709.05,paid,2025-12-31,TN-LIGHT-001
pallavi.lal439@example.com,1709.05,failed,2025-12-31,TN-LIGHT-001
vincent.barad414@example.com,1799.0,refunded,2025-12-31,TN-LIGHT-001
kevin.suresh390@example.com,3058.3,cancelled,2025-12-31,TN-LIGHT-001
azad.muni268@example.com,2249.1,failed,2025-12-31,TN-CTRL-001
omya.boase4@example.com,1145.01,refunded,2025-12-31,TN-STAND-001
kashish.sekhon276@example.com,1066.77,paid,2025-12-31,TN-COOL-001
warinder.narang291@example.com,5887.15,paid,2025-12-31,TN-LIGHT-001;TN-MAT-001;TN-KB-001
chaman.varty385@example.com,3998.0,paid,2025-12-31,TN-CAM-001
saksham.mani448@example.com,2698.0,paid,2025-12-31,TN-COOL-001;TN-MOUSE-001
aachal.thakkar372@example.com,4499.1,paid,2025-12-31,TN-SSD-001
krisha.ganguly377@example.com,4797.0,cancelled,2025-12-31,TN-MOUSE-001;TN-LIGHT-001
falan.lanka172@example.com,5998.0,paid,2025-12-31,TN-HEADSET-001
waida.bandi252@example.com,4198.0,paid,2026-01-01,TN-HEADSET-001;TN-COOL-001
lipika.iyengar74@example.com,1286.09,paid,2026-01-01,TN-COOL-001
osalvi@example.net,4198.0,paid,2026-01-01,TN-COOL-001;TN-HEADSET-001
owen.oommen221@example.com,2998.0,paid,2026-01-01,TN-LIGHT-001;TN-COOL-001
qasim.muni323@example.com,5698.1,paid,2026-01-01,TN-CTRL-001;TN-KB-001
dhriti.lad484@example.com,18999.0,paid,2026-01-01,TN-MON-001
sarthak.puri51@example.com,18999.0,pending,2026-01-01,TN-MON-001
sathvik.lall373@example.com,1322.26,paid,2026-01-01,TN-STAND-001
advik.hegde406@example.com,4673.3,paid,2026-01-01,TN-HEADSET-001;TN-CTRL-001
hkala@example.org,1590.07,paid,2026-01-02,TN-MOUSE-001
leela.parmer349@example.com,5037.3,paid,2026-01-02,TN-STAND-001;TN-CTRL-001;TN-LIGHT-001
gabriel.sami457@example.com,3797.0,cancelled,2026-01-02,TN-CAM-001;TN-MAT-001
falak.gulati470@example.com,18049.05,paid,2026-01-02,TN-MON-001
vasatikaagate@example.net,1599.0,paid,2026-01-02,TN-HUB-001
lucky.sagar263@example.com,2499.0,failed,2026-01-02,TN-CTRL-001
ssidhu@example.net,2158.2,refunded,2026-01-02,TN-MOUSE-001;TN-MAT-001
watika.wali13@example.com,3598.0,paid,2026-01-03,TN-LIGHT-001
rajeshri.kapadia478@example.com,4798.0,paid,2026-01-03,TN-STAND-001;TN-KB-001
rishi.kashyap257@example.com,1519.05,paid,2026-01-03,TN-HUB-001
vivaangrewal@example.com,953.48,paid,2026-01-03,TN-MAT-001
jacob.ramakrishnan352@example.com,18999.0,paid,2026-01-04,TN-MON-001
ovyas@example.com,2374.05,refunded,2026-01-04,TN-CTRL-001
wridesh.sangha105@example.com,23998.0,paid,2026-01-04,TN-SSD-001;TN-MON-001
jyoti.dhingra382@example.com,1799.0,paid,2026-01-04,TN-LIGHT-001
leena.ratta230@example.com,4998.0,paid,2026-01-04,TN-CTRL-001
yauvani.hora293@example.com,2997.0,paid,2026-01-04,TN-MAT-001;TN-COOL-001
warda.ramaswamy140@example.com,4999.0,paid,2026-01-04,TN-SSD-001
faris.sethi412@example.com,1040.54,paid,2026-01-04,OLD-BUNDLE-2024
hemangini.sekhon68@example.com,1709.05,pending,2026-01-04,TN-LIGHT-001
chaitanya.bhatia403@example.com,1519.05,paid,2026-01-04,TN-HUB-001
veda.bhatnagar325@example.com,1978.2,failed,2026-01-04,TN-MAT-001;TN-STAND-001
bimala.shanker185@example.com,2548.3,paid,2026-01-05,TN-MOUSE-001
oni32@example.com,1999.0,paid,2026-01-05,TN-CAM-001
riya.mutti104@example.com,1799.0,paid,2026-01-05,TN-LIGHT-001
arya.thakkar155@example.com,17099.1,paid,2026-01-05,TN-MON-001
samesh.jani434@example.com,2608.2,paid,2026-01-05,TN-STAND-001;TN-HUB-001
vasatikaagate@example.net,23998.0,refunded,2026-01-05,TN-SSD-001;TN-MON-001
janya.buch69@example.com,941.93,paid,2026-01-05,TN-MAT-001
hredhaan.edwin428@example.com,849.66,paid,2026-01-06,TN-MAT-001
jatin.kapoor6@example.com,3898.0,paid,2026-01-06,TN-HEADSET-001;TN-MAT-001
sarthak.rai273@example.com,1198.01,paid,2026-01-06,TN-COOL-001
lakshit.mangat210@example.com,1529.15,paid,2026-01-06,TN-LIGHT-001
jatin.kapoor6@example.com,4697.0,paid,2026-01-07,TN-MOUSE-001;TN-CAM-001;TN-COOL-001
oviya.tara299@example.com,3998.0,paid,2026-01-07,TN-CTRL-001;TN-MOUSE-001
maanas.chaudry56@example.com,1348.95,paid,2026-01-07,TN-STAND-001
yashica.kota101@example.com,1798.0,pending,2026-01-07,TN-MAT-001
watika.wali13@example.com,4499.1,paid,2026-01-07,TN-SSD-001
kamya.lanka381@example.com,2249.1,pending,2026-01-07,TN-CTRL-001
yatin.balakrishnan247@example.com,2849.05,paid,2026-01-07,TN-HEADSET-001
rishi.kashyap257@example.com,5897.0,paid,2026-01-07,TN-CTRL-001;TN-MAT-001
hemangini.chad73@example.com,4083.1,paid,2026-01-08,TN-CTRL-001;TN-LIGHT-001
rushil.dey142@example.com,2124.15,cancelled,2026-01-08,TN-CTRL-001
ijaya.narain462@example.com,2468.1,paid,2026-01-08,TN-STAND-001
balveer.agarwal238@example.com,1424.11,paid,2026-01-08,TN-MOUSE-001
leena.ratta230@example.com,1359.15,refunded,2026-01-09,TN-HUB-001
joshua.bali232@example.com,36952.15,pending,2026-01-09,TN-MAT-001;TN-MON-001
ebhardwaj@example.com,825.91,cancelled,2026-01-09,TN-MAT-001
ubika.bains479@example.com,1382.88,paid,2026-01-10,TN-STAND-001
devika.parikh330@example.com,2999.0,paid,2026-01-10,TN-HEADSET-001
falan.johal217@example.com,13485.25,paid,2026-01-10,TN-STAND-001;TN-SSD-001;TN-HUB-001
kamya.jhaveri458@example.com,1439.1,paid,2026-01-11,TN-HUB-001
sarthak.rai273@example.com,1799.1,paid,2026-01-11,TN-CAM-001
devika.parikh330@example.com,44996.0,paid,2026-01-11,TN-MON-001;TN-SSD-001;TN-CAM-001
george.madan229@example.com,3598.0,paid,2026-01-11,TN-LIGHT-001
warda.ramaswamy140@example.com,18999.0,paid,2026-01-11,TN-MON-001
ronith.raman332@example.com,2374.05,paid,2026-01-11,TN-CTRL-001
ekansh.batra431@example.com,3598.0,paid,2026-01-11,TN-LIGHT-001
chatura.thaman365@example.com,6496.0,pending,2026-01-11,TN-LIGHT-001;TN-STAND-001;TN-HUB-001
amaira.sarin416@example.com,37998.0,failed,2026-01-11,TN-MON-001
balvan.jani321@example.com,5197.0,paid,2026-01-11,TN-CTRL-001;TN-COOL-001;TN-MOUSE-001
bsundaram@example.net,3958.2,paid,2026-01-12,TN-MAT-001;TN-KB-001
aachal.thakkar372@example.com,1799.1,paid,2026-01-12,TN-CAM-001
yahvi.wadhwa228@example.com,4998.0,paid,2026-01-12,TN-HEADSET-001;TN-CAM-001
abhiram.mitter290@example.com,3238.2,paid,2026-01-12,TN-CAM-001;TN-HUB-001
damini.salvi353@example.com,1799.0,paid,2026-01-12,TN-LIGHT-001
bina.varty181@example.com,1561.34,paid,2026-01-12,TN-MOUSE-001
balvan.jani321@example.com,1899.05,paid,2026-01-12,TN-CAM-001
frado.joshi298@example.com,2718.3,refunded,2026-01-12,TN-COOL-001;TN-CAM-001
shravya.ravi194@example.com,18999.0,paid,2026-01-12,TN-MON-001
gabriel.randhawa76@example.com,1529.15,paid,2026-01-12,TN-LIGHT-001
zehaan.devan108@example.com,2878.2,failed,2026-01-12,TN-HUB-001
idika.bhagat143@example.com,4499.1,failed,2026-01-12,TN-SSD-001
darika.kala425@example.com,4897.0,paid,2026-01-13,TN-CAM-001;TN-HUB-001;TN-STAND-001
banjeet.de363@example.com,18999.0,refunded,2026-01-13,TN-MON-001
anvi.shan371@example.com,2374.05,paid,2026-01-13,TN-CTRL-001
vrishti.cherian490@example.com,2124.15,cancelled,2026-01-13,TN-CTRL-001
benjamin.deol166@example.com,2999.0,paid,2026-01-13,TN-HEADSET-001
eshana.lad86@example.com,36098.1,refunded,2026-01-13,TN-MON-001
shravya.char398@example.com,6287.45,paid,2026-01-14,TN-COOL-001;TN-SSD-001
jyoti.dhingra382@example.com,1999.0,paid,2026-01-14,TN-CAM-001
saumya.kothari235@example.com,1331.58,paid,2026-01-14,TN-MOUSE-001
falak.rege322@example.com,3398.0,paid,2026-01-14,TN-LIGHT-001;TN-HUB-001
girish.rattan456@example.com,1999.0,failed,2026-01-14,TN-CAM-001
urmi.sachdeva212@example.com,960.68,paid,2026-01-14,TN-MAT-001
yahvi.wadhwa228@example.com,1599.0,paid,2026-01-14,TN-HUB-001
sathvik.lall373@example.com,1439.1,pending,2026-01-14,TN-HUB-001
imaran.buch454@example.com,1993.1,paid,2026-01-14,TN-MAT-001;TN-COOL-001
aarna.jaggi223@example.com,3398.0,paid,2026-01-14,TN-LIGHT-001;TN-HUB-001
gautami.lall415@example.com,4098.0,paid,2026-01-14,TN-CTRL-001;TN-HUB-001
benjamin.ratta348@example.com,3498.0,paid,2026-01-14,TN-MOUSE-001;TN-CAM-001
januja.iyengar432@example.com,993.12,paid,2026-01-14,TN-MAT-001
rayaan.malhotra96@example.com,1373.93,paid,2026-01-15,TN-STAND-001
shravya.ravi194@example.com,22097.0,paid,2026-01-15,TN-MON-001;TN-STAND-001;TN-LIGHT-001
adweta.parsa189@example.com,2499.0,failed,2026-01-15,TN-CTRL-001
nathaniel.narain420@example.com,2378.3,refunded,2026-01-15,TN-HUB-001;TN-COOL-001
benjamin.deol166@example.com,7497.0,paid,2026-01-15,TN-COOL-001;TN-STAND-001;TN-SSD-001
rajata.venkataraman444@example.com,1350.86,paid,2026-01-15,TN-STAND-001
dev.nori282@example.com,6172.15,paid,2026-01-15,TN-CTRL-001;TN-MOUSE-001
isaac.chaudhary241@example.com,2548.3,paid,2026-01-15,TN-MOUSE-001
zehaan.devan108@example.com,9498.1,paid,2026-01-16,TN-SSD-001
urvi.palla80@example.com,4927.45,paid,2026-01-16,TN-MOUSE-001;TN-LIGHT-001;TN-CTRL-001
panini.prabhakar251@example.com,7648.2,paid,2026-01-16,TN-SSD-001;TN-KB-001
damini.salvi353@example.com,16913.3,paid,2026-01-16,TN-MON-001;TN-MAT-001
falan.johal217@example.com,6998.0,failed,2026-01-16,TN-CAM-001;TN-SSD-001
triveni.mallick245@example.com,3418.2,paid,2026-01-16,TN-CAM-001;TN-LIGHT-001
frado.raj146@example.com,3133.1,failed,2026-01-16,TN-LIGHT-001;TN-MOUSE-001
mugdha.jani208@example.com,939.52,paid,2026-01-16,TN-MAT-001
jai.bhatia93@example.com,2499.0,paid,2026-01-16,TN-CTRL-001
manya.rao43@example.com,18999.0,paid,2026-01-16,TN-MON-001
vincent.barad414@example.com,2499.0,paid,2026-01-17,TN-CTRL-001
triveni.gaba336@example.com,2374.05,paid,2026-01-17,TN-CTRL-001
nicholas.choudhary47@example.com,2849.05,paid,2026-01-17,TN-HEADSET-001
hamsini.bhatia226@example.com,5698.1,paid,2026-01-17,TN-HEADSET-001
bimala.shanker185@example.com,2698.0,paid,2026-01-17,TN-LIGHT-001;TN-MAT-001
rachana.muni231@example.com,2499.0,paid,2026-01-17,TN-CTRL-001
abha.keer419@example.com,2849.05,cancelled,2026-01-17,TN-HEADSET-001
dayita.munshi386@example.com,2974.15,paid,2026-01-18,TN-KB-001
darika.kala425@example.com,4798.0,paid,2026-01-18,TN-KB-001;TN-STAND-001
yauvani.gokhale316@example.com,1359.15,paid,2026-01-18,TN-HUB-001
samaksh.sem102@example.com,1599.0,paid,2026-01-18,TN-HUB-001
leela.parmer349@example.com,24396.0,failed,2026-01-18,TN-HEADSET-001;TN-COOL-001;TN-MON-001
saumya.kothari235@example.com,953.26,paid,2026-01-19,TN-MAT-001
tanmayi.boase170@example.com,1594.91,paid,2026-01-19,TN-MOUSE-001
rachana.muni231@example.com,4999.0,pending,2026-01-19,TN-SSD-001
bahadurjit.arora477@example.com,7796.0,cancelled,2026-01-20,TN-HEADSET-001;TN-MAT-001
ishani.bhalla498@example.com,20398.3,failed,2026-01-20,TN-SSD-001;TN-MON-001
raghav.pradhan11@example.com,2999.0,paid,2026-01-20,TN-HEADSET-001
viraj.arora38@example.com,2098.0,cancelled,2026-01-20,TN-MAT-001;TN-COOL-001
ubika.bains479@example.com,1445.04,paid,2026-01-20,TN-MOUSE-001
isaac.chaudhary241@example.com,2787.18,paid,2026-01-20,OLD-BUNDLE-2024
kamya.jhaveri458@example.com,4565.13,pending,2026-01-20,PROMO-GIFTSET-01
aayush.dhingra40@example.com,2374.05,paid,2026-01-20,TN-CTRL-001
udant.hayer63@example.com,1565.8,paid,2026-01-21,TN-MOUSE-001
neel.sankar111@example.com,3198.0,paid,2026-01-21,TN-HUB-001
zarna.tailor65@example.com,1439.1,paid,2026-01-21,TN-HUB-001
naksh.sampath334@example.com,21697.0,cancelled,2026-01-21,TN-MOUSE-001;TN-MON-001;TN-COOL-001
zayyan.palan52@example.com,1899.05,paid,2026-01-21,TN-CAM-001
ati.loyal303@example.com,2549.15,paid,2026-01-21,TN-HEADSET-001
oscar.kaur300@example.com,5098.3,refunded,2026-01-21,TN-HEADSET-001
saumya.kothari235@example.com,4999.0,paid,2026-01-21,TN-SSD-001
onveer.bhavsar341@example.com,9022.15,paid,2026-01-22,TN-SSD-001;TN-MOUSE-001;TN-HEADSET-001
bahadurjit.arora477@example.com,1599.0,paid,2026-01-22,TN-HUB-001
ikbal.chhabra475@example.com,2974.15,paid,2026-01-22,TN-KB-001
yamini.bir255@example.com,1799.0,paid,2026-01-22,TN-LIGHT-001
yatin.balakrishnan247@example.com,1899.05,paid,2026-01-22,TN-CAM-001
elijah.wason1@example.com,2499.0,paid,2026-01-22,TN-CTRL-001
benjamin.barad351@example.com,11797.0,paid,2026-01-22,TN-SSD-001;TN-LIGHT-001
indali.salvi272@example.com,37998.0,paid,2026-01-22,TN-MON-001
yahvi.soni442@example.com,5506.2,paid,2026-01-23,TN-LIGHT-001;TN-STAND-001;TN-MAT-001
jalsa.sangha202@example.com,1619.1,paid,2026-01-23,TN-LIGHT-001
amara.mitra467@example.com,18049.05,paid,2026-01-23,TN-MON-001
indali.kunda440@example.com,3298.0,paid,2026-01-23,TN-LIGHT-001;TN-MOUSE-001
falak.gulati470@example.com,36098.1,pending,2026-01-23,TN-MON-001
pahal.kuruvilla121@example.com,2123.3,paid,2026-01-23,TN-COOL-001;TN-STAND-001
falak.rege322@example.com,3098.0,paid,2026-01-23,TN-STAND-001;TN-LIGHT-001
harrison.shan493@example.com,2278.1,paid,2026-01-24,TN-COOL-001
ikbal.shankar237@example.com,32298.3,paid,2026-01-24,TN-MON-001
ijaya.mander340@example.com,7297.0,paid,2026-01-24,TN-KB-001;TN-CAM-001;TN-LIGHT-001
tristan.bhavsar127@example.com,1435.26,paid,2026-01-24,TN-MOUSE-001
veer.cheema118@example.com,1619.1,paid,2026-01-24,TN-LIGHT-001
maanav.madan399@example.com,5013.3,paid,2026-01-24,TN-SSD-001;TN-MAT-001
samesh.kashyap173@example.com,9855.75,paid,2026-01-24,TN-CAM-001;TN-STAND-001;TN-KB-001
yauvani.patla389@example.com,4999.0,paid,2026-01-24,TN-SSD-001
upkaar.cheema413@example.com,1999.0,paid,2026-01-25,TN-CAM-001
advik.hegde406@example.com,29995.0,paid,2026-01-25,TN-CAM-001;TN-MON-001;TN-KB-001
urmi.sachdeva212@example.com,4598.0,paid,2026-01-25,TN-HUB-001;TN-HEADSET-001
eiravati.pradhan374@example.com,7311.2,pending,2026-01-25,TN-CTRL-001;TN-HUB-001;TN-LIGHT-001
alka.magar119@example.com,956.14,paid,2026-01-25,TN-MAT-001
reyansh.kohli220@example.com,1799.1,paid,2026-01-26,TN-CAM-001
kala.nagar41@example.com,16149.15,paid,2026-01-26,TN-MON-001
mohammed.ramachandran161@example.com,18999.0,paid,2026-01-26,TN-MON-001
saumya.kothari235@example.com,1430.01,pending,2026-01-26,TN-MOUSE-001
victor.chada165@example.com,1999.0,paid,2026-01-26,TN-CAM-001
veda.bhatnagar325@example.com,5497.0,failed,2026-01-26,TN-MOUSE-001;TN-CTRL-001
idika.bhagat143@example.com,2999.0,paid,2026-01-27,TN-HEADSET-001
thomas.sethi218@example.com,2499.0,paid,2026-01-27,TN-CTRL-001
panini.prabhakar251@example.com,1394.07,paid,2026-01-27,TN-STAND-001
orinder.dhaliwal92@example.com,2038.3,paid,2026-01-27,TN-COOL-001
vidhi.gaba110@example.com,1798.0,paid,2026-01-27,TN-MAT-001
frado.raj146@example.com,1555.03,cancelled,2026-01-27,TN-MOUSE-001
samesh.kashyap173@example.com,1230.21,paid,2026-01-27,TN-COOL-001
damini.salvi353@example.com,5847.3,paid,2026-01-27,TN-HEADSET-001;TN-CAM-001;TN-MOUSE-001
chaitanya.bhatia403@example.com,3133.1,refunded,2026-01-27,TN-CAM-001;TN-STAND-001
nathan.mander452@example.com,1125.13,paid,2026-01-27,TN-COOL-001
banjeet.de363@example.com,3098.0,paid,2026-01-27,TN-STAND-001;TN-LIGHT-001
samaksh.sem102@example.com,2499.0,paid,2026-01-27,TN-CTRL-001
vrishti.shroff357@example.com,39797.0,failed,2026-01-28,TN-MON-001;TN-LIGHT-001
onkar.datta78@example.com,9497.0,paid,2026-01-28,TN-SSD-001;TN-HEADSET-001;TN-MOUSE-001
alka.magar119@example.com,4318.2,cancelled,2026-01-28,TN-HEADSET-001;TN-LIGHT-001
rushil.brahmbhatt176@example.com,1799.0,paid,2026-01-28,TN-LIGHT-001
neel.sankar111@example.com,9497.0,paid,2026-01-28,TN-SSD-001;TN-HEADSET-001;TN-MOUSE-001
banjeet.de363@example.com,2498.0,failed,2026-01-28,TN-STAND-001;TN-COOL-001
eshana.tiwari99@example.com,6197.0,paid,2026-01-28,TN-COOL-001;TN-CAM-001;TN-HEADSET-001
yashasvi.dewan164@example.com,18999.0,pending,2026-01-28,TN-MON-001
pranav.saraf75@example.com,4407.3,paid,2026-01-29,TN-LIGHT-001;TN-MOUSE-001;TN-HUB-001
pallavi.lal439@example.com,23997.0,failed,2026-01-29,TN-MON-001;TN-CTRL-001
rishi.kashyap257@example.com,20897.15,paid,2026-01-29,TN-MON-001;TN-MOUSE-001
darsh.sunder179@example.com,1899.05,refunded,2026-01-29,TN-CAM-001
timothy.bhatti369@example.com,1519.05,paid,2026-01-29,TN-HUB-001
zehaan.pradhan200@example.com,10256.2,paid,2026-01-29,TN-KB-001;TN-CTRL-001;TN-STAND-001
elijah.dalal19@example.com,8498.0,cancelled,2026-01-30,TN-KB-001;TN-SSD-001
damyanti.bhakta248@example.com,1297.18,paid,2026-01-30,TN-COOL-001
chaitanya.bhatia403@example.com,6498.0,paid,2026-01-30,TN-HEADSET-001;TN-KB-001
vihaan.date465@example.com,995.19,pending,2026-01-30,TN-MAT-001
vasudha.murty344@example.com,1899.05,paid,2026-01-30,TN-CAM-001
chaman.varty385@example.com,2374.05,refunded,2026-01-30,TN-CTRL-001
urvashi.ratta359@example.com,870.78,pending,2026-01-30,TN-MAT-001
oscar.kaur300@example.com,1709.05,paid,2026-01-31,TN-LIGHT-001
shravya.char398@example.com,5498.0,paid,2026-01-31,TN-KB-001;TN-CAM-001
wakeeta.raja174@example.com,5983.1,paid,2026-01-31,TN-STAND-001;TN-SSD-001
chaitanya.bhatia403@example.com,914.65,paid,2026-01-31,TN-MAT-001
daksha.kaul160@example.com,6372.45,paid,2026-02-01,TN-HEADSET-001;TN-CAM-001;TN-CTRL-001
matthew.rana0@example.com,1272.16,paid,2026-02-01,TN-COOL-001
leela.parmer349@example.com,6598.0,cancelled,2026-02-01,TN-HUB-001;TN-SSD-001
kkala@example.org,4497.3,paid,2026-02-01,TN-LIGHT-001;TN-CAM-001;TN-COOL-001
yashica.kota101@example.com,1263.11,paid,2026-02-01,TN-STAND-001
frederick.solanki184@example.com,4998.0,failed,2026-02-01,TN-MOUSE-001;TN-KB-001
udarsh.dubey236@example.com,3892.15,failed,2026-02-01,TN-MOUSE-001;TN-STAND-001
upkaar.cheema413@example.com,2943.1,paid,2026-02-01,TN-STAND-001;TN-LIGHT-001
bahadurjit.kant387@example.com,1799.0,paid,2026-02-01,TN-LIGHT-001
tara.varughese88@example.com,1799.0,paid,2026-02-01,TN-LIGHT-001
avi.sarkar424@example.com,5898.0,paid,2026-02-02,TN-SSD-001;TN-MAT-001
timothy.lanka258@example.com,1599.0,paid,2026-02-02,TN-HUB-001
jagdish.ganesh216@example.com,1520.2,paid,2026-02-02,TN-MOUSE-001
frado.joshi298@example.com,2999.0,refunded,2026-02-02,TN-HEADSET-001
jai.bhatia93@example.com,5697.0,paid,2026-02-02,TN-CAM-001;TN-COOL-001;TN-CTRL-001
jasmit.bhardwaj2@example.com,862.91,paid,2026-02-02,TN-MAT-001
vinaya.shukla54@example.com,40941.2,paid,2026-02-03,TN-MON-001;TN-KB-001;TN-HUB-001
urvi.palla80@example.com,5697.0,pending,2026-02-03,TN-COOL-001;TN-MOUSE-001;TN-HEADSET-001
naksh.sampath334@example.com,4999.0,refunded,2026-02-03,TN-SSD-001
meera.chawla44@example.com,10897.0,refunded,2026-02-03,TN-SSD-001;TN-MAT-001
lopa.narasimhan421@example.com,859.79,paid,2026-02-03,TN-MAT-001
reva.kota305@example.com,1999.0,paid,2026-02-03,TN-CAM-001
bakhshi.shetty280@example.com,4597.0,paid,2026-02-03,TN-MOUSE-001;TN-STAND-001;TN-LIGHT-001
chaman.varty385@example.com,4999.0,paid,2026-02-04,TN-SSD-001
onkar.sarin447@example.com,1799.0,cancelled,2026-02-04,TN-LIGHT-001
falan.lanka172@example.com,2499.0,paid,2026-02-04,TN-CTRL-001
warda.ramaswamy140@example.com,3957.3,paid,2026-02-04,TN-MOUSE-001;TN-CAM-001;TN-MAT-001
harshil.vyas82@example.com,1528.3,paid,2026-02-04,TN-MAT-001
tanveer.karpe141@example.com,4999.0,paid,2026-02-04,TN-SSD-001
warhi.iyer256@example.com,33062.45,paid,2026-02-05,TN-MAT-001;TN-MON-001
eshana.tiwari99@example.com,1999.0,paid,2026-02-05,TN-CAM-001
udant.hayer63@example.com,20598.0,paid,2026-02-05,TN-HUB-001;TN-MON-001
panini.prabhakar251@example.com,1799.0,paid,2026-02-05,TN-LIGHT-001
frado.joshi298@example.com,17099.1,paid,2026-02-05,TN-MON-001
chanchal.chand60@example.com,18999.0,paid,2026-02-06,TN-MON-001
nandini.karan64@example.com,10197.45,paid,2026-02-06,TN-KB-001;TN-SSD-001
dayamai.kamdar152@example.com,1799.0,paid,2026-02-06,TN-LIGHT-001
chandran.datta211@example.com,3098.0,paid,2026-02-06,TN-HUB-001;TN-MOUSE-001
adweta.parsa189@example.com,1599.0,paid,2026-02-06,TN-HUB-001
matthew.yadav49@example.com,1371.87,refunded,2026-02-06,TN-STAND-001
watika.buch32@example.com,1247.5,cancelled,2026-02-06,TN-COOL-001
anvi.shan371@example.com,3148.2,paid,2026-02-06,TN-CAM-001;TN-MOUSE-001
elijah.dalal19@example.com,3898.0,pending,2026-02-06,TN-MAT-001;TN-HEADSET-001
bachittar.bala427@example.com,2698.2,paid,2026-02-06,TN-MOUSE-001
vincent.barad414@example.com,2999.0,paid,2026-02-06,TN-HEADSET-001
kiaan.arora178@example.com,3512.15,paid,2026-02-07,TN-COOL-001;TN-MAT-001;TN-HUB-001
rishi.kashyap257@example.com,18049.05,paid,2026-02-07,TN-MON-001
kai.bassi130@example.com,3499.0,paid,2026-02-07,TN-KB-001
yashvi.bahl90@example.com,18049.05,paid,2026-02-08,TN-MON-001
jagdish.ganesh216@example.com,12866.4,paid,2026-02-08,TN-LIGHT-001;TN-CTRL-001;TN-SSD-001
zehaan.devan108@example.com,5227.26,paid,2026-02-08,OLD-BUNDLE-2024
frado.raj146@example.com,3149.1,paid,2026-02-08,TN-KB-001
patilmichael@example.com,1599.0,paid,2026-02-08,TN-HUB-001
panini.prabhakar251@example.com,1599.0,paid,2026-02-08,TN-HUB-001
mason.koshy350@example.com,17099.1,paid,2026-02-09,TN-MON-001
adweta.parsa189@example.com,4798.0,failed,2026-02-09,TN-HEADSET-001;TN-LIGHT-001
fariq.gandhi266@example.com,21998.0,pending,2026-02-09,TN-MON-001;TN-HEADSET-001
sanya.cherian139@example.com,1599.0,paid,2026-02-09,TN-HUB-001
simon.mitter106@example.com,6647.15,paid,2026-02-09,TN-HEADSET-001;TN-CAM-001
kashish.sekhon276@example.com,21997.0,paid,2026-02-09,TN-MON-001;TN-MOUSE-001
benjamin.ratta348@example.com,4498.0,paid,2026-02-10,TN-HEADSET-001;TN-MOUSE-001
faris.sethi412@example.com,19473.1,paid,2026-02-10,TN-MON-001;TN-MOUSE-001
balveer.agarwal238@example.com,4748.1,paid,2026-02-11,TN-CAM-001;TN-HEADSET-001
warhi.iyer256@example.com,8498.3,paid,2026-02-11,TN-SSD-001
ebhardwaj@example.com,8597.0,paid,2026-02-11,TN-SSD-001;TN-LIGHT-001
mekhala.bawa7@example.com,18999.0,pending,2026-02-11,TN-MON-001
viraj.barad239@example.com,1358.45,paid,2026-02-11,TN-STAND-001
lakshmi.chacko154@example.com,18049.05,paid,2026-02-11,TN-MON-001
eta.chakraborty123@example.com,18999.0,paid,2026-02-11,TN-MON-001
hamsini.rao198@example.com,20998.0,paid,2026-02-11,TN-MON-001;TN-CAM-001
meera.bajaj159@example.com,3499.0,paid,2026-02-12,TN-KB-001
george.madan229@example.com,970.82,cancelled,2026-02-12,TN-MAT-001
eshana.tiwari99@example.com,2208.3,paid,2026-02-12,TN-STAND-001
bhavna.sood436@example.com,8996.4,pending,2026-02-12,TN-CTRL-001;TN-HEADSET-001;TN-CAM-001
osha.patil253@example.com,3798.1,paid,2026-02-12,TN-CAM-001
henry.bora297@example.com,1227.11,paid,2026-02-12,TN-STAND-001
kiaan.jayaraman395@example.com,1999.0,paid,2026-02-12,TN-CAM-001
leela.swaminathan342@example.com,3498.0,paid,2026-02-13,TN-MOUSE-001;TN-CAM-001
shravya.char398@example.com,4999.0,paid,2026-02-13,TN-SSD-001
chameli.aggarwal285@example.com,6798.0,pending,2026-02-13,TN-LIGHT-001;TN-SSD-001
reva.kota305@example.com,2999.0,failed,2026-02-13,TN-HEADSET-001
vincent.tara453@example.com,1576.59,paid,2026-02-13,TN-MOUSE-001
imaran.edwin131@example.com,1282.82,failed,2026-02-13,TN-COOL-001
raghav.pradhan11@example.com,939.64,paid,2026-02-13,TN-MAT-001
dominic.som171@example.com,1505.35,paid,2026-02-14,PROMO-GIFTSET-01
vasudha.shah487@example.com,6998.0,paid,2026-02-14,TN-SSD-001;TN-CAM-001
ucchal.shukla182@example.com,949.82,refunded,2026-02-14,TN-MAT-001
chandresh.golla132@example.com,4897.0,paid,2026-02-14,TN-STAND-001;TN-CAM-001;TN-HUB-001
kashvi.narula269@example.com,2999.0,paid,2026-02-14,TN-HEADSET-001
imaran.edwin131@example.com,11426.4,paid,2026-02-14,TN-MOUSE-001;TN-COOL-001;TN-SSD-001
charvi.date343@example.com,1583.26,paid,2026-02-14,TN-MOUSE-001
zayan.sani288@example.com,5698.1,paid,2026-02-14,TN-HEADSET-001
panini.prabhakar251@example.com,3598.0,paid,2026-02-14,TN-CAM-001;TN-HUB-001
laksh.sani34@example.com,1519.05,paid,2026-02-14,TN-HUB-001
qadim.agrawal91@example.com,18049.05,paid,2026-02-14,TN-MON-001
aachal.thakkar372@example.com,1799.0,failed,2026-02-14,TN-LIGHT-001
aarini.ravel480@example.com,1489.48,paid,2026-02-14,TN-MOUSE-001
samesh.kashyap173@example.com,3198.0,paid,2026-02-14,TN-HUB-001
idika.bhagat143@example.com,968.29,pending,2026-02-14,TN-MAT-001
matthew.rana0@example.com,1599.0,paid,2026-02-15,TN-HUB-001
wridesh.sangha105@example.com,889.21,paid,2026-02-15,TN-MAT-001
kashvi.sangha207@example.com,7797.0,cancelled,2026-02-15,TN-SSD-001;TN-STAND-001;TN-MOUSE-001
nitara.rajagopal224@example.com,1596.73,refunded,2026-02-16,TN-MOUSE-001
chanchal.chand60@example.com,1378.54,cancelled,2026-02-16,TN-STAND-001
girish.swamy450@example.com,7498.0,cancelled,2026-02-16,TN-SSD-001;TN-CTRL-001
lipika.iyengar74@example.com,7998.0,paid,2026-02-16,TN-HEADSET-001;TN-SSD-001
tristan.bhavsar127@example.com,1561.68,failed,2026-02-16,TN-MOUSE-001
bakhshi.shetty280@example.com,2549.15,paid,2026-02-16,TN-HEADSET-001
reyansh.kohli220@example.com,5098.3,cancelled,2026-02-17,TN-KB-001;TN-CTRL-001
meera.chawla44@example.com,2198.0,paid,2026-02-17,TN-MAT-001;TN-STAND-001
hitesh.virk393@example.com,4407.3,failed,2026-02-17,TN-COOL-001;TN-CTRL-001
neelima.chad77@example.com,18049.05,paid,2026-02-17,TN-MON-001
yatin.balakrishnan247@example.com,943.26,cancelled,2026-02-17,TN-MAT-001
alka.magar119@example.com,20198.0,paid,2026-02-17,TN-COOL-001;TN-MON-001
ijaya.narain462@example.com,2803.3,pending,2026-02-18,TN-STAND-001;TN-CAM-001
eta.chakraborty123@example.com,1359.15,paid,2026-02-18,TN-HUB-001
odika.iyengar407@example.com,2374.05,paid,2026-02-18,TN-CTRL-001
dayita.sehgal26@example.com,21597.3,paid,2026-02-18,TN-CAM-001;TN-HEADSET-001;TN-MON-001
aarna.jaggi223@example.com,4048.2,pending,2026-02-18,TN-HEADSET-001;TN-MOUSE-001
eshana.dyal296@example.com,1570.71,refunded,2026-02-19,TN-MOUSE-001
garima.kumar177@example.com,7287.3,paid,2026-02-19,TN-STAND-001;TN-LIGHT-001;TN-SSD-001
benjamin.deol166@example.com,5608.3,pending,2026-02-19,TN-HUB-001;TN-SSD-001
urmi.lad67@example.com,3497.0,paid,2026-02-19,TN-MAT-001;TN-STAND-001
ikbal.tandon259@example.com,1999.0,paid,2026-02-19,TN-CAM-001
jagvi.sethi379@example.com,937.16,paid,2026-02-19,TN-MAT-001
gabriel.randhawa76@example.com,4498.0,paid,2026-02-19,TN-CAM-001;TN-CTRL-001
hamsini.bhatia226@example.com,2468.1,paid,2026-02-19,TN-STAND-001
dev.bhasin12@example.com,5757.3,cancelled,2026-02-20,TN-CTRL-001;TN-MAT-001;TN-HEADSET-001
kiaan.arora178@example.com,1228.96,paid,2026-02-20,TN-STAND-001
udant.sundaram260@example.com,2999.0,paid,2026-02-20,TN-HEADSET-001
michael36@example.net,4499.1,paid,2026-02-20,TN-SSD-001
pranav.saraf75@example.com,3513.1,paid,2026-02-20,TN-CTRL-001;TN-COOL-001
frado.raj146@example.com,5577.3,pending,2026-02-20,TN-COOL-001;TN-CTRL-001
ikbal.tandon259@example.com,2499.0,paid,2026-02-20,TN-CTRL-001
pahal.kuruvilla121@example.com,6998.0,pending,2026-02-21,TN-KB-001
nidra.grewal404@example.com,2898.0,paid,2026-02-21,TN-CAM-001;TN-MAT-001
vrinda.sama21@example.com,1519.05,refunded,2026-02-21,TN-HUB-001
zashil91@example.net,2898.0,refunded,2026-02-21,TN-HUB-001;TN-STAND-001
elijah.wason1@example.com,19348.2,cancelled,2026-02-21,TN-MON-001;TN-CTRL-001
samar.balay324@example.com,5757.3,paid,2026-02-21,TN-KB-001;TN-STAND-001;TN-HUB-001
benjamin.ratta348@example.com,1228.07,paid,2026-02-21,TN-COOL-001
imaran.edwin131@example.com,36447.3,paid,2026-02-22,TN-CTRL-001;TN-MON-001
warinder.narang291@example.com,3658.43,refunded,2026-02-22,OLD-BUNDLE-2024
yauvani.patla389@example.com,1868.3,pending,2026-02-22,TN-STAND-001;TN-MAT-001
dev.nori282@example.com,1529.15,paid,2026-02-22,TN-LIGHT-001
victor.goda384@example.com,2499.0,paid,2026-02-22,TN-CTRL-001
saumya.kothari235@example.com,1517.54,paid,2026-02-22,TN-MOUSE-001
yauvani.hora293@example.com,4197.0,paid,2026-02-22,TN-LIGHT-001;TN-MAT-001;TN-MOUSE-001
sanya.shanker358@example.com,1329.08,pending,2026-02-22,TN-STAND-001
tara.varughese88@example.com,2498.0,cancelled,2026-02-22,TN-COOL-001;TN-STAND-001
kashvi.narula269@example.com,2999.0,paid,2026-02-22,TN-HEADSET-001
warda.doctor162@example.com,2698.0,pending,2026-02-22,TN-MAT-001;TN-LIGHT-001
panini.prabhakar251@example.com,3228.1,pending,2026-02-23,TN-HUB-001;TN-LIGHT-001
nathan.aggarwal193@example.com,2699.1,paid,2026-02-23,TN-HEADSET-001
chaman.varty385@example.com,2698.0,paid,2026-02-23,TN-COOL-001;TN-MOUSE-001
jonathan.wali461@example.com,1356.72,paid,2026-02-23,TN-MOUSE-001
ebhardwaj@example.com,3198.0,paid,2026-02-23,TN-COOL-001;TN-CAM-001
kashvi.narula269@example.com,4298.0,paid,2026-02-23,TN-HEADSET-001;TN-STAND-001
ekapad.chander24@example.com,1529.15,cancelled,2026-02-23,TN-LIGHT-001
warhi.iyer256@example.com,4749.05,paid,2026-02-23,TN-SSD-001
pallavi.lal439@example.com,4138.2,failed,2026-02-23,TN-HUB-001;TN-HEADSET-001
xavier.sani481@example.com,4499.1,paid,2026-02-24,TN-SSD-001
idika.singh445@example.com,6498.0,cancelled,2026-02-24,TN-MOUSE-001;TN-SSD-001
vanya.yohannan410@example.com,11245.5,paid,2026-02-24,TN-CTRL-001;TN-KB-001;TN-MOUSE-001
garima.agarwal197@example.com,1510.57,paid,2026-02-24,TN-MOUSE-001
varenya.mani175@example.com,18049.05,paid,2026-02-24,TN-MON-001
lipika.lal243@example.com,1577.88,paid,2026-02-24,TN-MOUSE-001
yoshita.soman138@example.com,961.38,cancelled,2026-02-24,TN-MAT-001
harsh.karan70@example.com,4558.1,paid,2026-02-24,TN-HEADSET-001;TN-LIGHT-001
triveni.mallick245@example.com,2468.1,cancelled,2026-02-25,TN-STAND-001
chandran.datta211@example.com,1506.3,paid,2026-02-25,TN-MOUSE-001
arya.thakkar155@example.com,4499.1,paid,2026-02-25,TN-SSD-001
fariq.gandhi266@example.com,8546.2,paid,2026-02-25,TN-MOUSE-001;TN-HEADSET-001
adya.sangha459@example.com,18178.2,paid,2026-02-25,TN-MON-001;TN-COOL-001
triveni.gaba336@example.com,1281.8,paid,2026-02-25,TN-COOL-001
aarnav.pant392@example.com,6198.0,cancelled,2026-02-26,TN-COOL-001;TN-SSD-001
zayan.kamdar491@example.com,1349.6,paid,2026-02-26,TN-STAND-001
arya.thakkar155@example.com,1319.03,paid,2026-02-26,TN-STAND-001
vrishti.lalla169@example.com,2608.2,paid,2026-02-26,TN-HUB-001;TN-STAND-001
sarthak.rai273@example.com,12066.6,pending,2026-02-26,TN-HEADSET-001;TN-SSD-001;TN-COOL-001
balveer.agarwal238@example.com,2849.05,cancelled,2026-02-26,TN-HEADSET-001
elijah.raman234@example.com,980.27,refunded,2026-02-26,TN-MAT-001
watika.buch32@example.com,403.88,paid,2026-02-27,OLD-BUNDLE-2024
hamsini.rao198@example.com,2499.0,paid,2026-02-27,TN-CTRL-001
nathaniel.narain420@example.com,3297.0,paid,2026-02-27,TN-MAT-001;TN-COOL-001
rishi.borde315@example.com,6896.0,paid,2026-02-27,TN-CTRL-001;TN-CAM-001;TN-COOL-001
jasmit.bhardwaj2@example.com,5497.0,paid,2026-02-27,TN-HEADSET-001;TN-MAT-001;TN-HUB-001
warhi.iyer256@example.com,3098.0,paid,2026-02-28,TN-MOUSE-001;TN-HUB-001
aarav.anne244@example.com,2699.1,paid,2026-02-28,TN-HEADSET-001
riya.mutti104@example.com,5317.15,paid,2026-02-28,TN-MAT-001;TN-KB-001;TN-COOL-001
praneel.bajaj356@example.com,4747.15,refunded,2026-02-28,TN-MAT-001;TN-CTRL-001;TN-HUB-001
mohammed.ramachandran161@example.com,12346.2,paid,2026-02-28,TN-KB-001;TN-HEADSET-001
pranav.saraf75@example.com,18999.0,pending,2026-02-28,TN-MON-001
vaishnavi.dutt396@example.com,6297.0,paid,2026-02-28,TN-MOUSE-001;TN-HEADSET-001;TN-LIGHT-001
kai.bassi130@example.com,2999.0,paid,2026-03-01,TN-HEADSET-001
lipika.iyengar74@example.com,1599.0,pending,2026-03-01,TN-HUB-001
ronith.raman332@example.com,1588.57,paid,2026-03-01,TN-MOUSE-001
sathvik.lall373@example.com,1708.1,pending,2026-03-02,TN-MAT-001
ayaan.krishnamurthy84@example.com,1569.08,paid,2026-03-02,OLD-BUNDLE-2024
benjamin.devi430@example.com,1529.15,paid,2026-03-02,TN-LIGHT-001
januja.iyengar432@example.com,19898.0,cancelled,2026-03-02,TN-MON-001;TN-MAT-001
balveer.agarwal238@example.com,1207.68,pending,2026-03-02,TN-COOL-001
gautami.lall415@example.com,6597.0,paid,2026-03-02,TN-CAM-001;TN-HUB-001;TN-HEADSET-001
maya.ramakrishnan201@example.com,3608.1,paid,2026-03-03,TN-CTRL-001;TN-STAND-001
ishita34@example.com,6597.0,paid,2026-03-03,TN-MOUSE-001;TN-KB-001;TN-HUB-001
yuvraj.thaman156@example.com,3398.0,paid,2026-03-03,TN-LIGHT-001;TN-HUB-001
banjeet.de363@example.com,4498.2,paid,2026-03-03,TN-CTRL-001
rachana.muni231@example.com,4297.0,paid,2026-03-04,TN-COOL-001;TN-STAND-001;TN-LIGHT-001
nathaniel.kota294@example.com,3598.0,paid,2026-03-04,TN-LIGHT-001
viraj.barad239@example.com,26997.0,paid,2026-03-04,TN-MON-001;TN-SSD-001;TN-HEADSET-001
falak.gulati470@example.com,2088.1,cancelled,2026-03-04,TN-STAND-001;TN-MAT-001
pahal.kuruvilla121@example.com,18999.0,paid,2026-03-04,TN-MON-001
panini.prabhakar251@example.com,7311.2,pending,2026-03-04,TN-COOL-001;TN-MOUSE-001;TN-CTRL-001
udarsh.sachdev394@example.com,39297.0,pending,2026-03-05,TN-MON-001;TN-STAND-001
libni.palan27@example.com,3957.3,refunded,2026-03-05,TN-CAM-001;TN-COOL-001
ekalinga.joshi46@example.com,8596.0,refunded,2026-03-05,TN-LIGHT-001;TN-HEADSET-001;TN-CAM-001
viraj.barad239@example.com,1371.99,paid,2026-03-05,TN-STAND-001
nathan.aggarwal193@example.com,1599.0,paid,2026-03-05,TN-HUB-001
devansh.mital409@example.com,1709.05,paid,2026-03-05,TN-LIGHT-001
david.kurian281@example.com,3499.0,paid,2026-03-05,TN-KB-001
manbir.mittal473@example.com,8597.0,paid,2026-03-05,TN-LIGHT-001;TN-SSD-001
ronith.nazareth71@example.com,5398.2,paid,2026-03-05,TN-HEADSET-001
qarin.ramanathan497@example.com,2998.0,paid,2026-03-05,TN-MOUSE-001
wridesh.sangha105@example.com,1599.0,paid,2026-03-06,TN-HUB-001
harrison.rana326@example.com,40997.0,paid,2026-03-06,TN-HEADSET-001;TN-MON-001
eshana.tiwari99@example.com,1556.44,paid,2026-03-06,TN-MOUSE-001
jyoti.dhingra382@example.com,2999.0,paid,2026-03-06,TN-HEADSET-001
yashica.kota101@example.com,2999.0,failed,2026-03-06,TN-HEADSET-001
aarna.jaggi223@example.com,4998.0,paid,2026-03-06,TN-HEADSET-001;TN-CAM-001
vasudha.murty344@example.com,1392.5,paid,2026-03-06,TN-STAND-001
kala.nagar41@example.com,1599.0,pending,2026-03-07,TN-HUB-001
shivani.murthy265@example.com,3071.53,paid,2026-03-07,OLD-BUNDLE-2024
ekalinga.dave360@example.com,4273.1,cancelled,2026-03-07,TN-CTRL-001;TN-CAM-001
pahal.kuruvilla121@example.com,5938.2,pending,2026-03-07,TN-SSD-001;TN-HUB-001
hemal.sen18@example.com,4298.0,refunded,2026-03-07,TN-STAND-001;TN-HEADSET-001
nitesh.oommen20@example.com,3499.0,cancelled,2026-03-07,TN-KB-001
henry.puri167@example.com,4999.0,paid,2026-03-08,TN-SSD-001
zarna.peri61@example.com,4767.3,cancelled,2026-03-08,TN-CTRL-001;TN-MOUSE-001;TN-STAND-001
yashoda.mammen190@example.com,3598.0,pending,2026-03-09,TN-HUB-001;TN-CAM-001
hemangini.chad73@example.com,5996.0,paid,2026-03-09,TN-HEADSET-001;TN-MAT-001;TN-COOL-001
krisha.ganguly377@example.com,1599.0,paid,2026-03-09,TN-HUB-001
urmi.lad67@example.com,966.75,cancelled,2026-03-09,TN-MAT-001
wridesh.sangha105@example.com,966.54,paid,2026-03-09,TN-MAT-001
yamini.bir255@example.com,3499.0,paid,2026-03-09,TN-KB-001
ayaan.krishnamurthy84@example.com,8498.3,pending,2026-03-09,TN-SSD-001
shravya.char398@example.com,2999.0,paid,2026-03-09,TN-HEADSET-001
dev.bhasin12@example.com,2249.1,paid,2026-03-09,TN-CTRL-001
mason.koshy350@example.com,4999.0,paid,2026-03-10,TN-SSD-001
zehaan.devan108@example.com,1999.0,pending,2026-03-10,TN-CAM-001
urvi.palla80@example.com,6597.0,refunded,2026-03-10,TN-HUB-001;TN-MOUSE-001;TN-KB-001
urvi.palla80@example.com,5608.3,paid,2026-03-10,TN-SSD-001;TN-HUB-001
vrishti.cherian490@example.com,1439.1,pending,2026-03-10,TN-HUB-001
oviya.tara299@example.com,7997.0,pending,2026-03-10,TN-CTRL-001;TN-HEADSET-001
harinakshi.sama112@example.com,4997.0,pending,2026-03-11,TN-CAM-001;TN-MOUSE-001
karan.bail81@example.com,1370.44,pending,2026-03-11,TN-STAND-001
aayush.pall449@example.com,2499.0,paid,2026-03-11,TN-CTRL-001
rohan.rajagopalan472@example.com,862.26,cancelled,2026-03-11,TN-MAT-001
fariq.gandhi266@example.com,1519.05,paid,2026-03-11,TN-HUB-001
akshay.kohli397@example.com,8097.0,paid,2026-03-11,TN-HUB-001;TN-HEADSET-001;TN-KB-001
falan.chana188@example.com,6567.3,cancelled,2026-03-11,TN-HEADSET-001;TN-CTRL-001;TN-LIGHT-001
damyanti.sahni329@example.com,18049.05,paid,2026-03-11,TN-MON-001
ebhardwaj@example.com,4998.0,refunded,2026-03-11,TN-CTRL-001
ekalinga.dave360@example.com,6198.0,failed,2026-03-11,TN-SSD-001;TN-COOL-001
bahadurjit.banerjee435@example.com,3598.0,paid,2026-03-12,TN-LIGHT-001
rayaan.goyal267@example.com,1799.0,failed,2026-03-12,TN-LIGHT-001
urvashi.goswami347@example.com,4498.0,paid,2026-03-12,TN-CAM-001;TN-CTRL-001
gavin.lalla157@example.com,1619.1,paid,2026-03-12,TN-LIGHT-001
hitesh.bhandari95@example.com,18999.0,paid,2026-03-12,TN-MON-001
adya.sangha459@example.com,990.59,refunded,2026-03-12,TN-MAT-001
bakhshi.shetty280@example.com,3298.0,paid,2026-03-12,TN-MOUSE-001;TN-LIGHT-001
fbhandari@example.net,3968.31,paid,2026-03-13,OLD-BUNDLE-2024
yoshita.soman138@example.com,4999.0,failed,2026-03-13,TN-SSD-001
yatan.keer306@example.com,1599.0,refunded,2026-03-13,TN-HUB-001
warda.palan451@example.com,2098.0,paid,2026-03-13,TN-MAT-001;TN-COOL-001
veda.muni55@example.com,2849.05,paid,2026-03-13,TN-HEADSET-001
bahadurjit.kant387@example.com,2398.0,paid,2026-03-13,TN-MOUSE-001;TN-MAT-001
shravya.naik463@example.com,2699.1,paid,2026-03-13,TN-HEADSET-001
oni.kibe485@example.com,5498.0,paid,2026-03-14,TN-HEADSET-001;TN-CTRL-001
dipta.shroff14@example.com,7598.1,paid,2026-03-14,TN-SSD-001;TN-HEADSET-001
elijah.dalal19@example.com,23082.15,pending,2026-03-14,TN-KB-001;TN-MON-001;TN-LIGHT-001
janya.kashyap191@example.com,8167.15,refunded,2026-03-14,TN-SSD-001;TN-LIGHT-001
rachana.muni231@example.com,8998.2,paid,2026-03-14,TN-SSD-001
vincent.barad414@example.com,2498.0,paid,2026-03-14,TN-HUB-001;TN-MAT-001
ishani.kapoor62@example.com,1279.92,cancelled,2026-03-14,TN-COOL-001
panini.prabhakar251@example.com,4999.0,paid,2026-03-14,TN-SSD-001
nathaniel.bhardwaj405@example.com,4749.05,paid,2026-03-14,TN-SSD-001
henry.puri167@example.com,3499.0,paid,2026-03-15,TN-KB-001
dayita.munshi386@example.com,690.14,cancelled,2026-03-15,PROMO-GIFTSET-01
anika.rout328@example.com,2999.0,paid,2026-03-15,TN-HEADSET-001
pranit.kohli16@example.com,5998.0,paid,2026-03-15,TN-HEADSET-001
mekhala.bawa7@example.com,4748.1,paid,2026-03-15,TN-HEADSET-001;TN-CAM-001
jalsa.sangha202@example.com,1899.05,paid,2026-03-15,TN-CAM-001
ikbal.tandon259@example.com,1255.83,paid,2026-03-16,TN-COOL-001
maanav.bassi163@example.com,5888.1,pending,2026-03-16,TN-COOL-001;TN-SSD-001
oni.kibe485@example.com,1257.3,paid,2026-03-16,TN-COOL-001
yashvi.bahl90@example.com,974.61,paid,2026-03-16,TN-MAT-001
rushil.brahmbhatt176@example.com,2198.0,paid,2026-03-16,TN-MAT-001;TN-STAND-001
chaitanya.jani320@example.com,1176.65,paid,2026-03-17,TN-COOL-001
frado.joshi298@example.com,18178.2,paid,2026-03-17,TN-MON-001;TN-COOL-001
yahvi.soni442@example.com,2999.0,paid,2026-03-17,TN-HEADSET-001
imaran.edwin131@example.com,4798.0,paid,2026-03-17,TN-STAND-001;TN-KB-001
zaid.sandal354@example.com,1374.23,cancelled,2026-03-17,TN-STAND-001
rohan.arora199@example.com,1799.0,paid,2026-03-17,TN-LIGHT-001
idika.singh445@example.com,2699.1,paid,2026-03-17,TN-HEADSET-001
matthew.rana0@example.com,1576.63,paid,2026-03-17,TN-MOUSE-001
bahadurjit.kant387@example.com,3597.3,paid,2026-03-18,TN-COOL-001;TN-STAND-001;TN-MOUSE-001
adweta.parsa189@example.com,1148.73,refunded,2026-03-18,TN-COOL-001
dev.nori282@example.com,3867.3,pending,2026-03-18,TN-MOUSE-001;TN-STAND-001
aishani.apte400@example.com,1799.1,paid,2026-03-18,TN-CAM-001
ishanvi.nagar113@example.com,1435.59,paid,2026-03-18,TN-MOUSE-001
abha.ravi214@example.com,21562.15,cancelled,2026-03-18,TN-COOL-001;TN-CTRL-001;TN-MON-001
bina.sankaran388@example.com,9998.0,failed,2026-03-19,TN-SSD-001
chandran.datta211@example.com,3998.0,paid,2026-03-19,TN-CAM-001
vasudha.murty344@example.com,3638.37,paid,2026-03-19,PROMO-GIFTSET-01
baljiwan.chadha3@example.com,22397.0,paid,2026-03-19,TN-MON-001;TN-CTRL-001;TN-MAT-001
dayamai.kamdar152@example.com,1295.34,paid,2026-03-19,TN-COOL-001
yauvani.patla389@example.com,1999.0,failed,2026-03-19,TN-CAM-001
falan.chana188@example.com,7597.0,refunded,2026-03-19,TN-HUB-001;TN-HEADSET-001
amara.mitra467@example.com,2898.0,cancelled,2026-03-19,TN-MAT-001;TN-CAM-001
mekhala.bawa7@example.com,1225.2,paid,2026-03-20,TN-STAND-001
adweta.nadig284@example.com,8922.45,paid,2026-03-20,TN-CTRL-001;TN-SSD-001;TN-HEADSET-001
falan.chana188@example.com,1297.32,cancelled,2026-03-21,TN-COOL-001
daksha.kaul160@example.com,3499.0,paid,2026-03-21,TN-KB-001
vrishti.shroff357@example.com,3499.0,paid,2026-03-21,TN-KB-001
benjamin.barad351@example.com,3143.3,paid,2026-03-21,TN-CTRL-001;TN-COOL-001
eiravati.pradhan374@example.com,3499.0,pending,2026-03-21,TN-KB-001
janaki.din59@example.com,2499.0,paid,2026-03-21,TN-CTRL-001
henry.puri167@example.com,20998.0,paid,2026-03-21,TN-MON-001;TN-CAM-001
aarav.anne244@example.com,4398.0,paid,2026-03-22,TN-KB-001;TN-MAT-001
leena.ratta230@example.com,1599.0,paid,2026-03-22,TN-HUB-001
udarsh.dubey236@example.com,3133.1,pending,2026-03-22,TN-CAM-001;TN-STAND-001
aishani.apte400@example.com,2374.05,failed,2026-03-22,TN-CTRL-001
ishita34@example.com,2499.0,paid,2026-03-22,TN-CTRL-001
zashil91@example.net,3387.53,paid,2026-03-22,PROMO-GIFTSET-01
chatura.thaman365@example.com,4999.0,paid,2026-03-22,TN-SSD-001
sanya.cherian139@example.com,2898.0,paid,2026-03-22,TN-STAND-001;TN-HUB-001
pratyush.madan120@example.com,11872.15,paid,2026-03-22,TN-SSD-001;TN-CTRL-001
advik.hegde406@example.com,2999.0,paid,2026-03-22,TN-HEADSET-001
eshana.tiwari99@example.com,6498.0,paid,2026-03-22,TN-SSD-001;TN-MOUSE-001
onveer.bhavsar341@example.com,4749.05,paid,2026-03-23,TN-SSD-001
baghyawati.guha307@example.com,2123.3,paid,2026-03-23,TN-MAT-001;TN-HUB-001
charles.chaudry48@example.com,42196.0,cancelled,2026-03-23,TN-MON-001;TN-COOL-001;TN-HEADSET-001
vihaan.date465@example.com,23796.0,refunded,2026-03-23,TN-COOL-001;TN-MON-001;TN-LIGHT-001
jalsa.sangha202@example.com,1618.2,pending,2026-03-23,TN-MAT-001
chakradhar.deol8@example.com,2699.1,paid,2026-03-23,TN-HEADSET-001
elijah.raman234@example.com,1599.0,failed,2026-03-23,TN-HUB-001
warda.palan451@example.com,4998.0,paid,2026-03-23,TN-CTRL-001
yoshita.soman138@example.com,3753.77,paid,2026-03-24,OLD-BUNDLE-2024
adweta.parsa189@example.com,1799.0,paid,2026-03-24,TN-LIGHT-001
ojasvi.parmer35@example.com,1279.21,paid,2026-03-24,TN-STAND-001
onkar.sarin447@example.com,6648.1,refunded,2026-03-24,TN-CAM-001;TN-SSD-001
frado.joshi298@example.com,4749.05,pending,2026-03-24,TN-SSD-001
damyanti.sahni329@example.com,7556.4,paid,2026-03-24,TN-KB-001;TN-LIGHT-001;TN-STAND-001
vanya.yohannan410@example.com,940.62,paid,2026-03-24,TN-MAT-001
yashica.kota101@example.com,1540.68,paid,2026-03-24,TN-MOUSE-001
harinakshi.sahni129@example.com,5037.3,paid,2026-03-25,TN-STAND-001;TN-LIGHT-001;TN-CTRL-001
urmi.lad67@example.com,4999.0,paid,2026-03-25,TN-SSD-001
yauvani.patla389@example.com,4652.15,paid,2026-03-25,TN-LIGHT-001;TN-STAND-001
gavin.gade327@example.com,3499.0,pending,2026-03-25,TN-KB-001
zayan.sani288@example.com,5098.3,paid,2026-03-26,TN-KB-001;TN-CTRL-001
viraj.barad239@example.com,1799.0,paid,2026-03-26,TN-LIGHT-001
ucchal.shukla182@example.com,4797.0,cancelled,2026-03-26,TN-LIGHT-001;TN-MOUSE-001
devika.mody133@example.com,3607.15,paid,2026-03-27,TN-MAT-001;TN-CAM-001
michael36@example.net,3898.0,failed,2026-03-27,TN-HEADSET-001;TN-MAT-001
rohan.rajagopalan472@example.com,2499.0,paid,2026-03-27,TN-CTRL-001
reyansh.kohli220@example.com,1599.0,paid,2026-03-27,TN-HUB-001
sarthak.rai273@example.com,2798.0,paid,2026-03-27,TN-STAND-001;TN-MOUSE-001
imaran.edwin131@example.com,5217.3,paid,2026-03-28,TN-CAM-001;TN-STAND-001;TN-CTRL-001
alka13@example.com,3098.0,paid,2026-03-28,TN-HUB-001;TN-MOUSE-001
nathan.aggarwal193@example.com,5497.0,paid,2026-03-28,TN-LIGHT-001;TN-COOL-001;TN-CTRL-001
yashica.kota101@example.com,1593.47,paid,2026-03-28,TN-MOUSE-001
harinakshi.sahni129@example.com,1274.11,paid,2026-03-28,TN-COOL-001
zehaan.devan108@example.com,1565.55,cancelled,2026-03-28,TN-MOUSE-001
saksham.mani448@example.com,1562.6,paid,2026-03-28,TN-MOUSE-001
chandran.datta211@example.com,5577.3,cancelled,2026-03-28,TN-KB-001;TN-MOUSE-001;TN-COOL-001
ronith.raman332@example.com,36547.45,paid,2026-03-29,TN-SSD-001;TN-MON-001
naksh.sampath334@example.com,5412.15,paid,2026-03-29,TN-MOUSE-001;TN-COOL-001;TN-HEADSET-001
aarav.anne244@example.com,976.54,cancelled,2026-03-29,TN-MAT-001
charles.chaudry48@example.com,1599.0,paid,2026-03-29,TN-HUB-001
rohan.rajagopalan472@example.com,23697.0,cancelled,2026-03-29,TN-MON-001;TN-KB-001;TN-COOL-001
lipika.iyengar74@example.com,20998.0,paid,2026-03-30,TN-CAM-001;TN-MON-001
yuvraj.gandhi402@example.com,4672.45,paid,2026-03-30,TN-CTRL-001;TN-COOL-001;TN-LIGHT-001
guneet.tripathi97@example.com,18999.0,paid,2026-03-30,TN-MON-001
karan.bail81@example.com,6097.0,cancelled,2026-03-30,TN-HEADSET-001;TN-HUB-001;TN-MOUSE-001
damyanti.sahni329@example.com,4162.45,paid,2026-03-30,TN-STAND-001;TN-LIGHT-001
daksh.dhingra261@example.com,20422.15,paid,2026-03-30,TN-COOL-001;TN-MON-001;TN-STAND-001
vidhi.gaba110@example.com,1512.08,paid,2026-03-30,TN-MOUSE-001
zayyan.palan52@example.com,3998.0,paid,2026-03-31,TN-CAM-001
alexander.behl337@example.com,2849.05,cancelled,2026-03-31,TN-HEADSET-001
elijah.wason1@example.com,2499.0,cancelled,2026-03-31,TN-CTRL-001
kevin.chaudhari437@example.com,1585.79,refunded,2026-03-31,TN-MOUSE-001
keya.sarkar411@example.com,6996.0,pending,2026-03-31,TN-CTRL-001;TN-HUB-001;TN-STAND-001
radhika.mahal474@example.com,2999.0,cancelled,2026-03-31,TN-HEADSET-001
dayita.sehgal26@example.com,906.52,paid,2026-03-31,TN-MAT-001
ekapad.chander24@example.com,4298.0,paid,2026-03-31,TN-CTRL-001;TN-LIGHT-001
yahvi.wadhwa228@example.com,4749.05,paid,2026-03-31,TN-SSD-001
rishi.kashyap257@example.com,1223.25,paid,2026-03-31,TN-COOL-001
dev.nori282@example.com,4998.0,refunded,2026-04-01,TN-CAM-001;TN-HEADSET-001
charvi.date343@example.com,6032.45,paid,2026-04-01,TN-HUB-001;TN-CTRL-001;TN-HEADSET-001
tristan.bhavsar127@example.com,2499.0,paid,2026-04-01,TN-CTRL-001
onkar.datta78@example.com,1439.1,paid,2026-04-01,TN-HUB-001
reyansh.kohli220@example.com,4749.05,paid,2026-04-01,TN-SSD-001
alka.srinivas57@example.com,3398.0,paid,2026-04-01,TN-CTRL-001;TN-MAT-001
osha.patil253@example.com,1273.32,paid,2026-04-01,TN-COOL-001
vrishti.cherian490@example.com,1560.81,paid,2026-04-02,TN-MOUSE-001
nathaniel.bhardwaj405@example.com,18698.3,paid,2026-04-02,TN-MON-001;TN-HEADSET-001
falak.gulati470@example.com,1289.65,paid,2026-04-02,TN-COOL-001
chandran.datta211@example.com,1599.0,paid,2026-04-02,TN-HUB-001
vrishti.cherian490@example.com,1345.58,failed,2026-04-02,TN-MOUSE-001
isaac.chaudhary241@example.com,1377.36,paid,2026-04-02,TN-STAND-001
ishwar.wali378@example.com,16149.15,paid,2026-04-02,TN-MON-001
veda.muni55@example.com,7497.0,paid,2026-04-02,TN-CAM-001;TN-KB-001
gabriel.randhawa76@example.com,19898.0,paid,2026-04-02,TN-MON-001;TN-MAT-001
veda.bhatnagar325@example.com,1297.46,paid,2026-04-03,TN-COOL-001
adya.sangha459@example.com,4178.1,paid,2026-04-03,TN-MAT-001;TN-KB-001
daksh.dhingra261@example.com,20198.0,paid,2026-04-03,TN-MON-001;TN-COOL-001
azad.muni268@example.com,1150.42,paid,2026-04-03,OLD-BUNDLE-2024
falan.johal217@example.com,3398.0,paid,2026-04-04,TN-HUB-001;TN-LIGHT-001
raagini.gade145@example.com,2374.05,paid,2026-04-04,TN-CTRL-001
sarthak.rai273@example.com,29896.0,paid,2026-04-04,TN-MAT-001;TN-MON-001;TN-SSD-001
vrishti.cherian490@example.com,4227.3,paid,2026-04-04,TN-HUB-001;TN-LIGHT-001;TN-STAND-001
tarak.chand446@example.com,1799.1,paid,2026-04-04,TN-CAM-001
alka.magar119@example.com,1799.1,cancelled,2026-04-04,TN-CAM-001
veda.bhatnagar325@example.com,2398.0,paid,2026-04-04,TN-COOL-001
idika.singh445@example.com,1274.05,paid,2026-04-04,TN-COOL-001
urvi.bhattacharyya25@example.com,7466.4,paid,2026-04-04,TN-LIGHT-001;TN-KB-001;TN-MOUSE-001
ayaan.krishnamurthy84@example.com,960.98,refunded,2026-04-06,TN-MAT-001
garima.agarwal197@example.com,1599.0,cancelled,2026-04-06,TN-HUB-001
zarna.peri61@example.com,5998.0,refunded,2026-04-06,TN-HEADSET-001
naksh.krishna486@example.com,22697.0,paid,2026-04-06,TN-CTRL-001;TN-COOL-001;TN-MON-001
avi.sarkar424@example.com,18999.0,paid,2026-04-06,TN-MON-001
urvi.bhattacharyya25@example.com,1212.12,pending,2026-04-06,TN-COOL-001
vidhi.gaba110@example.com,18999.0,pending,2026-04-07,TN-MON-001
eshana.tiwari99@example.com,2999.0,pending,2026-04-07,TN-HEADSET-001
bahadurjit.banerjee435@example.com,1546.31,paid,2026-04-07,TN-MOUSE-001
idika.bhagat143@example.com,2249.1,paid,2026-04-07,TN-CTRL-001
ishanvi.nagar113@example.com,989.74,paid,2026-04-07,TN-MAT-001
garima.kumar177@example.com,5098.0,pending,2026-04-07,TN-KB-001;TN-HUB-001
sathvik.lall373@example.com,3998.0,cancelled,2026-04-07,TN-CAM-001
aayush.dhingra40@example.com,3238.2,paid,2026-04-07,TN-LIGHT-001
chanakya.pillai441@example.com,1439.1,paid,2026-04-07,TN-HUB-001
joshua.bali232@example.com,16149.15,paid,2026-04-07,TN-MON-001
libni.palan27@example.com,1599.0,paid,2026-04-08,TN-HUB-001
vasudha.shah487@example.com,1519.05,paid,2026-04-08,TN-HUB-001
udant.hayer63@example.com,4462.15,paid,2026-04-08,TN-MAT-001;TN-CAM-001;TN-LIGHT-001
omaja.badami331@example.com,1419.94,cancelled,2026-04-08,TN-MOUSE-001
harsh.gala471@example.com,5297.0,paid,2026-04-08,TN-CTRL-001;TN-HUB-001;TN-COOL-001
garima.agarwal197@example.com,5197.0,cancelled,2026-04-08,TN-LIGHT-001;TN-HUB-001
finn.kurian250@example.com,6298.0,pending,2026-04-08,TN-SSD-001;TN-STAND-001
nathaniel.kota294@example.com,932.42,pending,2026-04-09,TN-MAT-001
aarna.jaggi223@example.com,1341.59,paid,2026-04-09,TN-STAND-001
vincent.tara453@example.com,16149.15,cancelled,2026-04-09,TN-MON-001
chaman.varty385@example.com,1547.9,pending,2026-04-09,TN-MOUSE-001
bhavna.sood436@example.com,2718.3,paid,2026-04-09,TN-HUB-001
nathaniel.bhardwaj405@example.com,1288.22,paid,2026-04-09,TN-COOL-001
zayan.kamdar491@example.com,4178.1,cancelled,2026-04-09,TN-MAT-001;TN-KB-001
devansh.mital409@example.com,8497.0,paid,2026-04-10,TN-MOUSE-001;TN-KB-001
dipta.shroff14@example.com,1799.0,cancelled,2026-04-10,TN-LIGHT-001
veer.cheema118@example.com,3198.0,paid,2026-04-10,TN-HUB-001
viraj.arora38@example.com,4998.0,failed,2026-04-10,TN-CTRL-001
gabriel.sami457@example.com,4999.0,paid,2026-04-10,TN-SSD-001
yauvani.bhatt117@example.com,3324.05,paid,2026-04-10,TN-KB-001
ikbal.tandon259@example.com,917.21,failed,2026-04-11,TN-MAT-001
benjamin.deol166@example.com,20198.0,paid,2026-04-11,TN-COOL-001;TN-MON-001
banjeet.memon313@example.com,17099.1,cancelled,2026-04-11,TN-MON-001
andrew.tiwari137@example.com,9498.1,paid,2026-04-11,TN-SSD-001
adya.patla150@example.com,1319.25,cancelled,2026-04-11,TN-MOUSE-001
samesh.kashyap173@example.com,18999.0,failed,2026-04-11,TN-MON-001
udant.sundaram260@example.com,18999.0,paid,2026-04-12,TN-MON-001
benjamin.barad351@example.com,2498.0,refunded,2026-04-12,TN-MAT-001;TN-HUB-001
laban.bal366@example.com,2999.0,refunded,2026-04-12,TN-HEADSET-001
jalsa.sangha202@example.com,1278.13,paid,2026-04-12,TN-STAND-001
januja.bal50@example.com,1160.7,cancelled,2026-04-12,TN-STAND-001
chandran.solanki275@example.com,1999.0,cancelled,2026-04-12,TN-CAM-001
saksham.mani448@example.com,3598.0,paid,2026-04-13,TN-LIGHT-001
benjamin.ratta348@example.com,18999.0,paid,2026-04-13,TN-MON-001
mason.koshy350@example.com,2549.15,paid,2026-04-13,TN-HEADSET-001
benjamin.ratta348@example.com,3798.0,pending,2026-04-13,TN-CTRL-001;TN-STAND-001
vasudha.murty344@example.com,2999.0,paid,2026-04-13,TN-HEADSET-001
elijah.wason1@example.com,817.86,failed,2026-04-13,TN-MAT-001
nathaniel.bhardwaj405@example.com,18999.0,paid,2026-04-14,TN-MON-001
yuvraj.gandhi402@example.com,1709.05,paid,2026-04-14,TN-LIGHT-001
jairaj.memon302@example.com,2499.0,pending,2026-04-14,TN-CTRL-001
eshana.dyal296@example.com,2175.11,paid,2026-04-14,PROMO-GIFTSET-01
dayita.sehgal26@example.com,1484.36,refunded,2026-04-14,TN-MOUSE-001
devika.mody133@example.com,4499.1,paid,2026-04-14,TN-SSD-001
shivansh.puri225@example.com,18999.0,paid,2026-04-15,TN-MON-001
radha.hayer83@example.com,18999.0,cancelled,2026-04-15,TN-MON-001
charles.chaudry48@example.com,2849.05,paid,2026-04-15,TN-HEADSET-001
chakradhar.deol8@example.com,3499.0,failed,2026-04-15,TN-KB-001
rudra.ahuja254@example.com,20423.1,paid,2026-04-15,TN-MON-001;TN-CTRL-001
hansupasna@example.net,2973.3,paid,2026-04-15,TN-MOUSE-001;TN-CAM-001
reyansh.kohli220@example.com,1319.29,paid,2026-04-15,TN-STAND-001
chandran.solanki275@example.com,7997.0,paid,2026-04-15,TN-CAM-001;TN-HEADSET-001
harsh.agrawal311@example.com,28115.25,paid,2026-04-15,TN-MON-001;TN-KB-001;TN-LIGHT-001
bachittar.bala427@example.com,4499.1,paid,2026-04-16,TN-SSD-001
maanas.chaudry56@example.com,4999.0,failed,2026-04-16,TN-SSD-001
brinda.thaker85@example.com,37998.0,paid,2026-04-16,TN-MON-001
osha.patil253@example.com,1529.15,paid,2026-04-17,TN-LIGHT-001
rayaan.malhotra96@example.com,4298.0,paid,2026-04-17,TN-STAND-001;TN-HEADSET-001
gavin.gade327@example.com,9296.0,cancelled,2026-04-17,TN-HEADSET-001;TN-MOUSE-001;TN-LIGHT-001
ikbal.shankar237@example.com,1235.83,paid,2026-04-17,TN-COOL-001
zashil91@example.net,2549.15,failed,2026-04-17,TN-HEADSET-001
benjamin.deol166@example.com,20966.4,paid,2026-04-17,TN-MON-001;TN-MOUSE-001;TN-STAND-001
chandresh.bahl168@example.com,4998.0,paid,2026-04-17,TN-MOUSE-001;TN-KB-001
samesh.jani434@example.com,4749.05,paid,2026-04-17,TN-SSD-001
samar.balay324@example.com,1599.0,paid,2026-04-17,TN-HUB-001
udarsh.dubey236@example.com,37998.0,paid,2026-04-18,TN-MON-001
patilmichael@example.com,1397.73,paid,2026-04-18,TN-STAND-001
imaran.edwin131@example.com,3992.45,paid,2026-04-18,TN-MOUSE-001;TN-HUB-001
zaid.lata205@example.com,17168.3,paid,2026-04-18,TN-COOL-001;TN-MON-001
sanya.shanker358@example.com,2898.0,paid,2026-04-18,TN-HUB-001;TN-STAND-001
frado.raj146@example.com,1999.0,paid,2026-04-19,TN-CAM-001
apteshaurya@example.org,3798.0,pending,2026-04-19,TN-LIGHT-001;TN-CAM-001
hardik.kalla180@example.com,5197.0,paid,2026-04-19,TN-HUB-001;TN-LIGHT-001
wridesh.sangha105@example.com,1709.05,cancelled,2026-04-19,TN-LIGHT-001
udant.hayer63@example.com,12796.0,paid,2026-04-19,TN-LIGHT-001;TN-HEADSET-001;TN-SSD-001
jagvi.sethi379@example.com,1709.05,refunded,2026-04-19,TN-LIGHT-001
jalsa.sangha202@example.com,16149.15,paid,2026-04-19,TN-MON-001
imaran.hari367@example.com,1404.46,cancelled,2026-04-20,TN-MOUSE-001
naksh.krishna486@example.com,6498.0,failed,2026-04-20,TN-SSD-001;TN-MOUSE-001
yashvi.bahl90@example.com,1293.36,paid,2026-04-20,TN-COOL-001
krisha.mutti196@example.com,5498.0,paid,2026-04-20,TN-CTRL-001;TN-HEADSET-001
omya.boase4@example.com,4498.0,paid,2026-04-20,TN-MOUSE-001;TN-HEADSET-001
rishi.tara249@example.com,1519.05,paid,2026-04-20,TN-HUB-001
idika.singh445@example.com,36098.1,cancelled,2026-04-20,TN-MON-001
aachal.lad304@example.com,972.97,paid,2026-04-20,TN-MAT-001
jackson.tak29@example.com,3211.47,refunded,2026-04-21,PROMO-GIFTSET-01
jairaj.setty128@example.com,2999.0,cancelled,2026-04-21,TN-HEADSET-001
baghyawati.mishra213@example.com,1192.29,paid,2026-04-21,TN-COOL-001
jyoti.dhingra382@example.com,2499.0,paid,2026-04-21,TN-CTRL-001
balveer.agarwal238@example.com,2698.0,pending,2026-04-21,TN-COOL-001;TN-MOUSE-001
vincent.tara453@example.com,4597.0,paid,2026-04-21,TN-STAND-001;TN-CAM-001
nirja.shan496@example.com,3615.31,cancelled,2026-04-21,OLD-BUNDLE-2024
benjamin.deol166@example.com,3988.1,paid,2026-04-21,TN-HEADSET-001;TN-COOL-001
apteshaurya@example.org,1799.1,paid,2026-04-21,TN-CAM-001
onkar.sarin447@example.com,1264.46,refunded,2026-04-21,TN-COOL-001
aarna.jaggi223@example.com,2974.15,paid,2026-04-21,TN-KB-001
isaac.chaudhary241@example.com,6996.0,paid,2026-04-22,TN-MOUSE-001;TN-CAM-001
gabriel.sami457@example.com,7136.6,paid,2026-04-22,TN-KB-001;TN-COOL-001;TN-CTRL-001
fbhandari@example.net,1899.05,pending,2026-04-22,TN-CAM-001
dayamai.sankaran274@example.com,5748.01,pending,2026-04-22,OLD-BUNDLE-2024
charvi.date343@example.com,3988.1,paid,2026-04-22,TN-HEADSET-001;TN-COOL-001
leena.ratta230@example.com,18999.0,paid,2026-04-22,TN-MON-001
eiravati.khare222@example.com,1799.0,paid,2026-04-22,TN-LIGHT-001
qarin.ramanathan497@example.com,2999.0,paid,2026-04-22,TN-HEADSET-001
turvi.khanna466@example.com,1899.05,paid,2026-04-22,TN-CAM-001
urvi.bhattacharyya25@example.com,971.92,paid,2026-04-22,TN-MAT-001
jdada@example.org,1540.99,paid,2026-04-22,TN-MOUSE-001
gavin.gade327@example.com,4999.0,paid,2026-04-22,TN-SSD-001
frado.joshi298@example.com,18999.0,paid,2026-04-22,TN-MON-001
girish.swamy450@example.com,5578.2,pending,2026-04-22,TN-COOL-001;TN-SSD-001
damyanti.sahni329@example.com,3198.0,paid,2026-04-23,TN-HUB-001
azad.muni268@example.com,2374.05,paid,2026-04-23,TN-CTRL-001
rushil.dey142@example.com,1599.0,failed,2026-04-23,TN-HUB-001
patilmichael@example.com,2088.1,paid,2026-04-23,TN-STAND-001;TN-MAT-001
idika.bhagat143@example.com,1247.05,paid,2026-04-23,TN-COOL-001
udarsh.sachdev394@example.com,22498.0,paid,2026-04-23,TN-KB-001;TN-MON-001
kevin.suresh390@example.com,2999.0,pending,2026-04-24,TN-HEADSET-001
zayyan.palan52@example.com,4499.1,refunded,2026-04-24,TN-SSD-001
rachana.muni231@example.com,1547.07,paid,2026-04-24,TN-MOUSE-001
ubika.bains479@example.com,1346.9,paid,2026-04-24,TN-MOUSE-001
tarak.chand446@example.com,3324.05,refunded,2026-04-24,TN-KB-001
lipika.chadha345@example.com,2374.05,cancelled,2026-04-24,TN-CTRL-001
imaran.edwin131@example.com,7498.0,paid,2026-04-24,TN-SSD-001;TN-CTRL-001
upasnapant@example.org,20998.0,paid,2026-04-25,TN-MON-001;TN-CAM-001
urvi.palla80@example.com,1799.0,paid,2026-04-25,TN-LIGHT-001
owen.oommen221@example.com,4999.0,paid,2026-04-26,TN-SSD-001
leela.swaminathan342@example.com,2598.0,cancelled,2026-04-26,TN-STAND-001
urmi.lad67@example.com,1294.93,failed,2026-04-26,TN-COOL-001
triya.pant28@example.com,3198.0,paid,2026-04-26,TN-HUB-001
dayamai.kamdar152@example.com,1799.0,paid,2026-04-26,TN-LIGHT-001
ati.loyal303@example.com,1519.05,paid,2026-04-26,TN-HUB-001
kala.vig495@example.com,5398.2,cancelled,2026-04-27,TN-CTRL-001;TN-KB-001
akshay.bobal144@example.com,2374.05,paid,2026-04-27,TN-CTRL-001
yauvani.patla389@example.com,2499.0,refunded,2026-04-27,TN-CTRL-001
faras.murthy22@example.com,1473.36,pending,2026-04-27,TN-MOUSE-001
chaman.varty385@example.com,1799.0,refunded,2026-04-27,TN-LIGHT-001
urvi.palla80@example.com,3898.0,cancelled,2026-04-27,TN-HEADSET-001;TN-MAT-001
gautami.lall415@example.com,2849.05,paid,2026-04-27,TN-HEADSET-001
harrison.rana326@example.com,1519.05,failed,2026-04-27,TN-HUB-001
nidhi.baria279@example.com,1591.08,paid,2026-04-28,TN-MOUSE-001
vrishti.shroff357@example.com,7017.3,paid,2026-04-28,TN-LIGHT-001;TN-CTRL-001;TN-KB-001
darsh.sunder179@example.com,5012.45,failed,2026-04-28,TN-MAT-001;TN-CTRL-001
sanya.shanker358@example.com,4998.0,paid,2026-04-28,TN-MOUSE-001;TN-KB-001
baljiwan.chadha3@example.com,27296.0,cancelled,2026-04-28,TN-MON-001;TN-KB-001;TN-STAND-001
jalsa.sangha202@example.com,20998.0,paid,2026-04-28,TN-CAM-001;TN-MON-001
chaman.varty385@example.com,7902.45,paid,2026-04-28,TN-SSD-001;TN-CTRL-001;TN-LIGHT-001
kai.bassi130@example.com,1157.32,paid,2026-04-29,TN-STAND-001
charles.chaudry48@example.com,1799.0,paid,2026-04-29,TN-LIGHT-001
rishi.kashyap257@example.com,2398.0,paid,2026-04-29,TN-COOL-001
vaishnavi.shroff287@example.com,18268.2,paid,2026-04-29,TN-STAND-001;TN-MON-001
aarini.ravel480@example.com,1899.05,failed,2026-04-29,TN-CAM-001
viraj.arora38@example.com,1285.31,refunded,2026-04-29,TN-STAND-001
rayaan.malhotra96@example.com,8096.0,paid,2026-04-29,TN-KB-001;TN-STAND-001;TN-CAM-001
adweta.parsa189@example.com,2608.2,paid,2026-04-29,TN-STAND-001;TN-HUB-001
chanakya.pillai441@example.com,2499.0,paid,2026-04-29,TN-CTRL-001
chaitanya.bhatia403@example.com,16149.15,paid,2026-04-29,TN-MON-001
chakradev.bains391@example.com,6998.0,paid,2026-04-29,TN-KB-001
falak.anne489@example.com,845.98,refunded,2026-04-29,TN-MAT-001
anusha.raja499@example.com,2499.0,paid,2026-04-30,TN-CTRL-001
leela.parmer349@example.com,3133.1,pending,2026-04-30,TN-CAM-001;TN-STAND-001
fbhandari@example.net,1356.51,paid,2026-04-30,TN-STAND-001
meera.bajaj159@example.com,5887.15,paid,2026-04-30,TN-KB-001;TN-MAT-001;TN-LIGHT-001
kevin.suresh390@example.com,5098.0,paid,2026-04-30,TN-KB-001;TN-HUB-001
warinder.narang291@example.com,1373.51,paid,2026-04-30,TN-STAND-001
zaitra.bajaj58@example.com,3297.0,paid,2026-05-01,TN-COOL-001;TN-MAT-001
yuvraj.gandhi402@example.com,3198.0,paid,2026-05-01,TN-CAM-001;TN-COOL-001
gavin.gade327@example.com,1821.76,paid,2026-05-01,OLD-BUNDLE-2024
urvi.bhattacharyya25@example.com,4999.0,paid,2026-05-01,TN-SSD-001
chatura.kala262@example.com,3998.0,paid,2026-05-01,TN-CAM-001
zaid.lata205@example.com,4999.0,failed,2026-05-01,TN-SSD-001
eshana.dyal296@example.com,5397.3,pending,2026-05-02,TN-KB-001;TN-STAND-001;TN-COOL-001
bakhshi.shetty280@example.com,1289.19,paid,2026-05-02,TN-STAND-001
saumya.kothari235@example.com,4098.0,pending,2026-05-02,TN-HUB-001;TN-CTRL-001
tanmayi.boase170@example.com,2633.3,paid,2026-05-02,TN-LIGHT-001;TN-STAND-001
yauvani.patla389@example.com,4798.0,failed,2026-05-02,TN-STAND-001;TN-KB-001
ekiya.konda151@example.com,6387.3,paid,2026-05-02,TN-LIGHT-001;TN-KB-001
hardik.kalla180@example.com,1368.72,failed,2026-05-02,TN-STAND-001
rayaan.goyal267@example.com,3499.0,paid,2026-05-02,TN-KB-001
gautammishra@example.org,1547.95,paid,2026-05-03,TN-MOUSE-001
wridesh.sangha105@example.com,1350.14,paid,2026-05-03,TN-STAND-001
wridesh.sangha105@example.com,3499.0,paid,2026-05-03,TN-KB-001
krisha46@example.net,2803.3,paid,2026-05-03,TN-MOUSE-001;TN-LIGHT-001
pahal.kuruvilla121@example.com,6598.0,paid,2026-05-03,TN-HUB-001;TN-SSD-001
thomas.sethi218@example.com,21373.1,paid,2026-05-03,TN-MON-001;TN-KB-001
kamya.jhaveri458@example.com,1272.37,pending,2026-05-03,TN-COOL-001
yatan.tripathi309@example.com,5998.0,paid,2026-05-03,TN-HEADSET-001
urvi.bhattacharyya25@example.com,1999.0,paid,2026-05-03,TN-CAM-001
nirja.shan496@example.com,18049.05,paid,2026-05-03,TN-MON-001
azaan.sachar443@example.com,1359.64,paid,2026-05-03,TN-MOUSE-001
urmi.sachdeva212@example.com,3046.44,cancelled,2026-05-03,PROMO-GIFTSET-01
eshana.tiwari99@example.com,2499.0,paid,2026-05-03,TN-CTRL-001
hamsini.bhatia226@example.com,18999.0,pending,2026-05-04,TN-MON-001
nandini.karan64@example.com,18999.0,paid,2026-05-04,TN-MON-001
urvashi.suri233@example.com,3598.0,cancelled,2026-05-04,TN-CAM-001;TN-HUB-001
kabir.krishnamurthy240@example.com,4651.2,paid,2026-05-04,TN-MAT-001;TN-LIGHT-001;TN-STAND-001
yauvani.patla389@example.com,3597.0,cancelled,2026-05-04,TN-MAT-001;TN-LIGHT-001
eshana.tiwari99@example.com,1798.0,paid,2026-05-04,TN-MAT-001
ssidhu@example.net,1375.89,paid,2026-05-04,TN-STAND-001
udarsh.dubey236@example.com,899.17,cancelled,2026-05-04,TN-MAT-001
abhiram.mitter290@example.com,6648.1,paid,2026-05-05,TN-CAM-001;TN-SSD-001
qarin.ramanathan497@example.com,2548.3,refunded,2026-05-05,TN-MOUSE-001
maanas.chaudry56@example.com,2998.0,paid,2026-05-05,TN-MOUSE-001
bakhshi.shetty280@example.com,5698.1,cancelled,2026-05-05,TN-HEADSET-001
zashil.bansal136@example.com,5097.0,paid,2026-05-05,TN-HEADSET-001;TN-COOL-001;TN-MAT-001
manthan.yadav122@example.com,2974.15,paid,2026-05-05,TN-KB-001
elijah.luthra125@example.com,3350.55,paid,2026-05-05,OLD-BUNDLE-2024
veer.karnik482@example.com,2798.0,paid,2026-05-05,TN-HUB-001;TN-COOL-001
bimala.shanker185@example.com,37998.0,paid,2026-05-05,TN-MON-001
dipta.shroff14@example.com,1359.15,paid,2026-05-05,TN-HUB-001
janya.buch69@example.com,5197.0,paid,2026-05-05,TN-CAM-001;TN-HUB-001
dipta.vaidya364@example.com,1140.03,paid,2026-05-05,TN-COOL-001
owen.trivedi408@example.com,975.35,paid,2026-05-05,TN-MAT-001
jhalak.sekhon355@example.com,970.92,refunded,2026-05-06,TN-MAT-001
jairaj.setty128@example.com,5297.0,failed,2026-05-06,TN-LIGHT-001;TN-CAM-001;TN-MOUSE-001
rudra.ahuja254@example.com,965.99,pending,2026-05-06,TN-MAT-001
sanya.shanker358@example.com,2849.05,paid,2026-05-06,TN-HEADSET-001
anusha.raja499@example.com,6498.0,paid,2026-05-07,TN-SSD-001;TN-MOUSE-001
darika.kala425@example.com,962.88,paid,2026-05-07,TN-MAT-001
chakradhar.deol8@example.com,6998.0,cancelled,2026-05-07,TN-KB-001
jyoti.oak319@example.com,41846.4,paid,2026-05-07,TN-MON-001;TN-SSD-001;TN-KB-001
veda.bhatnagar325@example.com,2718.3,paid,2026-05-07,TN-HUB-001
chandran.solanki275@example.com,2999.0,paid,2026-05-07,TN-HEADSET-001
jairaj.setty128@example.com,4999.0,paid,2026-05-07,TN-SSD-001
patrick.dora37@example.com,924.72,paid,2026-05-07,TN-MAT-001
devika.parikh330@example.com,5498.0,refunded,2026-05-07,TN-CAM-001;TN-KB-001
ijaya.dyal469@example.com,18999.0,paid,2026-05-07,TN-MON-001
urmi.lad67@example.com,3499.0,paid,2026-05-08,TN-KB-001
bahadurjit.arora477@example.com,3298.0,refunded,2026-05-08,TN-STAND-001;TN-CAM-001
krisha.ganguly377@example.com,1167.19,paid,2026-05-08,TN-COOL-001
logan85@example.net,4558.1,paid,2026-05-08,TN-STAND-001;TN-KB-001
kashvi.narula269@example.com,23998.0,paid,2026-05-08,TN-MON-001;TN-SSD-001
oni32@example.com,21998.0,paid,2026-05-08,TN-HEADSET-001;TN-MON-001
lakshit.mangat210@example.com,3324.05,paid,2026-05-08,TN-KB-001
ijaya.mander340@example.com,5126.4,failed,2026-05-09,TN-MAT-001;TN-LIGHT-001;TN-MOUSE-001
vivaangrewal@example.com,2968.2,paid,2026-05-09,TN-MOUSE-001;TN-LIGHT-001
udant.hayer63@example.com,8498.3,cancelled,2026-05-09,TN-SSD-001
vivaangrewal@example.com,2468.1,paid,2026-05-09,TN-STAND-001
garima.kumar177@example.com,1799.0,paid,2026-05-09,TN-LIGHT-001
jagdish.ganesh216@example.com,1799.0,paid,2026-05-09,TN-LIGHT-001
balveer.agarwal238@example.com,4196.0,refunded,2026-05-10,TN-COOL-001;TN-MAT-001
arjun.kaur286@example.com,41196.0,paid,2026-05-10,TN-MON-001;TN-HUB-001
urvashi.ratta359@example.com,1798.0,paid,2026-05-10,TN-MAT-001
amara.mitra467@example.com,16149.15,paid,2026-05-10,TN-MON-001
devika.mody133@example.com,941.04,paid,2026-05-10,TN-MAT-001
vrishti.shroff357@example.com,4499.1,paid,2026-05-10,TN-SSD-001
kashvi.sangha207@example.com,2998.0,paid,2026-05-10,TN-MOUSE-001
udant.sundaram260@example.com,1443.12,paid,2026-05-11,TN-MOUSE-001
bahadurjit.arora477@example.com,3777.3,paid,2026-05-11,TN-LIGHT-001;TN-COOL-001
patrick.dora37@example.com,1599.0,refunded,2026-05-11,TN-HUB-001
owen.oommen221@example.com,1377.31,paid,2026-05-11,TN-STAND-001
qasim.muni323@example.com,4998.0,paid,2026-05-11,TN-HEADSET-001;TN-CAM-001
amara.mitra467@example.com,1286.31,paid,2026-05-11,TN-STAND-001
gavin.gade327@example.com,7497.0,paid,2026-05-11,TN-KB-001;TN-CAM-001
yamini.bir255@example.com,6498.0,paid,2026-05-11,TN-MOUSE-001;TN-SSD-001
hemal.sen18@example.com,2548.3,paid,2026-05-11,TN-MOUSE-001
darika.golla10@example.com,2398.0,failed,2026-05-11,TN-MAT-001;TN-MOUSE-001
riya.mutti104@example.com,1263.42,paid,2026-05-12,TN-COOL-001
elijah.raman234@example.com,1214.51,paid,2026-05-12,TN-STAND-001
imaran.edwin131@example.com,18999.0,paid,2026-05-12,TN-MON-001
samaksh.sem102@example.com,3499.0,paid,2026-05-12,TN-KB-001
lucky.sagar263@example.com,1278.42,failed,2026-05-12,TN-COOL-001
jagdish.bedi314@example.com,5897.0,pending,2026-05-13,TN-COOL-001;TN-KB-001
maanav.bassi163@example.com,1999.0,paid,2026-05-13,TN-CAM-001
yug.rao31@example.com,1799.0,paid,2026-05-13,TN-LIGHT-001
amara.mitra467@example.com,1209.52,paid,2026-05-13,TN-STAND-001
urvashi.ratta359@example.com,1799.0,failed,2026-05-13,TN-LIGHT-001
harsh.gala471@example.com,2498.0,paid,2026-05-13,TN-STAND-001;TN-COOL-001
inaya.sawhney401@example.com,5584.7,paid,2026-05-13,PROMO-GIFTSET-01
jackson.tak29@example.com,1799.0,paid,2026-05-14,TN-LIGHT-001
vrishti.shroff357@example.com,4407.3,paid,2026-05-14,TN-COOL-001;TN-CTRL-001
azaan.roy278@example.com,3368.4,paid,2026-05-14,PROMO-GIFTSET-01
shravya.char398@example.com,1346.06,failed,2026-05-15,TN-STAND-001
vasudha.murty344@example.com,1591.92,paid,2026-05-15,TN-MOUSE-001
yahvi.wadhwa228@example.com,3598.2,paid,2026-05-15,TN-CTRL-001;TN-MOUSE-001
zehaan.devan108@example.com,873.24,cancelled,2026-05-15,TN-MAT-001
elijah.wason1@example.com,2428.2,paid,2026-05-15,TN-MOUSE-001;TN-COOL-001
yoshita.soman138@example.com,823.07,pending,2026-05-15,TN-MAT-001
jagdish.ganesh216@example.com,32298.3,paid,2026-05-15,TN-MON-001
nidhi.baria279@example.com,1217.02,paid,2026-05-15,TN-COOL-001
rushil.brahmbhatt176@example.com,1583.99,paid,2026-05-15,TN-MOUSE-001
kiaan.arora178@example.com,4999.0,failed,2026-05-15,TN-SSD-001
adweta.nadig284@example.com,4272.15,refunded,2026-05-16,TN-LIGHT-001;TN-MAT-001
dipta.shroff14@example.com,6197.0,pending,2026-05-16,TN-CTRL-001;TN-COOL-001
benjamin.barad351@example.com,6195.0,paid,2026-05-16,TN-MAT-001;TN-COOL-001;TN-CAM-001
chaitanya.bhatia403@example.com,3598.0,paid,2026-05-16,TN-LIGHT-001
ronith.nazareth71@example.com,1599.0,cancelled,2026-05-16,TN-HUB-001
yashvi.bahl90@example.com,3324.05,paid,2026-05-16,TN-KB-001
pranav.saraf75@example.com,3499.0,paid,2026-05-16,TN-KB-001
benjamin.barad351@example.com,1798.0,paid,2026-05-16,TN-MAT-001
xavier.soman246@example.com,1999.0,paid,2026-05-16,TN-CAM-001
ayaan.bhatnagar98@example.com,4497.0,paid,2026-05-16,TN-STAND-001;TN-HUB-001
aarna.jaggi223@example.com,5498.0,paid,2026-05-17,TN-HEADSET-001;TN-CTRL-001
elijah.raman234@example.com,3324.05,paid,2026-05-17,TN-KB-001
bimala.shanker185@example.com,2968.2,paid,2026-05-17,TN-STAND-001;TN-CAM-001
udarsh.sachdev394@example.com,2998.0,paid,2026-05-17,TN-MOUSE-001
rayaan.goyal267@example.com,6998.0,paid,2026-05-17,TN-KB-001
chandran.datta211@example.com,7996.0,cancelled,2026-05-17,TN-CTRL-001;TN-MOUSE-001
meera.chawla44@example.com,6458.1,paid,2026-05-18,TN-LIGHT-001;TN-SSD-001
nitesh.oommen20@example.com,3513.1,paid,2026-05-18,TN-COOL-001;TN-CTRL-001
yamini.bir255@example.com,1494.03,cancelled,2026-05-18,TN-MOUSE-001
vyanjana.mani368@example.com,1599.0,paid,2026-05-18,TN-HUB-001
yuvraj.gandhi402@example.com,2499.0,pending,2026-05-18,TN-CTRL-001
osalvi@example.net,3398.0,paid,2026-05-18,TN-MAT-001;TN-CTRL-001
urmi.sachdeva212@example.com,18049.05,failed,2026-05-19,TN-MON-001
george.madan229@example.com,2278.1,paid,2026-05-19,TN-COOL-001
anusha.raja499@example.com,1439.1,pending,2026-05-19,TN-HUB-001
zarna.peri61@example.com,2124.15,paid,2026-05-19,TN-CTRL-001
leena.chhabra433@example.com,5608.3,paid,2026-05-19,TN-HUB-001;TN-SSD-001
ucchal.shukla182@example.com,7998.0,paid,2026-05-19,TN-HEADSET-001;TN-SSD-001
mohammed.pau107@example.com,1599.0,paid,2026-05-19,TN-HUB-001
qarin.ramanathan497@example.com,2499.0,paid,2026-05-19,TN-CTRL-001
daksha.kaul160@example.com,1799.0,failed,2026-05-20,TN-LIGHT-001
banjeet.de363@example.com,3823.3,paid,2026-05-20,TN-CAM-001;TN-CTRL-001
rohan.rajagopalan472@example.com,1599.0,paid,2026-05-20,TN-HUB-001
ishwar.wali378@example.com,5197.0,pending,2026-05-20,TN-COOL-001;TN-CAM-001
waida.bandi252@example.com,7598.1,pending,2026-05-20,TN-SSD-001;TN-HEADSET-001
anika.rout328@example.com,2499.0,cancelled,2026-05-20,TN-CTRL-001
saumya.ratti33@example.com,3798.1,paid,2026-05-20,TN-CAM-001
vedika.ramesh192@example.com,2598.0,refunded,2026-05-20,TN-STAND-001
kashvi.narula269@example.com,7296.0,paid,2026-05-20,TN-LIGHT-001;TN-CTRL-001;TN-MOUSE-001
januja.bal50@example.com,6298.2,paid,2026-05-20,TN-KB-001
samesh.kashyap173@example.com,1599.0,paid,2026-05-20,TN-HUB-001
amruta.sehgal149@example.com,5847.3,paid,2026-05-20,TN-CTRL-001;TN-MOUSE-001
wridesh.sangha105@example.com,2699.1,failed,2026-05-21,TN-HEADSET-001
urmi.wali423@example.com,5797.0,pending,2026-05-21,TN-HEADSET-001;TN-COOL-001;TN-HUB-001
qasim.muni323@example.com,7896.0,refunded,2026-05-21,TN-HEADSET-001;TN-COOL-001;TN-CTRL-001
falak.gulati470@example.com,22297.0,paid,2026-05-21,TN-MON-001;TN-LIGHT-001;TN-MOUSE-001
ubika.bains479@example.com,2698.0,cancelled,2026-05-21,TN-COOL-001;TN-MOUSE-001
triveni.pathak292@example.com,3098.0,pending,2026-05-21,TN-STAND-001;TN-LIGHT-001
kashvi.narula269@example.com,9998.0,paid,2026-05-21,TN-SSD-001
udant.sundaram260@example.com,1575.08,paid,2026-05-22,OLD-BUNDLE-2024
gavin.gade327@example.com,7397.0,paid,2026-05-22,TN-MAT-001;TN-MOUSE-001;TN-SSD-001
mekhala.bawa7@example.com,808.37,paid,2026-05-22,TN-MAT-001
farhan.mammen271@example.com,1799.0,paid,2026-05-22,TN-LIGHT-001
abhiram.mitter290@example.com,1599.0,paid,2026-05-22,TN-HUB-001
azad.muni268@example.com,4398.0,paid,2026-05-22,TN-MAT-001;TN-KB-001
viraj.arora38@example.com,17099.1,paid,2026-05-22,TN-MON-001
kiaan.arora178@example.com,6997.0,pending,2026-05-22,TN-CTRL-001;TN-MOUSE-001;TN-HEADSET-001
ganga.bumb383@example.com,6837.15,pending,2026-05-22,TN-HEADSET-001;TN-COOL-001
chatura.thaman365@example.com,6117.3,paid,2026-05-23,TN-CTRL-001;TN-LIGHT-001
yauvani.gokhale316@example.com,1239.9,paid,2026-05-23,TN-COOL-001
garima.kumar177@example.com,3499.0,paid,2026-05-23,TN-KB-001
ronith.raman332@example.com,1554.71,pending,2026-05-23,TN-MOUSE-001
gabriel.randhawa76@example.com,16149.15,cancelled,2026-05-24,TN-MON-001
jalsa.sangha202@example.com,1297.87,paid,2026-05-24,TN-COOL-001
libni.palan27@example.com,856.3,pending,2026-05-24,TN-MAT-001
mason.koshy350@example.com,16913.3,paid,2026-05-24,TN-MAT-001;TN-MON-001
ronith.raman332@example.com,18999.0,paid,2026-05-24,TN-MON-001
dominic.som171@example.com,38472.15,paid,2026-05-24,TN-MON-001;TN-CTRL-001
onkar.sarin447@example.com,20652.45,cancelled,2026-05-24,TN-KB-001;TN-LIGHT-001;TN-MON-001
onveer.bhavsar341@example.com,9211.2,pending,2026-05-24,TN-HEADSET-001;TN-CTRL-001;TN-COOL-001
yauvani.patla389@example.com,20998.0,paid,2026-05-24,TN-CAM-001;TN-MON-001
raghav.pradhan11@example.com,2499.0,refunded,2026-05-25,TN-CTRL-001
vinaya.shukla54@example.com,1169.42,paid,2026-05-25,TN-COOL-001
benjamin.barad351@example.com,995.95,paid,2026-05-25,TN-MAT-001
rushil.brahmbhatt176@example.com,1256.47,paid,2026-05-25,TN-STAND-001
qasim.muni323@example.com,17099.1,failed,2026-05-25,TN-MON-001
sathvik.lall373@example.com,3238.2,paid,2026-05-25,TN-LIGHT-001
indali.kunda440@example.com,5033.1,paid,2026-05-25,TN-LIGHT-001;TN-KB-001
qasim.muni323@example.com,6172.15,paid,2026-05-26,TN-MOUSE-001;TN-CTRL-001
advik.hegde406@example.com,1899.05,paid,2026-05-26,TN-CAM-001
kashish.sekhon276@example.com,1572.69,pending,2026-05-26,TN-MOUSE-001
urvashi.goswami347@example.com,4798.0,paid,2026-05-27,TN-LIGHT-001;TN-HEADSET-001
gabriel.sami457@example.com,19798.2,paid,2026-05-27,TN-MON-001;TN-HEADSET-001
kashvi.narula269@example.com,2697.3,paid,2026-05-27,TN-COOL-001;TN-MAT-001
arunima.parsa227@example.com,1799.1,cancelled,2026-05-27,TN-CAM-001
inaya.kalla318@example.com,21797.0,refunded,2026-05-27,TN-MOUSE-001;TN-MON-001;TN-STAND-001
yashica.kota101@example.com,1359.15,paid,2026-05-28,TN-HUB-001
dev.nori282@example.com,9998.0,cancelled,2026-05-28,TN-SSD-001
akshay.bobal144@example.com,1249.47,paid,2026-05-28,TN-COOL-001
yoshita.soman138@example.com,4587.3,paid,2026-05-28,TN-LIGHT-001;TN-MOUSE-001
raagini.gade145@example.com,982.11,paid,2026-05-28,TN-MAT-001
dayamai.sankaran274@example.com,3418.2,paid,2026-05-28,TN-CTRL-001;TN-STAND-001
owen.trivedi408@example.com,1321.84,paid,2026-05-28,TN-STAND-001
turvi.khanna466@example.com,2499.0,paid,2026-05-28,TN-CTRL-001
saumya.kothari235@example.com,4897.0,paid,2026-05-28,TN-STAND-001;TN-LIGHT-001
zehaan.pradhan200@example.com,2974.15,paid,2026-05-29,TN-KB-001
eiravati.khare222@example.com,2898.0,cancelled,2026-05-29,TN-MAT-001;TN-CAM-001
ryan.venkataraman492@example.com,1386.68,paid,2026-05-29,TN-STAND-001
omaja.badami331@example.com,4082.15,paid,2026-05-29,TN-MOUSE-001;TN-COOL-001;TN-HUB-001
daksh.dhingra261@example.com,3398.0,paid,2026-05-29,TN-LIGHT-001;TN-HUB-001
joshua.bali232@example.com,3499.0,paid,2026-05-29,TN-KB-001
ekansh.batra431@example.com,23896.0,refunded,2026-05-29,TN-MON-001;TN-COOL-001;TN-CTRL-001
wakeeta.raja174@example.com,1566.45,paid,2026-05-29,TN-MOUSE-001
osalvi@example.net,1293.3,cancelled,2026-05-30,TN-COOL-001
watika.wali13@example.com,1699.15,paid,2026-05-30,TN-CAM-001
kai.bassi130@example.com,2849.05,cancelled,2026-05-30,TN-HEADSET-001
chaman.varty385@example.com,1343.44,refunded,2026-05-31,TN-STAND-001
hredhaan.edwin428@example.com,18049.05,paid,2026-05-31,TN-MON-001
yamini.bir255@example.com,17099.1,paid,2026-05-31,TN-MON-001
nandini.bhatia45@example.com,957.02,paid,2026-05-31,TN-MAT-001
frado.joshi298@example.com,2518.2,pending,2026-05-31,TN-HUB-001;TN-COOL-001
viraj.arora38@example.com,1378.71,paid,2026-05-31,TN-STAND-001
pratyush.madan120@example.com,16149.15,paid,2026-05-31,TN-MON-001
sathvik.lall373@example.com,3892.15,paid,2026-05-31,TN-COOL-001;TN-HUB-001;TN-STAND-001
damyanti.bhakta248@example.com,3499.0,pending,2026-05-31,TN-KB-001
benjamin.ratta348@example.com,959.74,paid,2026-05-31,TN-MAT-001
vrishti.cherian490@example.com,3598.2,refunded,2026-05-31,TN-CAM-001
kiaan.jayaraman395@example.com,940.49,paid,2026-05-31,TN-MAT-001
leena.ratta230@example.com,5922.48,cancelled,2026-05-31,PROMO-GIFTSET-01
karan.bail81@example.com,4843.1,refunded,2026-05-31,TN-HUB-001;TN-KB-001
saumya.ratti33@example.com,1439.1,paid,2026-05-31,TN-HUB-001
balvan.jani321@example.com,5777.45,failed,2026-06-01,TN-MAT-001;TN-SSD-001
dayita.munshi386@example.com,2499.0,paid,2026-06-01,TN-CTRL-001
yashica.kota101@example.com,13996.0,failed,2026-06-01,TN-CAM-001;TN-SSD-001
omaja.badami331@example.com,2374.05,paid,2026-06-01,TN-CTRL-001
urvi.bhattacharyya25@example.com,3133.1,refunded,2026-06-01,TN-CAM-001;TN-STAND-001
faris.sethi412@example.com,1200.11,paid,2026-06-01,TN-COOL-001
yashica.kota101@example.com,18049.05,paid,2026-06-01,TN-MON-001
zayyan.dutt370@example.com,1380.09,failed,2026-06-01,TN-STAND-001
pahal.kuruvilla121@example.com,3499.0,paid,2026-06-01,TN-KB-001
ronith.nazareth71@example.com,2499.0,paid,2026-06-01,TN-CTRL-001
inaya.taneja23@example.com,1359.15,cancelled,2026-06-01,TN-HUB-001
rushil.dey142@example.com,2124.15,paid,2026-06-01,TN-CTRL-001
vincent.barad414@example.com,4048.2,paid,2026-06-01,TN-CTRL-001;TN-CAM-001
gavin.gade327@example.com,18999.0,paid,2026-06-02,TN-MON-001
januja.iyengar432@example.com,3499.0,paid,2026-06-02,TN-KB-001
pahal.kuruvilla121@example.com,1799.0,pending,2026-06-02,TN-LIGHT-001
pahal.kuruvilla121@example.com,4398.0,paid,2026-06-02,TN-KB-001;TN-MAT-001
yashica.aurora418@example.com,3868.2,paid,2026-06-03,TN-CTRL-001;TN-LIGHT-001
sanya.shanker358@example.com,1799.1,paid,2026-06-03,TN-CAM-001
manthan.yadav122@example.com,5804.89,paid,2026-06-03,OLD-BUNDLE-2024
urvashi.goswami347@example.com,3398.3,paid,2026-06-03,TN-CAM-001
sathvik.lall373@example.com,2498.0,paid,2026-06-03,TN-MAT-001;TN-HUB-001
zayyan.wason380@example.com,2698.0,paid,2026-06-03,TN-LIGHT-001;TN-MAT-001
triveni.mallick245@example.com,1582.34,paid,2026-06-03,TN-MOUSE-001
vrinda.sama21@example.com,4798.0,pending,2026-06-04,TN-KB-001;TN-STAND-001
tristan.bhavsar127@example.com,1225.09,pending,2026-06-04,TN-COOL-001
oviya.tara299@example.com,37998.0,paid,2026-06-04,TN-MON-001
upasnapant@example.org,2999.0,paid,2026-06-04,TN-HEADSET-001
pranav.saraf75@example.com,5596.0,paid,2026-06-04,TN-CAM-001;TN-MAT-001;TN-LIGHT-001
nirja.shan496@example.com,4798.0,paid,2026-06-04,TN-HEADSET-001;TN-LIGHT-001
daksha.kaul160@example.com,1173.3,paid,2026-06-04,TN-COOL-001
tanveer.karpe141@example.com,1499.59,paid,2026-06-04,TN-MOUSE-001
ojasvi.parmer35@example.com,3998.0,paid,2026-06-04,TN-CAM-001
libni.palan27@example.com,1978.2,refunded,2026-06-04,TN-MAT-001;TN-STAND-001
urvi.das53@example.com,1279.69,paid,2026-06-04,TN-COOL-001
harrison.rana326@example.com,3198.0,pending,2026-06-05,TN-CAM-001;TN-COOL-001
anusha.raja499@example.com,5937.3,paid,2026-06-05,TN-CTRL-001;TN-HUB-001
jatin.kapoor6@example.com,1219.71,cancelled,2026-06-05,TN-COOL-001
gavin.gade327@example.com,1248.9,pending,2026-06-05,TN-COOL-001
pahal.kuruvilla121@example.com,3737.45,cancelled,2026-06-05,TN-COOL-001;TN-HUB-001
manbir.mittal473@example.com,4999.0,paid,2026-06-05,TN-SSD-001
oni.kibe485@example.com,40997.0,pending,2026-06-05,TN-HEADSET-001;TN-MON-001
bakhshi.shetty280@example.com,1594.79,paid,2026-06-05,TN-MOUSE-001
urmi.lad67@example.com,2499.0,paid,2026-06-05,TN-CTRL-001
vasudha.murty344@example.com,4798.0,pending,2026-06-05,TN-STAND-001;TN-KB-001
yuvraj.thaman156@example.com,17099.1,paid,2026-06-05,TN-MON-001
pranav.saraf75@example.com,1999.0,paid,2026-06-05,TN-CAM-001
pallavi.lal439@example.com,1599.0,paid,2026-06-06,TN-HUB-001
urvashi.ratta359@example.com,5307.3,paid,2026-06-06,TN-MAT-001;TN-CAM-001;TN-HEADSET-001
udarsh.dubey236@example.com,1899.05,paid,2026-06-06,TN-CAM-001
udant.sundaram260@example.com,1798.0,paid,2026-06-06,TN-MAT-001
frado.joshi298@example.com,4999.0,paid,2026-06-06,TN-SSD-001
darsh.sunder179@example.com,37998.0,paid,2026-06-06,TN-MON-001
yahvi.soni442@example.com,1323.5,paid,2026-06-06,TN-STAND-001
idika.singh445@example.com,1147.29,paid,2026-06-06,TN-COOL-001
rushil.dey142@example.com,3148.2,paid,2026-06-06,TN-CAM-001;TN-MOUSE-001
samesh.kashyap173@example.com,4499.1,paid,2026-06-06,TN-SSD-001
bhavna.sood436@example.com,1619.1,failed,2026-06-06,TN-LIGHT-001
ronith.raman332@example.com,17099.1,failed,2026-06-06,TN-MON-001
ronith.nazareth71@example.com,5698.1,paid,2026-06-07,TN-KB-001;TN-CTRL-001
dev.nori282@example.com,3998.0,pending,2026-06-07,TN-CAM-001
turvi.khanna466@example.com,4317.3,paid,2026-06-07,TN-MOUSE-001;TN-CAM-001;TN-STAND-001
amaira.sarin416@example.com,7198.2,refunded,2026-06-07,TN-HEADSET-001;TN-SSD-001
yatin.balakrishnan247@example.com,2374.05,paid,2026-06-07,TN-CTRL-001
advik.hegde406@example.com,1334.08,refunded,2026-06-07,TN-MOUSE-001
jdada@example.org,6498.0,paid,2026-06-07,TN-KB-001;TN-HEADSET-001
madhavpandit@example.net,1799.0,refunded,2026-06-08,TN-LIGHT-001
rishi.kashyap257@example.com,2158.2,paid,2026-06-08,TN-MOUSE-001;TN-MAT-001
yamini.bir255@example.com,18999.0,pending,2026-06-08,TN-MON-001
aarnav.pant392@example.com,4097.0,cancelled,2026-06-08,TN-STAND-001;TN-MOUSE-001
yachana.de89@example.com,1599.0,cancelled,2026-06-08,TN-HUB-001
nathaniel.narain420@example.com,1799.1,cancelled,2026-06-08,TN-CAM-001
zashil.bansal136@example.com,1599.0,paid,2026-06-08,TN-HUB-001
warda.palan451@example.com,5578.2,paid,2026-06-08,TN-COOL-001;TN-SSD-001
gabriel.sami457@example.com,3098.0,paid,2026-06-08,TN-LIGHT-001;TN-STAND-001
pallavi.lal439@example.com,4959.34,paid,2026-06-08,OLD-BUNDLE-2024
saksham.mani448@example.com,6897.0,pending,2026-06-08,TN-MAT-001;TN-HEADSET-001
ikbal.shankar237@example.com,6598.0,failed,2026-06-09,TN-SSD-001;TN-HUB-001
veer.karnik482@example.com,1269.86,paid,2026-06-09,TN-COOL-001
aayush.pall449@example.com,3598.2,paid,2026-06-09,TN-CTRL-001;TN-MOUSE-001
ebhardwaj@example.com,4498.0,paid,2026-06-09,TN-MOUSE-001;TN-HEADSET-001
jeet.setty483@example.com,4169.93,paid,2026-06-09,PROMO-GIFTSET-01
zaid.lata205@example.com,2999.0,paid,2026-06-09,TN-HEADSET-001
chatura.kala262@example.com,1259.19,paid,2026-06-09,TN-COOL-001
rishi.kashyap257@example.com,1340.12,paid,2026-06-09,TN-STAND-001
vanya.yohannan410@example.com,23272.15,paid,2026-06-09,TN-MON-001;TN-CTRL-001;TN-HEADSET-001
varenya.mani175@example.com,1599.0,paid,2026-06-10,TN-HUB-001
urmi.sachdeva212@example.com,21998.0,paid,2026-06-10,TN-MON-001;TN-HEADSET-001
sanya.cherian139@example.com,3198.0,cancelled,2026-06-10,TN-HUB-001
aayush.dhingra40@example.com,942.12,pending,2026-06-10,TN-MAT-001
kiaan.jayaraman395@example.com,1296.17,paid,2026-06-10,TN-COOL-001
chandran.datta211@example.com,3398.0,paid,2026-06-10,TN-LIGHT-001;TN-HUB-001
garima.kumar177@example.com,22498.0,paid,2026-06-10,TN-MON-001;TN-KB-001
falan.johal217@example.com,7217.15,paid,2026-06-10,TN-HUB-001;TN-HEADSET-001
ekapad.chander24@example.com,2999.0,paid,2026-06-11,TN-HEADSET-001
chanchal.chand60@example.com,2499.0,pending,2026-06-11,TN-CTRL-001
imaran.edwin131@example.com,22797.0,cancelled,2026-06-11,TN-CTRL-001;TN-STAND-001;TN-MON-001
imaran.edwin131@example.com,867.84,paid,2026-06-12,TN-MAT-001
falak.anne489@example.com,2374.05,paid,2026-06-12,TN-CTRL-001
rishi.kashyap257@example.com,5353.21,paid,2026-06-12,OLD-BUNDLE-2024
yachana.de89@example.com,5098.3,paid,2026-06-12,TN-KB-001;TN-CTRL-001
azaan.roy278@example.com,937.99,cancelled,2026-06-12,TN-MAT-001
devika.mody133@example.com,18178.2,paid,2026-06-12,TN-MON-001;TN-COOL-001
nathaniel.bhardwaj405@example.com,4098.0,paid,2026-06-12,TN-HUB-001;TN-CTRL-001
aarav.anne244@example.com,5223.1,paid,2026-06-13,TN-KB-001;TN-CAM-001
yashica.kota101@example.com,980.56,paid,2026-06-13,TN-MAT-001
pranav.saraf75@example.com,2699.1,paid,2026-06-13,TN-HEADSET-001
pallavi.lal439@example.com,1407.3,paid,2026-06-13,TN-MOUSE-001
aishani.apte400@example.com,5698.1,paid,2026-06-13,TN-HEADSET-001
urmi.sachdeva212@example.com,16995.0,paid,2026-06-13,TN-HEADSET-001;TN-CAM-001;TN-SSD-001
ijaya.dyal469@example.com,2998.0,refunded,2026-06-13,TN-MOUSE-001
bsundaram@example.net,7297.0,paid,2026-06-14,TN-CAM-001;TN-LIGHT-001;TN-KB-001
nachiket.kota468@example.com,1999.0,paid,2026-06-14,TN-CAM-001
benjamin.deol166@example.com,19716.6,paid,2026-06-14,TN-STAND-001;TN-MON-001;TN-HUB-001
urmi.sachdeva212@example.com,2798.0,cancelled,2026-06-14,TN-STAND-001;TN-MOUSE-001
ayaan.krishnamurthy84@example.com,4249.15,cancelled,2026-06-14,TN-SSD-001
brinda.thaker85@example.com,3149.1,paid,2026-06-14,TN-KB-001
imaran.edwin131@example.com,1145.83,paid,2026-06-14,TN-STAND-001
shravya.naik463@example.com,4397.0,paid,2026-06-14,TN-HUB-001;TN-COOL-001
nathaniel.bhardwaj405@example.com,16496.0,paid,2026-06-14,TN-SSD-001;TN-HEADSET-001;TN-KB-001
girish.rattan456@example.com,1619.1,failed,2026-06-14,TN-LIGHT-001
harrison.shan493@example.com,4769.82,paid,2026-06-14,OLD-BUNDLE-2024
chaman.varty385@example.com,20898.1,paid,2026-06-14,TN-MON-001;TN-HEADSET-001
mason.koshy350@example.com,1799.0,failed,2026-06-14,TN-LIGHT-001
vasudha.agarwal72@example.com,1899.05,cancelled,2026-06-15,TN-CAM-001
anusha.raja499@example.com,3499.0,paid,2026-06-15,TN-KB-001
falak.rege322@example.com,1799.0,paid,2026-06-15,TN-LIGHT-001
vasudha.murty344@example.com,6598.0,refunded,2026-06-15,TN-HUB-001;TN-SSD-001
jagdish.bedi314@example.com,7598.1,refunded,2026-06-15,TN-HEADSET-001;TN-SSD-001
jagat.iyengar183@example.com,3418.2,cancelled,2026-06-15,TN-LIGHT-001;TN-CAM-001
triveni.gaba336@example.com,1999.0,paid,2026-06-15,TN-CAM-001
zayyan.dutt370@example.com,4498.0,paid,2026-06-16,TN-HEADSET-001;TN-MOUSE-001
falak.anne489@example.com,19188.1,cancelled,2026-06-16,TN-MON-001;TN-COOL-001
warda.doctor162@example.com,2999.0,paid,2026-06-16,TN-HEADSET-001
watika.buch32@example.com,8097.0,paid,2026-06-16,TN-SSD-001;TN-STAND-001;TN-LIGHT-001
darpan.gour264@example.com,6998.0,paid,2026-06-16,TN-KB-001
jasmit.bhardwaj2@example.com,1541.93,paid,2026-06-16,TN-MOUSE-001
pahal.kuruvilla121@example.com,4997.0,paid,2026-06-16,TN-LIGHT-001;TN-HUB-001
amara.mitra467@example.com,8297.0,cancelled,2026-06-16,TN-STAND-001;TN-SSD-001;TN-CAM-001
frederick.solanki184@example.com,1599.0,failed,2026-06-17,TN-HUB-001
pratyush.madan120@example.com,2499.0,paid,2026-06-17,TN-CTRL-001
aarna.jaggi223@example.com,4998.0,pending,2026-06-17,TN-HEADSET-001;TN-CAM-001
harsh.karan70@example.com,18049.05,paid,2026-06-17,TN-MON-001
tripti.goyal148@example.com,807.25,paid,2026-06-17,TN-MAT-001
nathaniel.bhardwaj405@example.com,3499.0,paid,2026-06-17,TN-KB-001
urvi.bhattacharyya25@example.com,1799.0,paid,2026-06-17,TN-LIGHT-001
nathaniel.bhardwaj405@example.com,3499.0,cancelled,2026-06-17,TN-KB-001
oni.dhawan9@example.com,3998.0,failed,2026-06-17,TN-CAM-001
rachana.muni231@example.com,3098.0,paid,2026-06-17,TN-LIGHT-001;TN-STAND-001
krisha.ganguly377@example.com,4048.2,paid,2026-06-17,TN-CAM-001;TN-CTRL-001
rachana.muni231@example.com,1359.15,paid,2026-06-17,TN-HUB-001
dipta.shroff14@example.com,1186.52,paid,2026-06-17,TN-STAND-001
osalvi@example.net,3598.0,paid,2026-06-18,TN-LIGHT-001
darika.golla10@example.com,2124.15,pending,2026-06-18,TN-CTRL-001
vasatikaagate@example.net,18049.05,paid,2026-06-18,TN-MON-001
hemangini.chad73@example.com,10997.0,paid,2026-06-18,TN-KB-001;TN-SSD-001;TN-CTRL-001
nitesh.oommen20@example.com,1556.26,paid,2026-06-18,TN-MOUSE-001
manya.rao43@example.com,6896.0,paid,2026-06-18,TN-CAM-001;TN-STAND-001;TN-LIGHT-001
oscar.kaur300@example.com,18049.05,paid,2026-06-18,TN-MON-001
bina.varty181@example.com,955.32,failed,2026-06-18,TN-MAT-001
zayyan.wason380@example.com,5220.98,paid,2026-06-18,PROMO-GIFTSET-01
owen.oommen221@example.com,18999.0,paid,2026-06-18,TN-MON-001
jeet.setty483@example.com,2999.0,cancelled,2026-06-19,TN-HEADSET-001
faras.murthy22@example.com,3897.0,paid,2026-06-19,TN-MAT-001;TN-MOUSE-001
nathaniel.bhardwaj405@example.com,3598.2,paid,2026-06-19,TN-MOUSE-001;TN-CTRL-001
advik.hegde406@example.com,2848.1,paid,2026-06-19,TN-COOL-001;TN-LIGHT-001
darika.golla10@example.com,3513.1,paid,2026-06-19,TN-CTRL-001;TN-COOL-001
shivansh.puri225@example.com,2658.1,cancelled,2026-06-19,TN-MOUSE-001;TN-STAND-001
vincent.barad414@example.com,6897.0,paid,2026-06-19,TN-LIGHT-001;TN-KB-001;TN-HUB-001
fariq.gandhi266@example.com,996.84,paid,2026-06-19,TN-MAT-001
devika.parikh330@example.com,3418.2,paid,2026-06-19,TN-LIGHT-001;TN-CAM-001
amaira.sarin416@example.com,2849.05,paid,2026-06-19,TN-HEADSET-001
yahvi.wadhwa228@example.com,1709.05,refunded,2026-06-19,TN-LIGHT-001
victor.goda384@example.com,19257.3,paid,2026-06-20,TN-MON-001;TN-COOL-001
chaitanya.bhatia403@example.com,1799.1,paid,2026-06-20,TN-CAM-001
zashil.bansal136@example.com,2999.0,cancelled,2026-06-20,TN-HEADSET-001
vanya.yohannan410@example.com,2374.05,paid,2026-06-20,TN-CTRL-001
finn.kurian250@example.com,5792.15,paid,2026-06-20,TN-LIGHT-001;TN-CTRL-001
jackson.tak29@example.com,3798.0,cancelled,2026-06-20,TN-LIGHT-001;TN-CAM-001
theodore.chandra109@example.com,2499.0,paid,2026-06-20,TN-CTRL-001
omkaar.chopra270@example.com,17099.1,paid,2026-06-20,TN-MON-001
devansh.mital409@example.com,1999.0,cancelled,2026-06-20,TN-CAM-001
urvi.das53@example.com,6097.0,paid,2026-06-20,TN-CTRL-001;TN-LIGHT-001
benjamin.ratta348@example.com,2849.05,paid,2026-06-20,TN-HEADSET-001
janya.kashyap191@example.com,1599.0,failed,2026-06-20,TN-HUB-001
viraj.barad239@example.com,966.15,paid,2026-06-20,TN-MAT-001
lucky.sagar263@example.com,6598.0,cancelled,2026-06-20,TN-HUB-001;TN-SSD-001
arya.thakkar155@example.com,27545.25,paid,2026-06-21,TN-MON-001;TN-MOUSE-001;TN-KB-001
eiravati.khare222@example.com,23998.0,paid,2026-06-21,TN-SSD-001;TN-MON-001
vaishnavi.shroff287@example.com,1127.32,paid,2026-06-21,TN-COOL-001
shravya.naik463@example.com,1798.0,paid,2026-06-21,TN-MAT-001
sanya.shanker358@example.com,24896.0,paid,2026-06-21,TN-MON-001;TN-COOL-001;TN-KB-001
baljiwan.chadha3@example.com,23217.3,paid,2026-06-21,TN-LIGHT-001;TN-MON-001;TN-SSD-001
mohammed.ramachandran161@example.com,4999.0,paid,2026-06-22,TN-SSD-001
falan.johal217@example.com,1548.07,paid,2026-06-22,TN-MOUSE-001
isaac.chaudhary241@example.com,4398.0,paid,2026-06-22,TN-MAT-001;TN-KB-001
charita.vohra17@example.com,1799.0,paid,2026-06-22,TN-LIGHT-001
dev.bhasin12@example.com,4998.0,paid,2026-06-22,TN-MOUSE-001;TN-KB-001
panini.prabhakar251@example.com,3998.0,paid,2026-06-23,TN-MOUSE-001;TN-CTRL-001
kashvi.narula269@example.com,2698.2,paid,2026-06-23,TN-MOUSE-001
kevin.suresh390@example.com,3589.46,cancelled,2026-06-23,OLD-BUNDLE-2024
veer.karnik482@example.com,14696.0,pending,2026-06-24,TN-SSD-001;TN-COOL-001;TN-KB-001
michael36@example.net,8186.4,paid,2026-06-24,TN-SSD-001;TN-STAND-001;TN-MOUSE-001
finn.kurian250@example.com,3499.0,pending,2026-06-24,TN-KB-001
chaman.varty385@example.com,1799.0,cancelled,2026-06-24,TN-LIGHT-001
janya.buch69@example.com,1556.14,paid,2026-06-24,TN-MOUSE-001
vincent.barad414@example.com,18999.0,paid,2026-06-24,TN-MON-001
leena.chhabra433@example.com,4947.3,paid,2026-06-24,TN-COOL-001;TN-CTRL-001;TN-LIGHT-001
onveer.bhavsar341@example.com,1999.0,failed,2026-06-24,TN-CAM-001
urvashi.suri233@example.com,20298.0,paid,2026-06-24,TN-STAND-001;TN-MON-001
frado.joshi298@example.com,1993.1,paid,2026-06-24,TN-COOL-001;TN-MAT-001
omya.boase4@example.com,2499.0,paid,2026-06-24,TN-CTRL-001
janya.kashyap191@example.com,2249.1,paid,2026-06-24,TN-CTRL-001
jhalak.sekhon355@example.com,21087.15,paid,2026-06-24,TN-HUB-001;TN-MON-001
dev.nori282@example.com,1618.2,paid,2026-06-24,TN-MAT-001
rudra.ahuja254@example.com,1708.1,cancelled,2026-06-24,TN-MAT-001
udant.hayer63@example.com,1323.79,cancelled,2026-06-25,TN-STAND-001
naksh.sampath334@example.com,2999.0,paid,2026-06-25,TN-HEADSET-001
zashil.bansal136@example.com,22497.0,paid,2026-06-25,TN-MON-001;TN-CAM-001;TN-MOUSE-001
alka.magar119@example.com,4197.0,paid,2026-06-25,TN-COOL-001;TN-MOUSE-001
qadim.agarwal153@example.com,18999.0,paid,2026-06-25,TN-MON-001
vidhi.gaba110@example.com,3324.05,failed,2026-06-25,TN-KB-001
chatura.kala262@example.com,1799.0,paid,2026-06-25,TN-LIGHT-001
ishita34@example.com,996.09,paid,2026-06-25,TN-MAT-001
yashoda.mammen190@example.com,4248.3,paid,2026-06-25,TN-CTRL-001
aarna.jaggi223@example.com,1418.13,paid,2026-06-25,TN-MOUSE-001
dhruv.bandi295@example.com,4749.05,paid,2026-06-25,TN-SSD-001
falak.gulati470@example.com,2999.0,paid,2026-06-26,TN-HEADSET-001
leena.narula116@example.com,2374.05,cancelled,2026-06-26,TN-CTRL-001
ayaan.krishnamurthy84@example.com,2974.15,failed,2026-06-26,TN-KB-001
leela.parmer349@example.com,3198.0,paid,2026-06-26,TN-CAM-001;TN-COOL-001
krisha.ganguly377@example.com,18999.0,paid,2026-06-26,TN-MON-001
charvi.date343@example.com,2198.0,refunded,2026-06-26,TN-STAND-001;TN-MAT-001
ijaya.mander340@example.com,1999.0,paid,2026-06-26,TN-CAM-001
vidhi.gaba110@example.com,2123.3,paid,2026-06-27,TN-HUB-001;TN-MAT-001
hitesh.virk393@example.com,23396.0,paid,2026-06-27,TN-STAND-001;TN-MON-001;TN-LIGHT-001
kashish.sekhon276@example.com,3697.0,paid,2026-06-27,TN-STAND-001;TN-COOL-001
yauvani.gokhale316@example.com,1978.53,paid,2026-06-27,PROMO-GIFTSET-01
falan.lanka172@example.com,1899.05,paid,2026-06-27,TN-CAM-001
bahadurjit.arora477@example.com,2998.0,paid,2026-06-27,TN-MOUSE-001
kashvi.narula269@example.com,26896.0,paid,2026-06-27,TN-KB-001;TN-MON-001;TN-MAT-001
jairaj.memon302@example.com,1880.03,paid,2026-06-27,OLD-BUNDLE-2024
elijah.dalal19@example.com,9498.1,pending,2026-06-28,TN-SSD-001
udant.hayer63@example.com,2788.2,cancelled,2026-06-28,TN-MOUSE-001;TN-HUB-001
udant.sundaram260@example.com,2999.0,paid,2026-06-28,TN-HEADSET-001
aarna.jaggi223@example.com,1398.61,paid,2026-06-28,TN-MOUSE-001
vasudha.shah487@example.com,3499.0,paid,2026-06-28,TN-KB-001
pranav.saraf75@example.com,2998.0,paid,2026-06-28,TN-MOUSE-001
nathaniel.bhardwaj405@example.com,4998.0,paid,2026-06-29,TN-CAM-001;TN-HEADSET-001
turvi.khanna466@example.com,1619.1,pending,2026-06-29,TN-LIGHT-001
devika.mody133@example.com,36098.1,paid,2026-06-29,TN-MON-001
damini.salvi353@example.com,18999.0,refunded,2026-06-29,TN-MON-001
chandran.datta211@example.com,3769.7,paid,2026-06-29,OLD-BUNDLE-2024
falak.rege322@example.com,2798.0,paid,2026-06-29,TN-MOUSE-001;TN-STAND-001
qasim.muni323@example.com,4558.1,paid,2026-06-29,TN-KB-001;TN-STAND-001
janya.buch69@example.com,21797.0,paid,2026-06-30,TN-MON-001;TN-STAND-001;TN-MOUSE-001
jyoti.oak319@example.com,3499.0,cancelled,2026-06-30,TN-KB-001
yauvani.patla389@example.com,3499.0,paid,2026-06-30,TN-KB-001
vincent.tara453@example.com,18049.05,paid,2026-06-30,TN-MON-001
benjamin.devi430@example.com,2498.0,pending,2026-06-30,TN-STAND-001;TN-COOL-001
zaid.sandal354@example.com,1162.5,pending,2026-07-01,TN-COOL-001
imaran.edwin131@example.com,18999.0,failed,2026-07-01,TN-MON-001
lakshit.mangat210@example.com,5897.0,pending,2026-07-01,TN-CTRL-001;TN-MAT-001
janya.kashyap191@example.com,20498.0,failed,2026-07-01,TN-MOUSE-001;TN-MON-001
baljiwan.chadha3@example.com,1266.16,paid,2026-07-01,TN-COOL-001
osalvi@example.net,4498.2,paid,2026-07-02,TN-CTRL-001
amara.mitra467@example.com,3958.2,paid,2026-07-02,TN-KB-001;TN-MAT-001
matthew.shroff79@example.com,2849.05,refunded,2026-07-02,TN-HEADSET-001
vasudha.shah487@example.com,2249.1,failed,2026-07-03,TN-CTRL-001
mohammed.ramachandran161@example.com,2798.0,failed,2026-07-03,TN-STAND-001;TN-MOUSE-001
wridesh.sangha105@example.com,2249.1,paid,2026-07-03,TN-CTRL-001
kai.bassi130@example.com,2498.0,paid,2026-07-03,TN-MAT-001;TN-HUB-001
hitesh.virk393@example.com,1252.0,paid,2026-07-03,TN-COOL-001
shravya.char398@example.com,4999.0,paid,2026-07-04,TN-SSD-001
laksh.sani34@example.com,1699.15,paid,2026-07-04,TN-CAM-001
theodore.chandra109@example.com,1564.6,pending,2026-07-04,TN-MOUSE-001
ekalinga.dave360@example.com,3149.1,paid,2026-07-04,TN-KB-001
zehaan.pradhan200@example.com,3398.0,paid,2026-07-04,TN-HUB-001;TN-LIGHT-001
lakshit.mangat210@example.com,5983.1,paid,2026-07-05,TN-STAND-001;TN-SSD-001
pranav.saraf75@example.com,1096.16,paid,2026-07-05,TN-COOL-001
yamini.bir255@example.com,3324.05,paid,2026-07-05,TN-KB-001
urvashi.goswami347@example.com,23998.0,paid,2026-07-05,TN-MON-001;TN-SSD-001
zayyan.dutt370@example.com,4673.3,paid,2026-07-06,TN-KB-001;TN-CAM-001
lucky.balakrishnan429@example.com,1619.1,paid,2026-07-06,TN-LIGHT-001
alka.magar119@example.com,1599.0,paid,2026-07-06,TN-HUB-001
lakshit.mangat210@example.com,5523.3,refunded,2026-07-06,TN-HEADSET-001;TN-KB-001
kashvi.narula269@example.com,1395.38,paid,2026-07-06,TN-STAND-001
benjamin.deol166@example.com,1254.22,paid,2026-07-06,TN-COOL-001
yauvani.patla389@example.com,6648.1,paid,2026-07-06,TN-KB-001
guneet.tripathi97@example.com,4499.1,paid,2026-07-06,TN-SSD-001
elijah.wason1@example.com,1551.2,refunded,2026-07-06,TN-MOUSE-001
yachana.de89@example.com,5307.3,paid,2026-07-06,TN-COOL-001;TN-KB-001
falak.gulati470@example.com,4558.1,cancelled,2026-07-07,TN-KB-001;TN-STAND-001
balvan.jani321@example.com,17168.3,refunded,2026-07-07,TN-COOL-001;TN-MON-001
yatan.tripathi309@example.com,1576.53,paid,2026-07-07,TN-MOUSE-001
upkaar.cheema413@example.com,18782.45,failed,2026-07-07,TN-MON-001;TN-MOUSE-001;TN-HUB-001
viraj.barad239@example.com,5316.16,paid,2026-07-07,PROMO-GIFTSET-01
ovyas@example.com,18999.0,paid,2026-07-07,TN-MON-001
kevin.suresh390@example.com,2598.0,paid,2026-07-07,TN-STAND-001
lucky.sagar263@example.com,5397.0,paid,2026-07-07,TN-COOL-001;TN-HEADSET-001
pahal.kuruvilla121@example.com,3198.0,paid,2026-07-07,TN-HUB-001
zayyan.dutt370@example.com,2999.0,pending,2026-07-07,TN-HEADSET-001
ijaya.mander340@example.com,6298.0,failed,2026-07-07,TN-STAND-001;TN-SSD-001
azaan.sachar443@example.com,21998.0,paid,2026-07-07,TN-HEADSET-001;TN-MON-001
harinakshi.sahni129@example.com,2374.05,paid,2026-07-07,TN-CTRL-001
benjamin.ratta348@example.com,19798.2,paid,2026-07-08,TN-HEADSET-001;TN-MON-001
devika.parikh330@example.com,1281.02,failed,2026-07-08,TN-COOL-001
jalsa.sangha202@example.com,2499.0,paid,2026-07-08,TN-CTRL-001
jagdish.bedi314@example.com,18999.0,paid,2026-07-08,TN-MON-001
pranav.saraf75@example.com,4397.0,paid,2026-07-08,TN-STAND-001;TN-LIGHT-001
urvi.bhattacharyya25@example.com,1519.05,paid,2026-07-08,TN-HUB-001
ubika.sarna464@example.com,6598.0,paid,2026-07-08,TN-HUB-001;TN-SSD-001
omkaar.chopra270@example.com,1439.1,cancelled,2026-07-08,TN-HUB-001
radhika.mahal474@example.com,6498.0,failed,2026-07-08,TN-KB-001;TN-HEADSET-001
chaman.varty385@example.com,2499.0,paid,2026-07-08,TN-CTRL-001
owen.trivedi408@example.com,1583.35,paid,2026-07-08,TN-MOUSE-001
udarsh.dubey236@example.com,1798.0,cancelled,2026-07-08,TN-MAT-001
arya.thakkar155@example.com,2398.0,paid,2026-07-08,TN-COOL-001
samaksh.sem102@example.com,2374.05,paid,2026-07-08,TN-CTRL-001
arunima.parsa227@example.com,4998.0,paid,2026-07-09,TN-KB-001;TN-MOUSE-001
vasudha.murty344@example.com,20248.2,paid,2026-07-09,TN-KB-001;TN-MON-001
finn.kurian250@example.com,8072.15,refunded,2026-07-09,TN-HEADSET-001;TN-CAM-001;TN-KB-001
urvashi.suri233@example.com,2123.3,paid,2026-07-09,TN-COOL-001;TN-STAND-001
januja.bal50@example.com,1519.68,paid,2026-07-09,TN-MOUSE-001
watika.buch32@example.com,1583.25,pending,2026-07-09,TN-MOUSE-001
gaurang.lad126@example.com,2699.1,paid,2026-07-09,TN-HEADSET-001
shravya.ravi194@example.com,1359.15,paid,2026-07-10,TN-HUB-001
ojasvi.parmer35@example.com,23397.0,paid,2026-07-10,TN-MON-001;TN-MAT-001;TN-KB-001
triveni.pathak292@example.com,1899.05,cancelled,2026-07-10,TN-CAM-001
chatura.thaman365@example.com,4997.0,paid,2026-07-10,TN-MOUSE-001;TN-CAM-001
vihaan.sen312@example.com,37998.0,paid,2026-07-11,TN-MON-001
jyoti.oak319@example.com,2878.2,paid,2026-07-11,TN-HUB-001
faras.murthy22@example.com,956.91,paid,2026-07-11,TN-MAT-001
tristan.ravel346@example.com,2974.15,paid,2026-07-11,TN-KB-001
ishani.kapoor62@example.com,2499.0,paid,2026-07-11,TN-CTRL-001
charita.vohra242@example.com,4998.0,paid,2026-07-11,TN-CTRL-001
gautam.samra5@example.com,37998.0,paid,2026-07-11,TN-MON-001
warda.palan451@example.com,20798.0,paid,2026-07-12,TN-MON-001;TN-LIGHT-001
sarthak.rai273@example.com,4248.3,paid,2026-07-12,TN-CTRL-001
ekiya.konda151@example.com,4097.0,paid,2026-07-12,TN-HUB-001;TN-MAT-001
harsh.agrawal311@example.com,2999.0,failed,2026-07-12,TN-HEADSET-001
farhan.mammen271@example.com,2249.1,paid,2026-07-12,TN-CTRL-001
oni.kibe485@example.com,16149.15,paid,2026-07-12,TN-MON-001
qadim.agrawal91@example.com,41196.0,paid,2026-07-12,TN-HUB-001;TN-MON-001
lipika.iyengar74@example.com,588.99,paid,2026-07-12,OLD-BUNDLE-2024
hamsini.bhatia226@example.com,2997.0,paid,2026-07-12,TN-COOL-001;TN-MAT-001
david.kurian281@example.com,3298.0,paid,2026-07-12,TN-STAND-001;TN-CAM-001
samesh.kashyap173@example.com,4999.0,paid,2026-07-12,TN-SSD-001
lipika.lal243@example.com,1599.0,paid,2026-07-13,TN-HUB-001
samesh.kashyap173@example.com,1899.05,paid,2026-07-13,TN-CAM-001
elijah.dalal19@example.com,18999.0,paid,2026-07-13,TN-MON-001
harrison.rana326@example.com,5266.6,refunded,2026-07-14,TN-MOUSE-001;TN-HUB-001
yashvi.bahl90@example.com,20898.1,failed,2026-07-14,TN-HEADSET-001;TN-MON-001
benjamin.deol166@example.com,5352.45,paid,2026-07-14,TN-CAM-001;TN-LIGHT-001;TN-CTRL-001
chanakya.mand203@example.com,26216.2,cancelled,2026-07-14,TN-MON-001;TN-SSD-001;TN-LIGHT-001
elijah.dalal19@example.com,908.12,paid,2026-07-14,TN-MAT-001
chandresh.bahl168@example.com,1489.63,paid,2026-07-14,TN-MOUSE-001
balveer.agarwal238@example.com,5308.2,paid,2026-07-14,TN-SSD-001;TN-MAT-001
zashil91@example.net,6118.2,paid,2026-07-15,TN-LIGHT-001;TN-SSD-001
krisha46@example.net,5998.0,refunded,2026-07-15,TN-HEADSET-001
zaid.sandal354@example.com,978.24,paid,2026-07-15,TN-MAT-001
lakshit.mangat210@example.com,2974.15,paid,2026-07-15,TN-KB-001
mugdha.jani208@example.com,3798.0,paid,2026-07-15,TN-CTRL-001;TN-STAND-001
wakeeta.raja174@example.com,1799.0,refunded,2026-07-15,TN-LIGHT-001
lipika.lal243@example.com,845.77,failed,2026-07-15,TN-MAT-001
alexander.behl337@example.com,4798.0,paid,2026-07-15,TN-LIGHT-001;TN-HEADSET-001
karan.bhat87@example.com,843.2,refunded,2026-07-15,TN-MAT-001
reyansh.kohli220@example.com,4797.0,pending,2026-07-15,TN-HUB-001;TN-COOL-001;TN-CAM-001
leena.narula116@example.com,4463.1,pending,2026-07-15,TN-KB-001;TN-COOL-001
pranav.saraf75@example.com,1521.73,failed,2026-07-15,TN-MOUSE-001
rayaan.malhotra96@example.com,2848.1,paid,2026-07-16,TN-MOUSE-001
ishanvi.nagar113@example.com,14495.0,paid,2026-07-16,TN-SSD-001;TN-MAT-001;TN-LIGHT-001
yoshita.soman138@example.com,5498.0,paid,2026-07-16,TN-KB-001;TN-CAM-001
yahvi.soni442@example.com,6648.1,paid,2026-07-16,TN-SSD-001;TN-CAM-001
qasim.muni323@example.com,5848.2,paid,2026-07-16,TN-SSD-001;TN-MOUSE-001
darpan.gour264@example.com,2563.1,paid,2026-07-16,TN-LIGHT-001;TN-MAT-001
warinder.narang291@example.com,5897.0,cancelled,2026-07-17,TN-MAT-001;TN-MOUSE-001;TN-KB-001
gautami.lall415@example.com,3499.0,paid,2026-07-17,TN-KB-001
rohan.arora199@example.com,1266.67,paid,2026-07-17,TN-STAND-001
manbir.mittal473@example.com,18999.0,paid,2026-07-17,TN-MON-001
ishani.kapoor62@example.com,3038.1,failed,2026-07-17,TN-HUB-001
omkaar.chopra270@example.com,3778.2,paid,2026-07-17,TN-HEADSET-001;TN-COOL-001
zashil.bansal136@example.com,1247.32,paid,2026-07-18,TN-COOL-001
arjun.kaur286@example.com,20998.0,paid,2026-07-18,TN-MON-001;TN-CAM-001
amruta.sehgal149@example.com,2098.0,paid,2026-07-18,TN-MAT-001;TN-COOL-001
devika.mody133@example.com,1708.1,failed,2026-07-18,TN-MAT-001
bina.varty181@example.com,18999.0,paid,2026-07-18,TN-MON-001
saumya.ratti33@example.com,1085.37,paid,2026-07-18,TN-COOL-001
waida.bandi252@example.com,6648.1,paid,2026-07-19,TN-CAM-001;TN-SSD-001
ishwar.wali378@example.com,17099.1,paid,2026-07-19,TN-MON-001
yatan.keer306@example.com,1266.34,paid,2026-07-19,TN-COOL-001
chaman.varty385@example.com,18999.0,paid,2026-07-19,TN-MON-001
alexander.behl337@example.com,5578.2,paid,2026-07-19,TN-SSD-001;TN-COOL-001
omaja.badami331@example.com,8831.2,paid,2026-07-19,TN-MOUSE-001;TN-LIGHT-001;TN-HEADSET-001
veer.karnik482@example.com,2499.0,paid,2026-07-19,TN-CTRL-001
nathaniel.kota294@example.com,3698.0,failed,2026-07-19,TN-CTRL-001;TN-COOL-001
chameli.aggarwal285@example.com,5698.1,failed,2026-07-19,TN-CTRL-001;TN-KB-001
bina.varty181@example.com,19123.3,pending,2026-07-19,TN-KB-001;TN-MON-001
rajeshri.kapadia478@example.com,1999.0,paid,2026-07-19,TN-CAM-001
chandran.datta211@example.com,946.75,paid,2026-07-19,TN-MAT-001
jalsa.sangha202@example.com,1263.93,pending,2026-07-20,TN-COOL-001
ishita34@example.com,3513.1,cancelled,2026-07-20,TN-CTRL-001;TN-COOL-001
zehaan.devan108@example.com,18999.0,cancelled,2026-07-20,TN-MON-001
frado.joshi298@example.com,11997.0,paid,2026-07-20,TN-SSD-001;TN-CAM-001
bahadurjit.arora477@example.com,2699.1,paid,2026-07-20,TN-HEADSET-001
benjamin.barad351@example.com,964.39,paid,2026-07-20,TN-MAT-001
karan.bail81@example.com,2849.05,paid,2026-07-20,TN-HEADSET-001
ekalinga.dave360@example.com,1999.0,paid,2026-07-20,TN-CAM-001
abhiram.mitter290@example.com,1798.0,failed,2026-07-21,TN-MAT-001
dipta.shroff14@example.com,5998.0,paid,2026-07-21,TN-KB-001;TN-CTRL-001
imaran.hari367@example.com,2998.0,failed,2026-07-21,TN-COOL-001;TN-LIGHT-001
reyansh.kohli220@example.com,9021.2,paid,2026-07-21,TN-HUB-001;TN-KB-001;TN-MAT-001
azaan.sachar443@example.com,7502.15,paid,2026-07-21,TN-KB-001;TN-MAT-001
zarna.tailor65@example.com,3798.0,paid,2026-07-21,TN-CAM-001;TN-LIGHT-001
zayyan.wason380@example.com,1439.1,paid,2026-07-21,TN-HUB-001
praneel.bajaj356@example.com,17099.1,paid,2026-07-22,TN-MON-001
laksh.sani34@example.com,2498.0,paid,2026-07-22,TN-MAT-001;TN-HUB-001
tara.sastry115@example.com,4999.0,paid,2026-07-22,TN-SSD-001
riya.mutti104@example.com,1113.97,failed,2026-07-22,TN-COOL-001
aayush.pall449@example.com,8998.2,paid,2026-07-22,TN-SSD-001
ronith.nazareth71@example.com,3957.3,refunded,2026-07-22,TN-STAND-001;TN-HUB-001;TN-MOUSE-001
veda.muni55@example.com,1292.57,paid,2026-07-22,TN-COOL-001
kashvi.narula269@example.com,18999.0,refunded,2026-07-22,TN-MON-001
zayan.sani288@example.com,1229.05,cancelled,2026-07-22,TN-COOL-001
hemangini.sekhon68@example.com,1599.0,paid,2026-07-23,TN-HUB-001
faris.sethi412@example.com,1285.6,paid,2026-07-23,TN-COOL-001
hitesh.virk393@example.com,1599.0,paid,2026-07-23,TN-HUB-001
rayaan.malhotra96@example.com,4652.15,cancelled,2026-07-23,TN-LIGHT-001;TN-STAND-001
bakhshi.shetty280@example.com,1978.2,paid,2026-07-23,TN-MAT-001;TN-STAND-001
ayush.bala66@example.com,8397.0,paid,2026-07-23,TN-SSD-001;TN-HUB-001;TN-LIGHT-001
alexander.behl337@example.com,1241.84,paid,2026-07-24,TN-STAND-001
zashil.bansal136@example.com,6998.0,pending,2026-07-24,TN-CAM-001;TN-SSD-001
udarsh.dubey236@example.com,4298.0,cancelled,2026-07-24,TN-HEADSET-001;TN-STAND-001
dev.nori282@example.com,985.05,paid,2026-07-24,TN-MAT-001
theodore.chandra109@example.com,3324.05,refunded,2026-07-24,TN-KB-001
mugdha.jani208@example.com,1181.29,paid,2026-07-24,TN-STAND-001
hemangini.chad73@example.com,5308.2,cancelled,2026-07-25,TN-MAT-001;TN-SSD-001
vrishti.lalla169@example.com,2499.0,paid,2026-07-25,TN-CTRL-001
hitesh.bhandari95@example.com,1799.0,paid,2026-07-25,TN-LIGHT-001
udarsh.dubey236@example.com,3737.45,cancelled,2026-07-25,TN-CAM-001;TN-COOL-001
nathan.mander452@example.com,2398.0,failed,2026-07-25,TN-MOUSE-001;TN-MAT-001
vivaangrewal@example.com,5998.0,paid,2026-07-25,TN-HEADSET-001
amara.mitra467@example.com,5523.3,paid,2026-07-26,TN-HEADSET-001;TN-KB-001
veer.cheema118@example.com,2633.3,paid,2026-07-26,TN-MOUSE-001;TN-HUB-001
darsh.sunder179@example.com,1294.96,refunded,2026-07-26,TN-STAND-001
yamini.garg339@example.com,3798.1,paid,2026-07-26,TN-MOUSE-001;TN-CTRL-001
reyansh.kohli220@example.com,2374.05,paid,2026-07-26,TN-CTRL-001
urvi.das53@example.com,4598.0,pending,2026-07-26,TN-HUB-001;TN-HEADSET-001
ovyas@example.com,1054.44,pending,2026-07-26,OLD-BUNDLE-2024
samesh.jani434@example.com,1519.05,paid,2026-07-26,TN-HUB-001
chaman.varty385@example.com,3076.87,paid,2026-07-27,OLD-BUNDLE-2024
pallavi.lal439@example.com,1799.1,paid,2026-07-27,TN-CAM-001
adweta.nadig284@example.com,3988.1,paid,2026-07-27,TN-HEADSET-001;TN-COOL-001
shivani.sane219@example.com,902.84,paid,2026-07-27,TN-MAT-001
adya.patla150@example.com,2699.1,paid,2026-07-27,TN-HEADSET-001
jairaj.memon302@example.com,2398.0,paid,2026-07-27,TN-COOL-001
harrison.rana326@example.com,3397.09,paid,2026-07-27,OLD-BUNDLE-2024
chaman.varty385@example.com,22607.15,paid,2026-07-27,TN-KB-001;TN-STAND-001;TN-MON-001
jalsa.sangha202@example.com,2249.1,paid,2026-07-27,TN-CTRL-001
mohammed.ramachandran161@example.com,4998.0,paid,2026-07-27,TN-HEADSET-001;TN-CAM-001
warda.doctor162@example.com,7498.0,paid,2026-07-27,TN-SSD-001;TN-CTRL-001
ronith.raman332@example.com,3323.1,paid,2026-07-27,TN-CAM-001;TN-MOUSE-001
dev.nori282@example.com,4999.0,paid,2026-07-28,TN-SSD-001
reyansh.kohli220@example.com,942.17,paid,2026-07-28,TN-MAT-001
devansh.mital409@example.com,957.47,paid,2026-07-28,TN-MAT-001
mekhala.chakraborty338@example.com,11796.0,paid,2026-07-28,TN-LIGHT-001;TN-KB-001;TN-HEADSET-001
jeet.setty483@example.com,4197.0,paid,2026-07-28,TN-MOUSE-001;TN-COOL-001
aarna.jaggi223@example.com,3698.0,paid,2026-07-28,TN-COOL-001;TN-CTRL-001
charles.chaudry48@example.com,9355.5,refunded,2026-07-28,TN-CAM-001;TN-HEADSET-001;TN-COOL-001
alka.srinivas57@example.com,3698.0,paid,2026-07-28,TN-COOL-001;TN-CTRL-001
shivani.sane219@example.com,18999.0,paid,2026-07-28,TN-MON-001
yamini.bir255@example.com,2698.2,paid,2026-07-28,TN-COOL-001;TN-LIGHT-001
amaira.sarin416@example.com,7223.3,paid,2026-07-29,TN-KB-001;TN-SSD-001
kashvi.narula269@example.com,18999.0,refunded,2026-07-29,TN-MON-001
udarsh.dubey236@example.com,1799.0,paid,2026-07-29,TN-LIGHT-001
samesh.kashyap173@example.com,1371.48,paid,2026-07-29,TN-MOUSE-001
shravya.char398@example.com,2998.0,paid,2026-07-29,TN-LIGHT-001;TN-COOL-001
patilmichael@example.com,946.06,pending,2026-07-29,TN-MAT-001
ucchal.shukla182@example.com,36098.1,paid,2026-07-29,TN-MON-001
falak.gulati470@example.com,17099.1,refunded,2026-07-29,TN-MON-001
banjeet.de363@example.com,3298.0,paid,2026-07-29,TN-MOUSE-001;TN-LIGHT-001
yamini.bir255@example.com,4588.2,paid,2026-07-29,TN-KB-001;TN-HUB-001
bakhshi.shetty280@example.com,2999.0,pending,2026-07-29,TN-HEADSET-001
alka.srinivas57@example.com,3988.1,failed,2026-07-30,TN-COOL-001;TN-HEADSET-001
manya.rao43@example.com,1195.19,paid,2026-07-30,TN-COOL-001
dev.nori282@example.com,5396.0,paid,2026-07-30,TN-LIGHT-001;TN-MAT-001
dominic.som171@example.com,2999.0,failed,2026-07-30,TN-HEADSET-001
aarna.jaggi223@example.com,5498.0,refunded,2026-07-30,TN-CTRL-001;TN-HEADSET-001
imaran.buch454@example.com,1220.21,paid,2026-07-31,TN-COOL-001
turvi.khanna466@example.com,1599.0,paid,2026-07-31,TN-HUB-001
alexander.behl337@example.com,39597.0,paid,2026-07-31,TN-HUB-001;TN-MON-001
gautam.samra5@example.com,4297.0,paid,2026-07-31,TN-STAND-001;TN-MOUSE-001
gavin.gade327@example.com,4197.0,paid,2026-07-31,TN-LIGHT-001;TN-COOL-001
pranit.kohli16@example.com,1329.41,paid,2026-07-31,TN-STAND-001
eta.chakraborty123@example.com,1182.03,paid,2026-07-31,TN-COOL-001
logan85@example.net,1323.03,paid,2026-07-31,TN-STAND-001
aachal.thakkar372@example.com,39297.0,failed,2026-07-31,TN-MON-001;TN-STAND-001
sanya.shanker358@example.com,9998.0,paid,2026-08-01,TN-SSD-001
janaki.mistry15@example.com,22197.0,paid,2026-08-01,TN-MON-001;TN-CAM-001;TN-COOL-001
dev.nori282@example.com,1937.04,paid,2026-08-01,OLD-BUNDLE-2024
yachana.de89@example.com,3499.0,paid,2026-08-01,TN-KB-001
jyoti.dhingra382@example.com,1439.1,paid,2026-08-02,TN-HUB-001
vamakshi.vala494@example.com,2325.13,paid,2026-08-02,PROMO-GIFTSET-01
leela.parmer349@example.com,3398.0,paid,2026-08-02,TN-MAT-001;TN-CTRL-001
nathaniel.bhardwaj405@example.com,3148.2,paid,2026-08-02,TN-MOUSE-001;TN-CAM-001
ijaya.narain462@example.com,4298.0,paid,2026-08-02,TN-CTRL-001;TN-LIGHT-001
ronith.raman332@example.com,2998.0,paid,2026-08-02,TN-MOUSE-001
dhriti.lad484@example.com,3868.2,failed,2026-08-02,TN-CTRL-001;TN-LIGHT-001
vrinda.sama21@example.com,11017.15,paid,2026-08-02,TN-HUB-001;TN-SSD-001
leela.parmer349@example.com,3198.0,paid,2026-08-03,TN-HUB-001
amaira.sarin416@example.com,18178.2,refunded,2026-08-03,TN-COOL-001;TN-MON-001
saumya.ratti33@example.com,41035.5,paid,2026-08-03,TN-HUB-001;TN-MON-001;TN-HEADSET-001
xavier.sani481@example.com,1519.05,refunded,2026-08-03,TN-HUB-001
falak.gulati470@example.com,1519.05,paid,2026-08-03,TN-HUB-001
mohammed.ramachandran161@example.com,1581.39,paid,2026-08-04,TN-MOUSE-001
mekhala.chakraborty338@example.com,5981.2,paid,2026-08-04,TN-HUB-001;TN-STAND-001;TN-LIGHT-001
shravya.char398@example.com,1999.0,paid,2026-08-04,TN-CAM-001
chanakya.pillai441@example.com,1599.0,paid,2026-08-04,TN-HUB-001
lopa.narasimhan421@example.com,3499.0,paid,2026-08-04,TN-KB-001
devika.mody133@example.com,939.26,refunded,2026-08-04,TN-MAT-001
lakshit.mangat210@example.com,18448.2,paid,2026-08-04,TN-MON-001;TN-MOUSE-001
inaya.kalla318@example.com,1599.0,paid,2026-08-04,TN-HUB-001
ekiya.konda151@example.com,4998.0,paid,2026-08-04,TN-HEADSET-001;TN-CAM-001
charita.vohra17@example.com,5697.0,paid,2026-08-04,TN-STAND-001;TN-KB-001;TN-MAT-001
benjamin.deol166@example.com,3038.1,failed,2026-08-05,TN-COOL-001;TN-CAM-001
pahal.kuruvilla121@example.com,1529.15,paid,2026-08-05,TN-LIGHT-001
abhiram.mitter290@example.com,2849.05,pending,2026-08-05,TN-HEADSET-001
faras.garg426@example.com,2699.1,paid,2026-08-05,TN-HEADSET-001
bahadurjit.arora477@example.com,1799.0,paid,2026-08-05,TN-LIGHT-001
aarna.jaggi223@example.com,2999.0,paid,2026-08-05,TN-HEADSET-001
yamini.bir255@example.com,6298.2,refunded,2026-08-06,TN-SSD-001;TN-CAM-001
watika.wali13@example.com,4749.05,pending,2026-08-06,TN-SSD-001
gautam.ravi335@example.com,4999.0,paid,2026-08-06,TN-SSD-001
onkar.datta78@example.com,7498.0,pending,2026-08-06,TN-CTRL-001;TN-SSD-001
aarna.jaggi223@example.com,5523.63,paid,2026-08-06,PROMO-GIFTSET-01
rushil.dey142@example.com,958.22,paid,2026-08-06,TN-MAT-001
janya.buch69@example.com,6097.0,paid,2026-08-06,TN-LIGHT-001;TN-CTRL-001
ovyas@example.com,7598.1,paid,2026-08-06,TN-SSD-001;TN-HEADSET-001
udant.hayer63@example.com,14720.25,cancelled,2026-08-07,TN-CAM-001;TN-SSD-001;TN-MOUSE-001
vrinda.sama21@example.com,3499.0,paid,2026-08-07,TN-KB-001
zarna.wali94@example.com,3998.0,refunded,2026-08-07,TN-CAM-001
harsh.karan70@example.com,16149.15,paid,2026-08-07,TN-MON-001
ekiya.patla277@example.com,5298.0,paid,2026-08-07,TN-LIGHT-001;TN-KB-001
frederick.solanki184@example.com,1999.0,paid,2026-08-07,TN-CAM-001
fariq.gandhi266@example.com,4999.0,paid,2026-08-07,TN-SSD-001
keya.sarkar411@example.com,2974.15,paid,2026-08-08,TN-KB-001
imaran.edwin131@example.com,956.14,paid,2026-08-08,TN-MAT-001
gabriel.sami457@example.com,2999.0,paid,2026-08-08,TN-HEADSET-001
chanakya.pillai441@example.com,3608.1,paid,2026-08-08,TN-CAM-001;TN-LIGHT-001
veda.bhatnagar325@example.com,3499.0,paid,2026-08-08,TN-KB-001
watika.buch32@example.com,1529.15,cancelled,2026-08-08,TN-LIGHT-001
tanmayi.boase170@example.com,972.16,paid,2026-08-08,TN-MAT-001
elijah.dalal19@example.com,23197.0,cancelled,2026-08-08,TN-HEADSET-001;TN-COOL-001;TN-MON-001
zashil.bansal136@example.com,1590.92,paid,2026-08-08,TN-MOUSE-001
bahadurjit.arora477@example.com,3499.0,pending,2026-08-08,TN-KB-001
rishi.kashyap257@example.com,1369.49,paid,2026-08-08,TN-STAND-001
kevin.chaudhari437@example.com,2499.0,paid,2026-08-08,TN-CTRL-001
ronith.nazareth71@example.com,1799.0,paid,2026-08-09,TN-LIGHT-001
kai.bassi130@example.com,13496.0,refunded,2026-08-09,TN-MOUSE-001;TN-SSD-001;TN-KB-001
chaman.varty385@example.com,18999.0,paid,2026-08-09,TN-MON-001
abha.keer419@example.com,12236.4,paid,2026-08-09,TN-SSD-001;TN-HUB-001;TN-KB-001
jagdish.ganesh216@example.com,3324.05,paid,2026-08-09,TN-KB-001
amara.mitra467@example.com,1599.0,cancelled,2026-08-09,TN-HUB-001
kala.nagar41@example.com,4498.0,paid,2026-08-09,TN-CTRL-001;TN-CAM-001
victor.chada165@example.com,22498.0,paid,2026-08-09,TN-MON-001;TN-KB-001
saumya.ratti33@example.com,8596.0,paid,2026-08-10,TN-CTRL-001;TN-LIGHT-001
yashica.aurora418@example.com,5586.64,paid,2026-08-10,OLD-BUNDLE-2024
gavin.gade327@example.com,19123.3,paid,2026-08-10,TN-MON-001;TN-KB-001
amara.mitra467@example.com,3798.0,paid,2026-08-10,TN-LIGHT-001;TN-CAM-001
yuvraj.gandhi402@example.com,2278.1,paid,2026-08-10,TN-COOL-001
chanakya.pillai441@example.com,1439.1,paid,2026-08-10,TN-HUB-001
chanchal.chand60@example.com,5898.0,cancelled,2026-08-11,TN-MAT-001;TN-SSD-001
shravya.naik463@example.com,4999.0,paid,2026-08-11,TN-SSD-001
abha.ahuja317@example.com,3993.3,cancelled,2026-08-11,TN-KB-001;TN-COOL-001
ladli.yadav422@example.com,1582.69,paid,2026-08-11,TN-MOUSE-001
elijah.wason1@example.com,3499.0,paid,2026-08-11,TN-KB-001
tara.sastry115@example.com,6997.0,failed,2026-08-11,TN-CAM-001;TN-CTRL-001
lakshit.mangat210@example.com,2974.15,paid,2026-08-11,TN-KB-001
jonathan.wali461@example.com,960.67,paid,2026-08-11,TN-MAT-001
laksh.sani34@example.com,3418.2,paid,2026-08-11,TN-STAND-001;TN-CTRL-001
neel.mall376@example.com,439.87,paid,2026-08-12,OLD-BUNDLE-2024
alexander.behl337@example.com,8167.15,paid,2026-08-12,TN-KB-001;TN-HUB-001
faras.garg426@example.com,1799.1,refunded,2026-08-12,TN-CAM-001
vincent.barad414@example.com,6597.0,paid,2026-08-12,TN-STAND-001;TN-KB-001;TN-LIGHT-001
nirja.shan496@example.com,1439.1,pending,2026-08-12,TN-HUB-001
gabriel.sami457@example.com,21498.0,paid,2026-08-12,TN-CTRL-001;TN-MON-001
hemangini.sekhon68@example.com,7797.0,paid,2026-08-13,TN-HEADSET-001;TN-STAND-001;TN-KB-001
zayan.sani288@example.com,3898.0,paid,2026-08-13,TN-HEADSET-001;TN-MAT-001
naksh.sampath334@example.com,8926.2,cancelled,2026-08-13,TN-KB-001;TN-COOL-001
vincent.barad414@example.com,1799.0,paid,2026-08-13,TN-LIGHT-001
saumya.kothari235@example.com,2038.3,paid,2026-08-13,TN-COOL-001
victor.chada165@example.com,10437.3,paid,2026-08-13,TN-SSD-001;TN-HUB-001
ishita34@example.com,2249.1,paid,2026-08-13,TN-CTRL-001
udant.sundaram260@example.com,1519.05,paid,2026-08-14,TN-HUB-001
anvi.shan371@example.com,37998.0,paid,2026-08-14,TN-MON-001
adweta.parsa189@example.com,17099.1,paid,2026-08-14,TN-MON-001
gavin.gade327@example.com,4998.0,failed,2026-08-14,TN-CTRL-001
devika.parikh330@example.com,3198.0,paid,2026-08-14,TN-HUB-001
bahadurjit.kant387@example.com,37998.0,paid,2026-08-14,TN-MON-001
bahadurjit.arora477@example.com,3598.2,cancelled,2026-08-14,TN-CAM-001
libni.palan27@example.com,1361.56,paid,2026-08-15,TN-STAND-001
lopa.narasimhan421@example.com,2974.15,paid,2026-08-15,TN-KB-001
chakradhar.deol8@example.com,4249.15,paid,2026-08-15,TN-SSD-001
manya.rao43@example.com,4999.0,paid,2026-08-15,TN-SSD-001
pahal.kuruvilla121@example.com,1547.79,paid,2026-08-16,TN-MOUSE-001
ronith.nazareth71@example.com,5098.0,paid,2026-08-16,TN-HUB-001;TN-KB-001
chaitanya.jani320@example.com,3898.0,paid,2026-08-16,TN-HEADSET-001;TN-MAT-001
banjeet.de363@example.com,39597.0,paid,2026-08-16,TN-HUB-001;TN-MON-001
bakhshi.shetty280@example.com,1999.0,cancelled,2026-08-16,TN-CAM-001
gavin.lalla157@example.com,2124.15,paid,2026-08-16,TN-CTRL-001
amara.mitra467@example.com,3898.0,paid,2026-08-17,TN-MAT-001;TN-HEADSET-001
aishani.apte400@example.com,1529.15,paid,2026-08-17,TN-LIGHT-001
mason.koshy350@example.com,1371.22,failed,2026-08-17,TN-STAND-001
benjamin.devi430@example.com,2124.15,paid,2026-08-17,TN-CTRL-001
praneel.bajaj356@example.com,5497.0,pending,2026-08-17,TN-HUB-001;TN-HEADSET-001;TN-MAT-001
saumya.ratti33@example.com,1709.05,paid,2026-08-17,TN-LIGHT-001
thomas.sethi218@example.com,2999.0,failed,2026-08-18,TN-HEADSET-001
garima.agarwal197@example.com,4747.15,paid,2026-08-18,TN-COOL-001;TN-CAM-001;TN-LIGHT-001
anika.palan135@example.com,2999.0,paid,2026-08-18,TN-HEADSET-001
libni.palan27@example.com,8547.15,paid,2026-08-18,TN-KB-001;TN-CAM-001
yashawini.sengupta186@example.com,21097.0,paid,2026-08-19,TN-MON-001;TN-MAT-001;TN-COOL-001
benjamin.barad351@example.com,4829.48,paid,2026-08-19,PROMO-GIFTSET-01
nitesh.oommen20@example.com,18049.05,paid,2026-08-19,TN-MON-001
kiaan.arora178@example.com,1799.0,paid,2026-08-19,TN-LIGHT-001
adya.sangha459@example.com,1296.79,paid,2026-08-19,TN-COOL-001
gabriel.sami457@example.com,18999.0,cancelled,2026-08-19,TN-MON-001
adya.sangha459@example.com,18999.0,paid,2026-08-20,TN-MON-001
eshana.dyal296@example.com,9782.15,paid,2026-08-20,TN-LIGHT-001;TN-SSD-001;TN-KB-001
amaira.sarin416@example.com,39796.0,paid,2026-08-20,TN-MAT-001;TN-MON-001
kashvi.narula269@example.com,6397.0,paid,2026-08-20,TN-KB-001;TN-CAM-001;TN-MAT-001
falak.gulati470@example.com,4749.05,paid,2026-08-20,TN-SSD-001
garima.agarwal197@example.com,1345.52,paid,2026-08-20,TN-STAND-001
yachana.de89@example.com,2549.15,failed,2026-08-20,TN-HEADSET-001
vanya.yohannan410@example.com,2999.0,paid,2026-08-20,TN-HEADSET-001
jalsa.sangha202@example.com,1599.0,pending,2026-08-20,TN-HUB-001
dhriti.lad484@example.com,4499.1,paid,2026-08-20,TN-SSD-001
ishani.kapoor62@example.com,4588.2,paid,2026-08-20,TN-KB-001;TN-HUB-001
devika.mody133@example.com,6298.2,paid,2026-08-20,TN-KB-001
sanya.shanker358@example.com,10097.0,paid,2026-08-21,TN-HUB-001;TN-SSD-001;TN-KB-001
yamini.bir255@example.com,24697.15,refunded,2026-08-21,TN-MON-001;TN-KB-001
indali.kunda440@example.com,2398.0,paid,2026-08-21,TN-COOL-001
veda.muni55@example.com,1599.0,paid,2026-08-21,TN-HUB-001
jdada@example.org,6496.0,failed,2026-08-21,TN-STAND-001;TN-HUB-001;TN-CAM-001
chaman.varty385@example.com,18999.0,paid,2026-08-22,TN-MON-001
nidhi.baria279@example.com,6197.0,pending,2026-08-22,TN-HUB-001;TN-HEADSET-001
nachiket.kota468@example.com,3823.3,paid,2026-08-22,TN-HEADSET-001;TN-MOUSE-001
jonathan.wali461@example.com,6076.2,paid,2026-08-23,TN-LIGHT-001;TN-HUB-001;TN-MOUSE-001
nathan.mander452@example.com,1499.58,paid,2026-08-23,TN-MOUSE-001
timothy.lanka258@example.com,2088.1,paid,2026-08-24,TN-STAND-001;TN-MAT-001
saumya.kothari235@example.com,5397.0,paid,2026-08-24,TN-LIGHT-001;TN-CAM-001;TN-HUB-001
chandran.datta211@example.com,4998.0,paid,2026-08-24,TN-HEADSET-001;TN-CAM-001
arjun.kaur286@example.com,18999.0,pending,2026-08-24,TN-MON-001
mason.koshy350@example.com,2549.15,paid,2026-08-24,TN-HEADSET-001
rushil.gopal375@example.com,2124.15,paid,2026-08-24,TN-CTRL-001
rayaan.goyal267@example.com,1799.0,paid,2026-08-24,TN-LIGHT-001
ekapad.chander24@example.com,1599.0,paid,2026-08-24,TN-HUB-001
naksh.krishna486@example.com,1799.0,paid,2026-08-24,TN-LIGHT-001
jacob.ramakrishnan352@example.com,4677.3,paid,2026-08-25,TN-MOUSE-001;TN-CTRL-001;TN-COOL-001
veda.muni55@example.com,9498.1,paid,2026-08-25,TN-SSD-001
oni32@example.com,5998.0,pending,2026-08-25,TN-HEADSET-001
jatin.kapoor6@example.com,2499.0,paid,2026-08-25,TN-CTRL-001
hitesh.bhandari95@example.com,6172.15,paid,2026-08-25,TN-HEADSET-001;TN-CAM-001;TN-MOUSE-001
hitesh.virk393@example.com,8497.0,paid,2026-08-25,TN-HEADSET-001;TN-CTRL-001
ryan.venkataraman492@example.com,1542.18,paid,2026-08-25,TN-MOUSE-001
kashish.sekhon276@example.com,22498.0,refunded,2026-08-25,TN-KB-001;TN-MON-001
isaac.chaudhary241@example.com,2888.3,failed,2026-08-25,TN-MAT-001;TN-CTRL-001
mason.koshy350@example.com,19797.3,pending,2026-08-25,TN-MOUSE-001;TN-MON-001
maanas.ratta158@example.com,1439.1,paid,2026-08-25,TN-HUB-001
anusha.raja499@example.com,18999.0,paid,2026-08-25,TN-MON-001
yashica.kota101@example.com,1619.1,paid,2026-08-26,TN-LIGHT-001
nathaniel.kota294@example.com,5697.0,paid,2026-08-26,TN-MAT-001;TN-KB-001;TN-STAND-001
shivani.murthy265@example.com,3840.16,cancelled,2026-08-26,PROMO-GIFTSET-01
karan.bhat87@example.com,1619.1,paid,2026-08-26,TN-LIGHT-001
kala.nagar41@example.com,2849.05,paid,2026-08-26,TN-HEADSET-001
gautammishra@example.org,5523.3,paid,2026-08-26,TN-SSD-001;TN-MOUSE-001
urmi.sachdeva212@example.com,2499.0,cancelled,2026-08-26,TN-CTRL-001
alka.magar119@example.com,871.05,paid,2026-08-26,TN-MAT-001
pranit.kohli16@example.com,1563.85,failed,2026-08-27,TN-MOUSE-001
adya.sangha459@example.com,994.31,paid,2026-08-27,TN-MAT-001
brinda.thaker85@example.com,17099.1,paid,2026-08-27,TN-MON-001
kai.bassi130@example.com,4998.0,paid,2026-08-27,TN-CTRL-001
isaac.chaudhary241@example.com,4098.0,paid,2026-08-27,TN-CTRL-001;TN-HUB-001
frado.joshi298@example.com,1899.05,failed,2026-08-27,TN-CAM-001
shravya.ravi194@example.com,970.14,paid,2026-08-27,TN-MAT-001
lopa.narasimhan421@example.com,2124.15,paid,2026-08-27,TN-CTRL-001
hemal.sen18@example.com,8996.0,paid,2026-08-28,TN-CAM-001;TN-CTRL-001
samaksh.sem102@example.com,4857.3,paid,2026-08-28,TN-HEADSET-001;TN-COOL-001
dakshesh.goswami124@example.com,1799.0,refunded,2026-08-28,TN-LIGHT-001
qarin.ramanathan497@example.com,3322.15,paid,2026-08-28,TN-MAT-001;TN-STAND-001
tristan.bhavsar127@example.com,1257.91,paid,2026-08-28,TN-COOL-001
omkaar.chopra270@example.com,4598.0,refunded,2026-08-28,TN-HUB-001;TN-HEADSET-001
brinda.thaker85@example.com,2883.88,paid,2026-08-28,PROMO-GIFTSET-01
frederick.solanki184@example.com,3038.1,paid,2026-08-28,TN-HUB-001
frado.joshi298@example.com,18999.0,paid,2026-08-28,TN-MON-001
udarsh.sachdev394@example.com,3797.0,paid,2026-08-29,TN-CAM-001;TN-MAT-001
falan.johal217@example.com,1799.1,cancelled,2026-08-29,TN-CAM-001
saumya.ratti33@example.com,8498.0,paid,2026-08-29,TN-SSD-001;TN-KB-001
aarnav.pant392@example.com,24997.0,paid,2026-08-29,TN-HEADSET-001;TN-MON-001
yug.rao31@example.com,7597.0,paid,2026-08-30,TN-SSD-001;TN-STAND-001
yashica.kota101@example.com,2278.1,cancelled,2026-08-30,TN-COOL-001
upasnapant@example.org,4998.0,failed,2026-08-30,TN-CTRL-001
shivani.murthy265@example.com,17099.1,paid,2026-08-30,TN-MON-001
banjeet.de363@example.com,3198.0,paid,2026-08-30,TN-HUB-001
bimala.shanker185@example.com,2038.3,paid,2026-08-30,TN-MOUSE-001;TN-MAT-001
chandresh.bahl168@example.com,1519.05,paid,2026-08-30,TN-HUB-001
shravya.ravi194@example.com,7498.0,paid,2026-08-30,TN-SSD-001;TN-CTRL-001
banjeet.de363@example.com,1519.05,paid,2026-08-31,TN-HUB-001
chaitanya.bhatia403@example.com,1226.48,failed,2026-08-31,TN-COOL-001
falak.gulati470@example.com,1999.0,paid,2026-08-31,TN-CAM-001
henry.bora297@example.com,16149.15,cancelled,2026-08-31,TN-MON-001
triveni.pathak292@example.com,4698.0,paid,2026-08-31,TN-KB-001;TN-COOL-001
nathan.aggarwal193@example.com,18999.0,paid,2026-08-31,TN-MON-001
janaki.din59@example.com,1999.0,paid,2026-08-31,TN-CAM-001
zayyan.palan52@example.com,1619.1,paid,2026-08-31,TN-LIGHT-001
dayamai.sankaran274@example.com,2615.5,paid,2026-08-31,OLD-BUNDLE-2024
timothy.bhatti369@example.com,3998.0,paid,2026-08-31,TN-CAM-001
jdada@example.org,2499.0,paid,2026-09-01,TN-CTRL-001
dakshesh.goswami124@example.com,17908.2,paid,2026-09-01,TN-MON-001;TN-MAT-001
darpan.gour264@example.com,18999.0,failed,2026-09-01,TN-MON-001
alexander.behl337@example.com,3312.45,paid,2026-09-01,TN-COOL-001;TN-LIGHT-001;TN-MAT-001
damini.salvi353@example.com,5749.94,paid,2026-09-01,OLD-BUNDLE-2024
amara.mitra467@example.com,2973.3,failed,2026-09-01,TN-CAM-001;TN-MOUSE-001
ikbal.tandon259@example.com,3711.08,paid,2026-09-01,PROMO-GIFTSET-01
xavier.soman246@example.com,17168.3,failed,2026-09-02,TN-MON-001;TN-COOL-001
urvashi.suri233@example.com,4498.0,refunded,2026-09-02,TN-CTRL-001;TN-CAM-001
reva.kota305@example.com,7406.2,failed,2026-09-02,TN-CTRL-001;TN-STAND-001;TN-MOUSE-001
chaitanya.bhatia403@example.com,6647.15,paid,2026-09-02,TN-CAM-001;TN-CTRL-001
warda.ramaswamy140@example.com,1519.05,paid,2026-09-02,TN-HUB-001
gavin.lalla157@example.com,1347.73,paid,2026-09-02,TN-STAND-001
eshana.tiwari99@example.com,3324.05,paid,2026-09-02,TN-KB-001
frederick.solanki184@example.com,18999.0,refunded,2026-09-02,TN-MON-001
jatin.kapoor6@example.com,1599.0,paid,2026-09-02,TN-HUB-001
kiaan.arora178@example.com,7097.0,paid,2026-09-03,TN-SSD-001;TN-MAT-001;TN-COOL-001
pahal.kuruvilla121@example.com,1439.1,paid,2026-09-03,TN-HUB-001
dev.nori282@example.com,3998.0,pending,2026-09-03,TN-CTRL-001;TN-MOUSE-001
falan.johal217@example.com,1599.0,paid,2026-09-03,TN-HUB-001
samesh.jani434@example.com,4999.0,pending,2026-09-03,TN-SSD-001
oni.kibe485@example.com,1363.5,failed,2026-09-03,TN-STAND-001
falan.chana188@example.com,5498.0,failed,2026-09-04,TN-HEADSET-001;TN-CTRL-001
darika.golla10@example.com,3998.0,pending,2026-09-04,TN-MOUSE-001;TN-CTRL-001
urvashi.ratta359@example.com,1272.45,failed,2026-09-04,TN-COOL-001
charita.vohra242@example.com,2999.0,paid,2026-09-04,TN-HEADSET-001
bahadurjit.arora477@example.com,2123.3,paid,2026-09-04,TN-HUB-001;TN-MAT-001
zaitra.bajaj58@example.com,2999.0,paid,2026-09-04,TN-HEADSET-001
isaac.chaudhary241@example.com,7998.0,cancelled,2026-09-04,TN-HEADSET-001;TN-SSD-001
idika.singh445@example.com,23998.0,paid,2026-09-04,TN-MON-001;TN-SSD-001
naksh.krishna486@example.com,2499.0,paid,2026-09-04,TN-CTRL-001
gavin.gade327@example.com,997.12,paid,2026-09-04,TN-MAT-001
chaitanya.bhatia403@example.com,5937.3,paid,2026-09-04,TN-LIGHT-001;TN-HEADSET-001
benjamin.deol166@example.com,3499.0,paid,2026-09-04,TN-KB-001
