id,customer_id,status,subtotal_amount,discount_amount,total_amount,created_at,source
c5aeb3ab-efaf-44d9-80c6-56206ead6e0a,a0ce4323-0151-4629-8c1f-003e55da0bce,paid,998.0,0.0,998.0,2026-09-05 11:30:57.479123+00:00,ai_buyer
04ad3dd8-deb7-40d5-a51e-e41d635f44a6,10c10e62-3b36-4134-8cf3-c4727d127242,paid,491.3,0.0,590.3,2026-02-06 21:22:40.288862+00:00,direct
54a26536-2e68-4073-9a3b-115d867be9c5,10c10e62-3b36-4134-8cf3-c4727d127242,paid,1527.45,0.0,1527.45,2025-10-07 02:25:40.288862+00:00,direct
9c9000e5-3705-4c3e-a69c-42e4197a8024,10c10e62-3b36-4134-8cf3-c4727d127242,paid,729.3,0.0,828.3,2025-10-21 13:40:40.288862+00:00,direct
a24ee2c8-30e5-4572-bffb-98c69772301a,8ea928d5-792c-41c7-9c7a-69ef5f5f7b02,paid,738.0,53.25,783.75,2025-11-15 08:49:40.288862+00:00,direct
e7c7207c-6a6e-4c07-b638-f31b8f272e81,8ea928d5-792c-41c7-9c7a-69ef5f5f7b02,paid,598.0,0.0,697.0,2026-04-01 23:34:40.288862+00:00,direct
886728ac-7a41-40e3-9bfe-ac2f7f95cb77,8ea928d5-792c-41c7-9c7a-69ef5f5f7b02,paid,1616.0,0.0,1616.0,2026-04-01 12:53:40.288862+00:00,direct
b0e4d435-ab76-4b8e-864c-cfcbe1b533e3,8ea928d5-792c-41c7-9c7a-69ef5f5f7b02,failed,478.0,0.0,577.0,2026-08-08 12:56:40.288862+00:00,direct
0fcccdac-228b-4986-a253-cc44fa3bd033,8ea928d5-792c-41c7-9c7a-69ef5f5f7b02,paid,999.0,74.74,1023.26,2026-04-28 19:57:40.288862+00:00,direct
d75fdd15-146b-46df-ac3e-3cc4ea1a0fda,8ea928d5-792c-41c7-9c7a-69ef5f5f7b02,paid,858.0,0.0,957.0,2026-02-03 15:50:40.288862+00:00,direct
2c77d165-9119-4854-ad53-020ef8a26e18,8ea928d5-792c-41c7-9c7a-69ef5f5f7b02,paid,299.0,15.03,382.97,2026-08-23 02:22:40.288862+00:00,direct
b73ec7fd-132b-4772-a23e-6e6f86d63161,d4834d33-dda7-4da8-9dbd-7731268fbd5e,paid,271.15,0.0,370.15,2026-02-03 12:09:40.288862+00:00,direct
f595d1e8-17c6-49db-9243-38c1767a084d,d4834d33-dda7-4da8-9dbd-7731268fbd5e,paid,558.45,0.0,657.45,2025-12-28 17:50:40.288862+00:00,direct
3db55930-200f-4494-9141-313b614e6952,dae44109-f30e-4e6b-aeec-3885321985de,paid,753.3,0.0,852.3,2026-09-02 01:20:40.288862+00:00,direct
d06881da-bf92-4c28-8608-c985b3464396,50b91420-f2b9-47aa-873e-1dcbc6a4cfbc,paid,511.1,0.0,610.1,2025-12-14 02:53:40.288862+00:00,direct
e650f2c7-1e20-4e23-84b0-bd115379c873,50b91420-f2b9-47aa-873e-1dcbc6a4cfbc,paid,1706.2,0.0,1706.2,2026-06-14 12:33:40.288862+00:00,direct
d0cb36a1-1607-4f45-b4e8-76eb860f6eb8,50b91420-f2b9-47aa-873e-1dcbc6a4cfbc,paid,3950.1,0.0,3950.1,2026-08-11 10:22:40.288862+00:00,direct
658e03e2-84d2-4096-b6d9-6f023c7f208f,54366bb1-8191-4ea9-bb92-06f54b882654,paid,1497.0,216.62,1379.38,2026-04-10 12:33:40.288862+00:00,direct
a41fd892-d843-46b3-9813-178924570871,54366bb1-8191-4ea9-bb92-06f54b882654,paid,498.0,0.0,597.0,2026-06-18 12:46:40.288862+00:00,direct
78a84507-e2e1-459d-b9b4-202b5cb48f28,54366bb1-8191-4ea9-bb92-06f54b882654,cancelled,1198.0,0.0,1297.0,2026-06-28 02:15:40.288862+00:00,direct
054f10eb-205a-4443-9b8e-441fa1ac7a1e,54366bb1-8191-4ea9-bb92-06f54b882654,paid,319.0,0.0,418.0,2025-12-28 20:30:40.288862+00:00,direct
3e644a0b-eb2e-4766-8029-4c3803015ebe,54366bb1-8191-4ea9-bb92-06f54b882654,paid,1816.0,0.0,1816.0,2026-02-16 09:44:40.288862+00:00,direct
1d44aea7-9775-4141-8610-514bfb5d307c,54366bb1-8191-4ea9-bb92-06f54b882654,paid,299.0,0.0,398.0,2026-07-29 10:18:40.288862+00:00,direct
fed7c26b-31f7-452f-916f-322d6598385b,d8e9b7a9-68a7-4214-834e-55d4c7e7756f,paid,1117.0,0.0,1216.0,2026-03-20 17:40:40.288862+00:00,direct
02b33014-d0cc-4284-b0a5-2174d4ec85e1,d8e9b7a9-68a7-4214-834e-55d4c7e7756f,paid,179.0,0.0,278.0,2026-07-21 07:16:40.288862+00:00,direct
54e2986f-8bbf-4517-b3aa-087f8fc6dcec,d8e9b7a9-68a7-4214-834e-55d4c7e7756f,paid,858.0,0.0,957.0,2026-08-13 09:46:40.288862+00:00,direct
79f14445-82e2-4f84-b42f-c14688d8ed97,d8e9b7a9-68a7-4214-834e-55d4c7e7756f,paid,498.0,46.9,550.1,2025-12-25 06:50:40.288862+00:00,direct
1fad2e6a-e851-4601-acc9-b4164cbe85b7,d8e9b7a9-68a7-4214-834e-55d4c7e7756f,paid,718.0,0.0,817.0,2026-07-19 12:48:40.288862+00:00,direct
f90fb452-d41a-4630-8ef3-54c77f8f46fe,de2ab2e1-5eab-408e-b315-56435edd4f1d,paid,1120.3,0.0,1219.3,2025-10-13 01:15:40.288862+00:00,direct
346b7b47-6092-4222-b10a-6bdedaaeb5c0,de2ab2e1-5eab-408e-b315-56435edd4f1d,paid,1442.45,0.0,1541.45,2026-01-12 14:23:40.288862+00:00,direct
b2c72cb0-0eaa-4983-985c-0d062fe26e07,de2ab2e1-5eab-408e-b315-56435edd4f1d,paid,491.3,0.0,590.3,2026-01-01 23:31:40.288862+00:00,direct
d50f19f4-621f-432e-ab91-d92ef7a32518,31c9b222-348b-42c8-8712-ed9c8d823e33,paid,701.1,72.67,727.43,2026-01-09 06:16:40.288862+00:00,direct
dcaa5fe5-7db6-4b48-99a7-61dae60f1f4b,31c9b222-348b-42c8-8712-ed9c8d823e33,failed,284.05,0.0,383.05,2026-08-19 14:41:40.288862+00:00,direct
3f35f40e-4dc5-47a5-935b-97e3be741afd,1ae26631-79c0-43cc-9a34-5da3c36cd2d6,paid,358.0,0.0,457.0,2025-10-03 12:45:40.288862+00:00,direct
ae3a7d0d-5883-483c-8268-c03b5724ec5c,1ae26631-79c0-43cc-9a34-5da3c36cd2d6,paid,498.0,0.0,597.0,2026-01-05 17:56:40.288862+00:00,direct
457c7065-bff9-41e4-836b-065cf70ee624,1ae26631-79c0-43cc-9a34-5da3c36cd2d6,paid,179.0,0.0,278.0,2025-10-25 03:02:40.288862+00:00,direct
fcf38c5c-db1d-4976-ae4b-64f797f5f40c,1ae26631-79c0-43cc-9a34-5da3c36cd2d6,paid,817.0,0.0,916.0,2026-07-16 23:30:40.288862+00:00,direct
b6f594f1-060b-4261-86d7-4536c6398df4,1ae26631-79c0-43cc-9a34-5da3c36cd2d6,paid,359.0,0.0,458.0,2026-09-05 06:14:40.288862+00:00,direct
684c2d07-4a95-4437-a474-8e8cc4261e7c,1ae26631-79c0-43cc-9a34-5da3c36cd2d6,cancelled,239.0,0.0,338.0,2026-08-22 06:14:40.288862+00:00,direct
9163ef85-7e90-4ab3-adc5-0c9a31957edf,3349ea28-e0f7-4ec8-8828-1c029be8b909,paid,699.0,53.5,744.5,2026-04-12 10:56:40.288862+00:00,direct
bf5acfc8-8af0-45ca-a8ed-2d562704ba1c,3349ea28-e0f7-4ec8-8828-1c029be8b909,paid,578.0,74.17,602.83,2025-11-03 12:00:40.288862+00:00,direct
ae6a1902-6ea7-422b-ab14-9b5e0ff6ed3b,3349ea28-e0f7-4ec8-8828-1c029be8b909,paid,1058.0,0.0,1157.0,2025-09-13 15:03:40.288862+00:00,direct
f6e384da-8db3-48f9-b980-4156fe53b15e,3349ea28-e0f7-4ec8-8828-1c029be8b909,paid,1497.0,0.0,1596.0,2026-05-28 07:00:40.288862+00:00,direct
55a09096-d0c3-4975-800c-b86aaf7eb2f2,ca1a8a39-5b4f-4348-b9f2-b60dde6967e2,paid,578.0,0.0,677.0,2025-10-30 03:38:40.288862+00:00,direct
8add27a9-9927-4ccd-8773-354d8a65e25f,ca1a8a39-5b4f-4348-b9f2-b60dde6967e2,paid,2196.0,0.0,2196.0,2025-09-28 08:37:40.288862+00:00,direct
20092e20-0fb3-4110-8225-5e48ca81a97d,ca1a8a39-5b4f-4348-b9f2-b60dde6967e2,paid,1096.0,0.0,1195.0,2026-05-11 15:45:40.288862+00:00,direct
e9569d6e-2058-4131-9f6d-32ade866edab,ca1a8a39-5b4f-4348-b9f2-b60dde6967e2,paid,677.0,43.55,732.45,2026-04-13 15:25:40.288862+00:00,direct
570d2718-434d-46d3-a05a-212d180c34b1,f2dd9ae4-81a1-48f8-8118-848de9462628,paid,299.0,0.0,398.0,2025-12-29 16:26:40.288862+00:00,direct
4e7d25f4-7ac2-4aff-ad9e-da724e741d87,f2dd9ae4-81a1-48f8-8118-848de9462628,paid,618.0,0.0,717.0,2026-04-21 19:26:40.288862+00:00,direct
ec2c503b-f8f8-4386-a0ee-6452f09aa260,f2dd9ae4-81a1-48f8-8118-848de9462628,paid,599.0,0.0,698.0,2026-05-05 10:04:40.288862+00:00,direct
69543008-b8fc-47e2-b2f6-3e65c85a034c,f2dd9ae4-81a1-48f8-8118-848de9462628,paid,2016.0,0.0,2016.0,2026-04-02 05:56:40.288862+00:00,direct
2e20ea56-1b87-4cc5-995d-994349cf5f09,f2dd9ae4-81a1-48f8-8118-848de9462628,paid,299.0,43.28,354.72,2026-04-16 21:46:40.288862+00:00,direct
3c0fbe6f-797b-4608-a564-4a4c33d6047b,87589081-fd62-485f-9da8-eb194a3ba84a,paid,319.0,0.0,418.0,2026-04-23 07:49:40.288862+00:00,direct
d2af9d78-485e-4f23-b899-b52e9c4dfb2f,87589081-fd62-485f-9da8-eb194a3ba84a,paid,4298.0,299.69,3998.31,2026-04-10 04:07:40.288862+00:00,direct
aea5ccbd-21ae-4491-8bed-23be1f6e419b,87589081-fd62-485f-9da8-eb194a3ba84a,paid,4617.0,435.02,4181.98,2026-04-24 19:35:40.288862+00:00,direct
7571bc27-e597-434a-807c-27fa5beaf4ed,87589081-fd62-485f-9da8-eb194a3ba84a,paid,1697.0,0.0,1697.0,2026-01-17 23:32:40.288862+00:00,direct
eec84498-2809-4074-b7ad-5eefa1caa86f,87589081-fd62-485f-9da8-eb194a3ba84a,paid,1417.0,79.62,1436.38,2026-04-03 16:29:40.288862+00:00,direct
b48c67f6-17be-4ac8-9380-f31c5c32d1ee,6d4e769e-41fb-44cf-8d37-03e18752cd5a,paid,763.3,0.0,862.3,2026-01-27 06:02:40.288862+00:00,direct
7058e31f-ca21-467f-84ed-5fc2275c0dd6,6d4e769e-41fb-44cf-8d37-03e18752cd5a,paid,848.3,0.0,947.3,2025-11-04 13:26:40.288862+00:00,direct
ec1fb945-ab5b-440c-8a86-f49fdcd9d4af,52ab5020-57ab-4a70-ad0d-189e316fcc0b,paid,376.6,0.0,475.6,2026-03-13 23:45:40.288862+00:00,direct
038e0b95-7e08-412c-9399-61c37007e5e5,52ab5020-57ab-4a70-ad0d-189e316fcc0b,paid,167.3,14.42,251.88,2025-09-26 11:21:40.288862+00:00,direct
994d2ca3-a63c-4bc7-9d7d-1f8287b0cdcc,52ab5020-57ab-4a70-ad0d-189e316fcc0b,paid,223.3,17.77,304.53,2026-06-05 00:15:40.288862+00:00,direct
137b3ff8-81c0-4e33-a25c-1593bea743fb,52ab5020-57ab-4a70-ad0d-189e316fcc0b,paid,1201.9,160.01,1140.89,2025-12-19 11:08:40.288862+00:00,direct
62cfb551-c881-4dd0-9ed2-8f9c034dd44a,52ab5020-57ab-4a70-ad0d-189e316fcc0b,paid,698.6,0.0,797.6,2026-07-15 11:36:40.288862+00:00,direct
e35fc37d-704e-44bf-8ae3-28182f5dd674,328f36b4-63f7-4884-8215-a64824205ab7,paid,454.1,0.0,553.1,2026-01-08 04:41:40.288862+00:00,direct
b2142259-fa29-430f-8f32-c776970bbca6,328f36b4-63f7-4884-8215-a64824205ab7,paid,3609.05,0.0,3609.05,2025-11-09 14:34:40.288862+00:00,direct
83b82e14-d191-4d6c-bfaa-baddc372197a,328f36b4-63f7-4884-8215-a64824205ab7,paid,227.05,32.03,294.02,2026-08-31 02:36:40.288862+00:00,direct
76534eef-5b6a-4f34-ab5b-d46e6f58b005,45ec2044-4a58-455e-b94b-dea49e5f08eb,paid,700.15,0.0,799.15,2026-02-10 03:40:40.288862+00:00,direct
a14bbd0c-a58e-41e7-bbff-71c99aa700cb,45ec2044-4a58-455e-b94b-dea49e5f08eb,paid,1232.15,0.0,1331.15,2026-08-23 12:11:40.288862+00:00,direct
45c944e9-b7cb-42a2-a3dd-e35bebbfd378,2b38fabd-5337-4d2d-bc3c-268815510a0d,paid,746.3,0.0,845.3,2025-11-11 01:57:40.288862+00:00,direct
fb1db6c7-0bf6-4b16-9f3c-796d1fd7ab55,2b38fabd-5337-4d2d-bc3c-268815510a0d,paid,152.15,0.0,251.15,2025-09-22 22:04:40.288862+00:00,direct
b9ef164f-1d21-4790-8d60-5de7c9caa0cd,2b38fabd-5337-4d2d-bc3c-268815510a0d,paid,305.15,0.0,404.15,2025-10-06 08:31:40.288862+00:00,direct
be2f3fdc-96e0-4c97-aad9-fac1a8e62653,a75ac9f2-6cf5-45f4-b39b-3eff95ec0ae4,paid,339.15,0.0,438.15,2026-02-13 08:42:40.288862+00:00,direct
0b5de15d-5a6d-48dc-9905-3e4022e256fb,a75ac9f2-6cf5-45f4-b39b-3eff95ec0ae4,paid,152.15,0.0,251.15,2026-02-06 00:12:40.288862+00:00,direct
31a7b2b7-de1a-4a1e-83b7-d7fb45909d1d,e1286d71-0e9e-4947-bd43-70be42b0c783,paid,1574.15,0.0,1574.15,2026-08-18 04:08:40.288862+00:00,direct
0fa1005d-f667-4c81-bd2a-2d816c52cda4,e1286d71-0e9e-4947-bd43-70be42b0c783,paid,948.1,0.0,1047.1,2026-08-12 00:47:40.288862+00:00,direct
152959ba-71d9-4e33-a119-4010a7c27e9b,e1286d71-0e9e-4947-bd43-70be42b0c783,paid,2201.15,0.0,2201.15,2026-08-04 18:47:40.288862+00:00,direct
3693b5e5-79f9-43b3-8a72-e5cdc9257bba,ffdda285-87b6-44f6-bdf5-931c00742aeb,paid,7052.45,0.0,7052.45,2025-10-27 09:18:40.288862+00:00,direct
0d317a97-b5eb-4aad-ab0f-32fc484fee64,3a4db3c0-1121-4574-9c30-8baa7ed60b4b,paid,1866.6,0.0,1866.6,2026-06-23 13:14:40.288862+00:00,direct
f5b8102c-a15c-4a9b-a515-bb0273136ffa,3a4db3c0-1121-4574-9c30-8baa7ed60b4b,paid,860.4,0.0,959.4,2026-07-20 08:28:40.288862+00:00,direct
3c2fa6cc-e6e6-4f21-80f4-a1a7939ec3ab,dbfa9f28-c051-449a-aed7-04f688967634,paid,284.05,0.0,383.05,2025-10-16 19:52:40.288862+00:00,direct
308a46c6-43b7-4e6c-93e8-5f3a74041a0d,dbfa9f28-c051-449a-aed7-04f688967634,paid,246.05,0.0,345.05,2026-08-31 00:22:40.288862+00:00,direct
07263d32-1c4c-484f-b802-56315fcf819f,356a3582-4b46-4baf-957b-f761fa053aca,paid,999.0,105.3,992.7,2026-03-04 07:52:40.288862+00:00,direct
d85b7e08-aa74-4ef6-a538-cce253f07c54,356a3582-4b46-4baf-957b-f761fa053aca,paid,1357.0,0.0,1456.0,2025-11-17 08:45:40.288862+00:00,direct
76b0bbbe-8a93-4b7e-82c6-9ba8ef54bc8a,356a3582-4b46-4baf-957b-f761fa053aca,paid,538.0,77.19,559.81,2025-11-27 05:15:40.288862+00:00,direct
ce89cc56-8cf1-4291-89b2-b215ee834597,356a3582-4b46-4baf-957b-f761fa053aca,paid,1597.0,0.0,1597.0,2025-12-14 08:48:40.288862+00:00,direct
4fb69dd2-285f-4251-83ec-ed089e454aff,356a3582-4b46-4baf-957b-f761fa053aca,paid,1497.0,0.0,1596.0,2025-11-11 09:02:40.288862+00:00,direct
f6de68df-9897-4282-8822-e039a37cc4a3,356a3582-4b46-4baf-957b-f761fa053aca,paid,179.0,0.0,278.0,2026-07-23 21:00:40.288862+00:00,direct
341b88a4-6f54-406f-9346-25aeefb0e787,4c7d4093-6969-4b2e-afda-f1f4933d68ba,paid,448.2,0.0,547.2,2026-08-08 11:09:40.288862+00:00,direct
65db4326-412a-42fd-8b38-8bbfa42ac7e0,41a03c94-73a6-41e8-820a-cbc8868ed1af,paid,339.15,0.0,438.15,2026-02-14 15:38:40.288862+00:00,direct
c22c2a09-8201-4d42-923c-06659be57c60,362dfb0e-6b76-4f67-96e1-495bfaa67173,paid,3778.2,375.89,3402.31,2026-08-20 20:33:40.288862+00:00,direct
e4891a46-3336-462b-b8ba-f3ef6733f5ac,5bb19678-ab29-4f03-8ed4-593a9918307c,paid,658.0,0.0,757.0,2026-04-12 07:37:40.288862+00:00,direct
67fc4691-49a4-40a0-9023-1c51da0143eb,5bb19678-ab29-4f03-8ed4-593a9918307c,paid,4158.0,0.0,4158.0,2025-12-05 20:16:40.288862+00:00,direct
c2da40b2-79fc-4662-aa01-e907bd0bfa1b,5bb19678-ab29-4f03-8ed4-593a9918307c,paid,699.0,0.0,798.0,2026-06-28 19:02:40.288862+00:00,direct
8941da3c-88b7-469e-ad86-a49b263b4557,5bb19678-ab29-4f03-8ed4-593a9918307c,paid,498.0,0.0,597.0,2026-06-20 18:56:40.288862+00:00,direct
51439a5c-284d-4551-9a1d-c821143f099b,5bb19678-ab29-4f03-8ed4-593a9918307c,paid,418.0,0.0,517.0,2025-11-10 23:43:40.288862+00:00,direct
d9d6f411-b0ad-4a01-929f-92c01e16d647,5bb19678-ab29-4f03-8ed4-593a9918307c,paid,359.0,0.0,458.0,2025-11-12 12:01:40.288862+00:00,direct
99be6ae0-fe80-4988-80b6-198224df3b28,5bb19678-ab29-4f03-8ed4-593a9918307c,paid,239.0,0.0,338.0,2026-02-18 09:28:40.288862+00:00,direct
a3b8ddf1-a6ef-45d8-a8c6-29fc093037ee,5bb19678-ab29-4f03-8ed4-593a9918307c,paid,738.0,0.0,837.0,2026-08-09 21:32:40.288862+00:00,direct
00e53cc0-57f2-4e40-a856-f98e103e2539,5b5dc2f1-3a39-40b4-bd7d-6c3fd084db6f,paid,239.0,0.0,338.0,2025-12-10 05:35:40.288862+00:00,direct
e313566b-4236-4e4b-afd9-98d2b498c968,5b5dc2f1-3a39-40b4-bd7d-6c3fd084db6f,paid,838.0,0.0,937.0,2026-01-10 17:45:40.288862+00:00,direct
d7afc911-110b-471a-84b9-bfac68b6555b,5b5dc2f1-3a39-40b4-bd7d-6c3fd084db6f,paid,4398.0,0.0,4398.0,2026-04-22 17:40:40.288862+00:00,direct
f9f9449f-b0dc-4e81-8e61-f7d4d00209b9,5b5dc2f1-3a39-40b4-bd7d-6c3fd084db6f,paid,1077.0,98.36,1077.64,2026-01-21 11:34:40.288862+00:00,direct
5bca3905-106e-4488-954c-4e617b11f0f0,5b5dc2f1-3a39-40b4-bd7d-6c3fd084db6f,paid,239.0,0.0,338.0,2026-07-16 07:04:40.288862+00:00,direct
2052d08b-6bac-4b85-91a3-f62a9be75373,5b5dc2f1-3a39-40b4-bd7d-6c3fd084db6f,paid,399.0,42.86,455.14,2026-01-04 01:44:40.288862+00:00,direct
8e19fb02-bd7a-4a7f-a9b3-03dbf5df6776,5b5dc2f1-3a39-40b4-bd7d-6c3fd084db6f,paid,3799.0,507.62,3291.38,2026-08-17 05:38:40.288862+00:00,direct
455861b5-a774-4fdf-b125-c1e93cbaf7bf,5b5dc2f1-3a39-40b4-bd7d-6c3fd084db6f,paid,998.0,0.0,1097.0,2026-08-25 01:08:40.288862+00:00,direct
9efe7795-3e0d-46e5-9238-c64202173f6e,09e7891c-edb2-4e65-a6b7-970c2bcfffab,paid,254.15,0.0,353.15,2025-10-11 04:13:40.288862+00:00,direct
9becf97a-d83c-46cc-833d-1873dcefa57e,36dcb039-6702-4983-922b-ff487a33b041,paid,205.85,0.0,304.85,2026-01-30 08:39:40.288862+00:00,direct
8d221e06-39ba-44a8-b5cc-6bd78fd561c9,36dcb039-6702-4983-922b-ff487a33b041,paid,5929.4,0.0,5929.4,2026-05-08 02:43:40.288862+00:00,direct
d2b5fc4c-e054-4ade-80f9-20acaee9dfcf,36dcb039-6702-4983-922b-ff487a33b041,paid,5792.55,0.0,5792.55,2026-04-07 03:50:40.288862+00:00,direct
b7b66184-a323-4981-b6a3-e9613b7ec92d,36dcb039-6702-4983-922b-ff487a33b041,paid,1491.55,0.0,1590.55,2025-12-09 12:41:40.288862+00:00,direct
62c5afed-8771-4e15-9d47-8531474014d4,36dcb039-6702-4983-922b-ff487a33b041,paid,1170.7,0.0,1269.7,2026-08-07 18:38:40.288862+00:00,direct
1da81ac5-f59a-4a03-b1c7-0a6df6754444,36dcb039-6702-4983-922b-ff487a33b041,paid,756.7,0.0,855.7,2026-08-12 13:00:40.288862+00:00,direct
25a3c770-8f39-41ef-8990-4cc08bbf2048,36dcb039-6702-4983-922b-ff487a33b041,paid,1031.55,0.0,1130.55,2026-06-27 11:23:40.288862+00:00,direct
0a328440-1034-4a05-9660-84b0a7623b44,36dcb039-6702-4983-922b-ff487a33b041,paid,1147.7,0.0,1246.7,2026-06-05 22:31:40.288862+00:00,direct
8fe6f63c-b574-4643-851f-2567cde11636,36dcb039-6702-4983-922b-ff487a33b041,paid,3399.4,0.0,3399.4,2026-02-23 03:35:40.288862+00:00,direct
d9def8f9-b087-426d-b27f-027a9638973b,36dcb039-6702-4983-922b-ff487a33b041,paid,687.7,0.0,786.7,2026-08-11 20:50:40.288862+00:00,direct
d25ac29b-b3be-4b25-98e5-31f9cb9d3389,36dcb039-6702-4983-922b-ff487a33b041,cancelled,5056.55,0.0,5056.55,2026-05-07 06:22:40.288862+00:00,direct
cc75d067-47fe-483e-b293-f3eb559baefe,36dcb039-6702-4983-922b-ff487a33b041,paid,205.85,0.0,304.85,2025-10-10 18:44:40.288862+00:00,direct
fa36dc7f-76a2-4f69-91ba-7e6fefc8710c,36dcb039-6702-4983-922b-ff487a33b041,paid,1306.4,0.0,1405.4,2026-06-24 09:29:40.288862+00:00,direct
70d73a6b-a4bf-42be-af2d-a6cc17b17bba,36dcb039-6702-4983-922b-ff487a33b041,paid,1377.7,0.0,1476.7,2026-09-04 15:26:40.288862+00:00,direct
7a4a3db3-8249-4ee6-84fd-0640a9c3b2d0,1553ab91-a1c0-4d36-9b68-ecfbcbc81e9d,paid,239.0,0.0,338.0,2026-03-02 07:17:40.288862+00:00,direct
e41e1f97-bca6-4cac-a361-08cc45d7d719,1553ab91-a1c0-4d36-9b68-ecfbcbc81e9d,paid,897.0,0.0,996.0,2025-12-24 22:35:40.288862+00:00,direct
b0045340-fc89-46d7-8006-c2d278429203,1553ab91-a1c0-4d36-9b68-ecfbcbc81e9d,paid,359.0,37.81,420.19,2026-02-22 22:02:40.288862+00:00,direct
96bdf573-0558-4bd2-b033-2046ad9dbbf4,1553ab91-a1c0-4d36-9b68-ecfbcbc81e9d,paid,359.0,0.0,458.0,2026-04-15 03:40:40.288862+00:00,direct
ad466ed9-49fb-43f2-bd14-7369b700a1a8,b405676b-94ee-4e51-a60e-e6324e5e39c9,paid,424.15,0.0,523.15,2025-09-05 20:54:40.288862+00:00,direct
a3d22765-0b24-4589-b3a9-67bd73cffbf6,b405676b-94ee-4e51-a60e-e6324e5e39c9,paid,1273.3,0.0,1372.3,2026-01-28 14:01:40.288862+00:00,direct
bcfbfb6f-d9e2-4acd-a6d5-07300ba6a09b,e1471483-2b2f-4c21-bad8-9cc9b5e4777c,paid,830.45,0.0,929.45,2025-10-17 11:04:40.288862+00:00,direct
a728bb3f-0038-4bce-8739-90d83a2a224d,e1471483-2b2f-4c21-bad8-9cc9b5e4777c,paid,949.45,0.0,1048.45,2026-01-03 06:49:40.288862+00:00,direct
3866367a-be28-4143-b9b3-1daff87913a0,e1471483-2b2f-4c21-bad8-9cc9b5e4777c,paid,152.15,0.0,251.15,2025-12-17 03:45:40.288862+00:00,direct
ff05e712-bd2c-471d-ad53-d9f6bfcc8b7a,c1f934e9-c85e-4a52-b1ab-0b050bf3da57,paid,233.1,0.0,332.1,2026-08-20 14:14:40.288862+00:00,direct
d88b8a6b-4772-4261-8d3c-48761bc27f26,6e59bc27-e0f0-43b4-9721-1652fb3e3211,paid,908.6,0.0,1007.6,2025-11-19 09:05:40.288862+00:00,direct
a534cacc-822b-4cd0-8ffd-d629c7eef158,6e59bc27-e0f0-43b4-9721-1652fb3e3211,paid,181.3,0.0,280.3,2026-05-21 12:12:40.288862+00:00,direct
b16be917-2347-4f8d-ae36-9a2ba2b99d41,6e59bc27-e0f0-43b4-9721-1652fb3e3211,paid,181.3,0.0,280.3,2026-02-17 17:43:40.288862+00:00,direct
d3f45fb4-a045-417b-8989-953f1bd651e9,6e59bc27-e0f0-43b4-9721-1652fb3e3211,paid,473.9,0.0,572.9,2026-03-17 08:43:40.288862+00:00,direct
7fe3dfda-12c8-4812-ae00-0efee5c485c4,6e59bc27-e0f0-43b4-9721-1652fb3e3211,paid,1005.9,129.15,975.75,2026-03-06 22:37:40.288862+00:00,direct
b65b2e5f-4a68-4531-9e3f-fc5acfe5d9fd,6e59bc27-e0f0-43b4-9721-1652fb3e3211,paid,1103.9,0.0,1202.9,2026-02-18 07:59:40.288862+00:00,direct
e91edc5e-b171-4e0f-afbb-135c62c624cd,6e59bc27-e0f0-43b4-9721-1652fb3e3211,paid,740.6,103.77,735.83,2026-07-25 08:26:40.288862+00:00,direct
a1b1d64c-72e2-4649-b835-3af3720b53e6,6e59bc27-e0f0-43b4-9721-1652fb3e3211,paid,181.3,11.71,268.59,2026-05-04 05:21:40.288862+00:00,direct
b4725971-966f-4d08-8261-44012d734c2a,6e59bc27-e0f0-43b4-9721-1652fb3e3211,paid,376.6,22.86,452.74,2026-08-18 19:14:40.288862+00:00,direct
b630fe28-ae26-4141-859f-bd36b8b1331f,64231dda-2e4d-4712-a728-60a1b3d7500e,paid,181.3,0.0,280.3,2025-10-23 00:36:40.288862+00:00,direct
867abd16-0241-4c75-bb16-0dc123241f9e,64231dda-2e4d-4712-a728-60a1b3d7500e,paid,279.3,35.91,342.39,2026-01-02 22:44:40.288862+00:00,direct
8c247d7e-5de7-4129-acac-0b3bb80f45af,64231dda-2e4d-4712-a728-60a1b3d7500e,paid,349.3,0.0,448.3,2025-11-11 05:21:40.288862+00:00,direct
57d5eee3-57a3-4c17-8e75-f1b6d573f9e9,64231dda-2e4d-4712-a728-60a1b3d7500e,paid,922.6,85.17,936.43,2026-01-23 13:00:40.288862+00:00,direct
45fa017d-9b46-4f78-bb37-e8de8dfc2210,64231dda-2e4d-4712-a728-60a1b3d7500e,paid,530.6,39.7,589.9,2026-01-18 19:27:40.288862+00:00,direct
28c67a02-659d-4f74-a975-97ed9073a447,64231dda-2e4d-4712-a728-60a1b3d7500e,paid,390.6,29.64,459.96,2026-08-26 09:28:40.288862+00:00,direct
75773cf6-0f8f-4ce8-8793-c6770a4ab584,d0b8d09e-c301-4d32-9f2e-afd70ce7db56,paid,1876.0,152.31,1723.69,2025-10-21 20:15:40.288862+00:00,direct
a2f0814a-ee1f-48f1-b325-7e62273d7306,d0b8d09e-c301-4d32-9f2e-afd70ce7db56,failed,1297.0,168.62,1227.38,2026-02-21 23:34:40.288862+00:00,direct
76487a7f-f9e9-43b7-8cc8-b1ce7c21cd45,d0b8d09e-c301-4d32-9f2e-afd70ce7db56,paid,658.0,76.15,680.85,2026-02-02 17:54:40.288862+00:00,direct
f5139db6-75c4-4c69-aa48-0b67ff180929,d0b8d09e-c301-4d32-9f2e-afd70ce7db56,paid,699.0,0.0,798.0,2026-05-12 21:40:40.288862+00:00,direct
1003eca2-20b9-455c-8e1d-5ef4ef5b9a79,0c0b5ed5-d5e5-4e67-b5d2-bf066910f19c,paid,610.3,0.0,709.3,2026-01-08 18:24:40.288862+00:00,direct
52dc45b8-beeb-428b-a23c-3c5f97115a1f,0c0b5ed5-d5e5-4e67-b5d2-bf066910f19c,paid,507.45,0.0,606.45,2025-12-02 16:59:40.288862+00:00,direct
996e1b33-126f-43e5-9eaa-cd50bc33d895,9b956c2a-d6e1-428a-afea-6a0592b31ded,paid,817.0,0.0,916.0,2025-09-04 14:05:40.288862+00:00,direct
9e686fef-8f4f-4d10-bd70-7ca3bd01b063,9b956c2a-d6e1-428a-afea-6a0592b31ded,paid,657.0,0.0,756.0,2025-09-26 19:38:40.288862+00:00,direct
3d008a4e-629c-40df-b873-f612876891e8,9b956c2a-d6e1-428a-afea-6a0592b31ded,paid,4797.0,0.0,4797.0,2025-09-04 16:17:40.288862+00:00,direct
b5f25eba-a46f-4f5a-9450-6ab855f3854b,9b956c2a-d6e1-428a-afea-6a0592b31ded,paid,1117.0,0.0,1216.0,2026-05-16 20:30:40.288862+00:00,direct
c5f0cf73-e8f4-46c9-b4b1-3d8ae91905f9,9b956c2a-d6e1-428a-afea-6a0592b31ded,paid,999.0,0.0,1098.0,2026-04-24 07:15:40.288862+00:00,direct
c92c5404-3514-42dd-a994-48cda182e80b,9b956c2a-d6e1-428a-afea-6a0592b31ded,paid,599.0,0.0,698.0,2026-04-14 04:12:40.288862+00:00,direct
9aadea15-f996-40b7-8c96-23a52eb3bb0c,c8cb26f7-6b3a-4664-8eed-6d1a909b3099,paid,250.6,0.0,349.6,2026-04-18 18:07:40.288862+00:00,direct
07431d67-3e07-4e00-8b7a-3e3c53de9d39,c8cb26f7-6b3a-4664-8eed-6d1a909b3099,paid,125.3,0.0,224.3,2026-08-05 14:56:40.288862+00:00,direct
85cf072c-a99c-419f-8d0c-1d9e9467b29c,c8cb26f7-6b3a-4664-8eed-6d1a909b3099,paid,334.6,41.82,391.78,2025-09-24 06:28:40.288862+00:00,direct
91794ca7-7c93-4e7c-ae8d-42c8490f52d0,c8cb26f7-6b3a-4664-8eed-6d1a909b3099,paid,251.3,0.0,350.3,2026-02-28 19:44:40.288862+00:00,direct
f09393fe-1d70-4197-837f-03b48c1d040a,c8cb26f7-6b3a-4664-8eed-6d1a909b3099,paid,544.6,58.7,584.9,2026-03-05 17:39:40.288862+00:00,direct
5198c33b-4718-4be2-b73c-ae6b85e73276,c8cb26f7-6b3a-4664-8eed-6d1a909b3099,paid,489.3,0.0,588.3,2025-12-30 13:16:40.288862+00:00,direct
e67fcf01-1545-411a-b6ed-2169cf94385c,c8cb26f7-6b3a-4664-8eed-6d1a909b3099,paid,419.3,57.63,460.67,2026-06-17 10:37:40.288862+00:00,direct
31f97a5c-7ea0-4345-93c3-309f47c87aa2,c8cb26f7-6b3a-4664-8eed-6d1a909b3099,paid,362.6,0.0,461.6,2026-07-20 02:59:40.288862+00:00,direct
e8b3fc22-a34c-4dac-8b88-b6384ffdb069,c8cb26f7-6b3a-4664-8eed-6d1a909b3099,cancelled,1103.9,0.0,1202.9,2026-07-13 12:58:40.288862+00:00,direct
20117f93-dc8d-43d4-8cc9-b94dbea7174e,34b32c32-df90-4f5e-93a5-6fbf6c84b334,paid,2525.4,0.0,2525.4,2026-01-13 11:13:40.288862+00:00,direct
d0469697-c21d-44b5-8fbc-de8bdf0a7336,34b32c32-df90-4f5e-93a5-6fbf6c84b334,paid,1354.7,81.35,1372.35,2026-06-12 11:51:40.288862+00:00,direct
e9c40953-128a-4d9e-ad57-25a403d189b7,34b32c32-df90-4f5e-93a5-6fbf6c84b334,paid,458.85,0.0,557.85,2025-11-07 23:37:40.288862+00:00,direct
f5574adb-0522-41d4-b4a8-c3ca20b8a74e,34b32c32-df90-4f5e-93a5-6fbf6c84b334,paid,3811.1,0.0,3811.1,2025-09-07 01:51:40.288862+00:00,direct
67f4b29b-25b6-469f-b0cd-22f480c66f6a,34b32c32-df90-4f5e-93a5-6fbf6c84b334,paid,2984.25,0.0,2984.25,2025-11-17 17:21:40.288862+00:00,direct
1e3ef6cb-d47a-4b23-8c55-60ffa9fa8c4c,34b32c32-df90-4f5e-93a5-6fbf6c84b334,cancelled,2019.4,0.0,2019.4,2025-10-18 21:37:40.288862+00:00,direct
eb26f64f-bd57-47c7-80a1-667eb17ee974,34b32c32-df90-4f5e-93a5-6fbf6c84b334,paid,1697.4,0.0,1697.4,2026-06-17 22:27:40.288862+00:00,direct
e3c95881-8c3d-4388-9d22-5230e9a4c553,34b32c32-df90-4f5e-93a5-6fbf6c84b334,paid,1605.4,0.0,1605.4,2026-07-06 10:54:40.288862+00:00,direct
1c33125e-b6bb-40bf-ae8a-5d3b90f358b1,34b32c32-df90-4f5e-93a5-6fbf6c84b334,paid,366.85,0.0,465.85,2026-07-24 15:00:40.288862+00:00,direct
a88c362a-a278-40be-96c9-5288c3efb2c7,34b32c32-df90-4f5e-93a5-6fbf6c84b334,paid,5057.7,0.0,5057.7,2026-09-05 09:10:40.288862+00:00,direct
ec0cedb9-0e80-4dd7-988d-769b429a0d13,802155c9-ee6c-4dcc-9c0c-66fb620514cc,paid,1498.0,0.0,1597.0,2026-05-13 21:06:40.288862+00:00,direct
92315535-81dd-4f6d-94db-8829a04e3765,802155c9-ee6c-4dcc-9c0c-66fb620514cc,paid,4058.0,284.33,3773.67,2025-12-14 23:00:40.288862+00:00,direct
7cb4a0e0-6eb9-48ef-b0fb-35219735a583,802155c9-ee6c-4dcc-9c0c-66fb620514cc,paid,658.0,0.0,757.0,2026-04-03 03:35:40.288862+00:00,direct
44b5c9de-a124-43b0-a18b-985703036de0,802155c9-ee6c-4dcc-9c0c-66fb620514cc,paid,179.0,20.72,257.28,2026-02-12 14:11:40.288862+00:00,direct
664d8d65-a1f0-4fe2-b9c8-98c0466ff1c2,802155c9-ee6c-4dcc-9c0c-66fb620514cc,paid,319.0,24.88,393.12,2026-04-06 03:38:40.288862+00:00,direct
cdd936ea-d700-4697-88e9-e716dd769684,802155c9-ee6c-4dcc-9c0c-66fb620514cc,paid,857.0,91.51,864.49,2026-05-09 18:38:40.288862+00:00,direct
1e093b90-32a7-498b-8251-8f6397951785,802155c9-ee6c-4dcc-9c0c-66fb620514cc,paid,2576.0,0.0,2576.0,2026-07-11 00:05:40.288862+00:00,direct
2e65869d-ccb2-4421-b6f6-177d08136198,802155c9-ee6c-4dcc-9c0c-66fb620514cc,paid,698.0,0.0,797.0,2026-08-26 00:38:40.288862+00:00,direct
c0d971d2-4310-430c-8e17-24f9d162e889,debeac99-cf0b-4417-8320-c8886c702a66,paid,254.15,0.0,353.15,2025-09-06 00:55:40.288862+00:00,direct
1b7d9372-e700-4685-8e90-52c97166ad24,debeac99-cf0b-4417-8320-c8886c702a66,paid,1698.3,219.73,1478.57,2025-11-23 10:39:40.288862+00:00,direct
606fb783-df36-4197-8045-682f7e17ae23,c7ad6353-9475-4187-ba59-4e7c9adc9f01,paid,999.0,0.0,1098.0,2026-07-28 14:36:40.288862+00:00,direct
94145f29-c862-4b55-9d28-20f993aa9df6,c7ad6353-9475-4187-ba59-4e7c9adc9f01,paid,598.0,0.0,697.0,2026-08-15 09:54:40.288862+00:00,direct
f69986b3-cfd0-43bc-83f8-aa4771e289b0,c7ad6353-9475-4187-ba59-4e7c9adc9f01,paid,1356.0,0.0,1455.0,2026-06-07 07:02:40.288862+00:00,direct
c67be36e-e14f-4613-a947-33646e4ddddb,c7ad6353-9475-4187-ba59-4e7c9adc9f01,paid,1018.0,0.0,1117.0,2026-04-30 17:14:40.288862+00:00,direct
f8d3f760-2af7-454f-b6c9-11fb47aaf940,c7ad6353-9475-4187-ba59-4e7c9adc9f01,paid,798.0,0.0,897.0,2026-03-25 06:03:40.288862+00:00,direct
8b2f9f25-8368-48fe-91b1-eb40ff03a277,c7ad6353-9475-4187-ba59-4e7c9adc9f01,paid,239.0,0.0,338.0,2026-01-06 16:50:40.288862+00:00,direct
a7478114-9646-4c07-bc93-e9e4829f3d32,c7ad6353-9475-4187-ba59-4e7c9adc9f01,paid,999.0,0.0,1098.0,2026-09-02 03:28:40.288862+00:00,direct
49948385-ac78-49a9-a14d-c9be434504e6,aaf9eb73-68af-43d8-88d2-dc8dda9fab58,cancelled,209.3,0.0,308.3,2025-09-11 16:28:40.288862+00:00,direct
cd73d2ab-0c98-43c8-929c-cbcf1707ad1c,aaf9eb73-68af-43d8-88d2-dc8dda9fab58,paid,209.3,20.47,287.83,2025-12-01 20:02:40.288862+00:00,direct
97646b57-6eda-4c38-b1d3-947f22f40ffd,aaf9eb73-68af-43d8-88d2-dc8dda9fab58,paid,529.9,54.38,574.52,2025-10-25 12:53:40.288862+00:00,direct
a277e676-2655-4ae6-a6fe-516b54a2cfb1,aaf9eb73-68af-43d8-88d2-dc8dda9fab58,failed,2910.6,0.0,2910.6,2026-07-29 13:39:40.288862+00:00,direct
4098fc4d-0dc7-4584-b412-a0d86fd8c365,aaf9eb73-68af-43d8-88d2-dc8dda9fab58,failed,614.6,75.52,638.08,2025-10-07 12:29:40.288862+00:00,direct
1bf949c3-8195-4fc0-bb5f-c9b200d82cbe,aaf9eb73-68af-43d8-88d2-dc8dda9fab58,paid,1118.6,0.0,1217.6,2025-11-15 17:02:40.288862+00:00,direct
9b99e52b-3f92-4b98-8691-649572e8c3ad,aaf9eb73-68af-43d8-88d2-dc8dda9fab58,paid,2659.3,0.0,2659.3,2026-07-18 05:24:40.288862+00:00,direct
273799fe-27c0-4a70-a263-1686f08bbdd1,aaf9eb73-68af-43d8-88d2-dc8dda9fab58,paid,279.3,0.0,378.3,2026-03-18 02:51:40.288862+00:00,direct
99441b81-707e-4684-97b6-48e1c084e3c5,aaf9eb73-68af-43d8-88d2-dc8dda9fab58,paid,529.9,0.0,628.9,2026-09-01 11:38:40.288862+00:00,direct
98c01262-cfe4-4c04-9734-01f23ffca720,a26892c1-97ab-4868-a3e1-a7a8582b6deb,failed,998.0,57.39,1039.61,2026-06-14 09:46:40.288862+00:00,direct
132c247c-31ca-49c4-a0d5-d05c6abaf403,a26892c1-97ab-4868-a3e1-a7a8582b6deb,paid,319.0,0.0,418.0,2026-07-19 15:07:40.288862+00:00,direct
afc77965-d024-4f45-a724-dfd06ddc6555,a26892c1-97ab-4868-a3e1-a7a8582b6deb,paid,8096.0,0.0,8096.0,2026-01-26 04:52:40.288862+00:00,direct
89891582-4ed1-45dc-b01f-720b5f75cffc,a26892c1-97ab-4868-a3e1-a7a8582b6deb,paid,1896.0,0.0,1896.0,2026-06-19 08:46:40.288862+00:00,direct
c96e0ba6-7607-4c38-a591-02af75438ff1,a26892c1-97ab-4868-a3e1-a7a8582b6deb,paid,358.0,0.0,457.0,2025-12-29 02:59:40.288862+00:00,direct
50a25280-7f77-4143-b1ea-be0a7f5ca6bb,a26892c1-97ab-4868-a3e1-a7a8582b6deb,paid,358.0,0.0,457.0,2026-08-19 06:16:40.288862+00:00,direct
d8ac494a-ccde-4a39-96a3-938c132b727b,0534e147-cdf4-40be-b797-2e3636f614f9,paid,3534.3,0.0,3534.3,2025-12-20 22:12:40.288862+00:00,direct
0a529427-42e3-4cad-a144-86588f7b1604,0534e147-cdf4-40be-b797-2e3636f614f9,paid,406.3,0.0,505.3,2025-09-23 16:21:40.288862+00:00,direct
e3baf4b7-4af9-4aeb-887e-7eea16f00c8b,0534e147-cdf4-40be-b797-2e3636f614f9,cancelled,594.15,0.0,693.15,2026-01-06 04:56:40.288862+00:00,direct
87dc57d1-179c-4c84-9598-5138344999fd,101aa2c6-9712-4af1-bafe-bdfc56da072b,paid,958.0,0.0,1057.0,2026-03-26 08:59:40.288862+00:00,direct
30e45dfe-84fc-4986-a502-51f8a97843df,101aa2c6-9712-4af1-bafe-bdfc56da072b,paid,239.0,0.0,338.0,2026-02-09 16:16:40.288862+00:00,direct
b4e86d03-02f2-4089-923f-2e8bb5a9fe2e,101aa2c6-9712-4af1-bafe-bdfc56da072b,paid,1258.0,0.0,1357.0,2026-04-11 23:08:40.288862+00:00,direct
0021fc69-e54c-4846-9ce9-63eae9e7d279,101aa2c6-9712-4af1-bafe-bdfc56da072b,paid,1317.0,0.0,1416.0,2026-02-15 00:20:40.288862+00:00,direct
a0063141-d8b2-4e68-846f-8e96ef9225db,101aa2c6-9712-4af1-bafe-bdfc56da072b,paid,1657.0,0.0,1657.0,2026-07-17 03:56:40.288862+00:00,direct
6f61dfed-8d8d-4fa0-b54e-4c7f44ab7502,101aa2c6-9712-4af1-bafe-bdfc56da072b,paid,499.0,0.0,598.0,2025-12-15 09:32:40.288862+00:00,direct
f88d7bf8-2fdb-42ef-9654-29ae6d6a18ea,101aa2c6-9712-4af1-bafe-bdfc56da072b,paid,599.0,0.0,698.0,2026-08-03 10:53:40.288862+00:00,direct
e26c3c34-9901-4640-a840-2477f1a1936e,60dc0fab-743d-403c-8ee1-5a284f538832,paid,572.7,0.0,671.7,2026-04-17 20:32:40.288862+00:00,direct
9dee3b5d-8cc6-4d57-9928-14f763e989bb,60dc0fab-743d-403c-8ee1-5a284f538832,paid,5975.4,0.0,5975.4,2025-11-27 05:11:40.288862+00:00,direct
fd9bcfe1-d8a7-4d04-8186-9f006ce86999,60dc0fab-743d-403c-8ee1-5a284f538832,paid,687.7,0.0,786.7,2025-09-10 14:53:40.288862+00:00,direct
4fc3d718-35f4-443f-8cee-83e62444e6fe,60dc0fab-743d-403c-8ee1-5a284f538832,paid,5607.4,0.0,5607.4,2026-03-11 04:35:40.288862+00:00,direct
5cd9f5e4-3eda-415b-9b61-1a9a06348ec4,60dc0fab-743d-403c-8ee1-5a284f538832,paid,4455.1,0.0,4455.1,2026-04-17 02:48:40.288862+00:00,direct
56358fb0-f3e1-4f11-b1d7-35aa864070de,60dc0fab-743d-403c-8ee1-5a284f538832,paid,1444.4,0.0,1543.4,2026-02-02 12:02:40.288862+00:00,direct
320573a9-2c74-4ac1-9ef7-59ed4db59178,60dc0fab-743d-403c-8ee1-5a284f538832,paid,1927.4,0.0,1927.4,2026-06-09 11:48:40.288862+00:00,direct
d4b77097-2ade-442d-854f-d159b077e059,60dc0fab-743d-403c-8ee1-5a284f538832,paid,10298.25,0.0,10298.25,2026-01-10 20:01:40.288862+00:00,direct
4d5bdaf2-2c77-4d75-a0b6-895043a9472e,60dc0fab-743d-403c-8ee1-5a284f538832,paid,1353.55,0.0,1452.55,2026-03-28 05:15:40.288862+00:00,direct
7b97641a-e7c4-4f91-a875-7ef24ec00bae,60dc0fab-743d-403c-8ee1-5a284f538832,paid,1306.4,0.0,1405.4,2026-07-26 21:39:40.288862+00:00,direct
38bf787d-db7b-4b33-b123-b2d5c1645e2d,60dc0fab-743d-403c-8ee1-5a284f538832,paid,5516.55,0.0,5516.55,2026-08-16 03:20:40.288862+00:00,direct
b7831583-bd2f-4e58-8bba-361edee13e31,38c9f4b9-c4ee-4c4e-a327-10181b588aba,paid,499.0,0.0,598.0,2026-03-13 19:42:40.288862+00:00,direct
08ab9667-9d61-4af0-a435-d0153fa25ed6,38c9f4b9-c4ee-4c4e-a327-10181b588aba,paid,1177.0,175.92,1100.08,2026-05-02 04:18:40.288862+00:00,direct
7bedd5d5-38e4-493c-afce-db47328ffe68,38c9f4b9-c4ee-4c4e-a327-10181b588aba,paid,998.0,0.0,1097.0,2025-10-06 09:20:40.288862+00:00,direct
ff0da989-1112-4638-b06c-ba5a2d976bd4,38c9f4b9-c4ee-4c4e-a327-10181b588aba,paid,4457.0,0.0,4457.0,2026-04-04 07:22:40.288862+00:00,direct
3a1cacfb-b303-44b5-a5d6-e48e5ce23a73,38c9f4b9-c4ee-4c4e-a327-10181b588aba,paid,498.0,0.0,597.0,2025-11-07 18:52:40.288862+00:00,direct
7f5c9652-111a-4bbe-afbb-83b9b12f1538,38c9f4b9-c4ee-4c4e-a327-10181b588aba,paid,4158.0,314.3,3843.7,2026-09-05 07:11:40.288862+00:00,direct
f522f205-87e3-4671-964b-eb071e9fbf7f,6d96605d-1473-4521-a88e-6e16780da937,paid,1055.7,0.0,1154.7,2026-04-23 07:12:40.288862+00:00,direct
9cd84dae-ec75-4f18-a316-ccde8c4d9792,6d96605d-1473-4521-a88e-6e16780da937,paid,297.85,39.17,357.68,2026-08-12 14:54:40.288862+00:00,direct
67a5cba5-9445-4935-bdc0-a92ce9c52ab0,6d96605d-1473-4521-a88e-6e16780da937,paid,2709.4,0.0,2709.4,2026-02-11 20:47:40.288862+00:00,direct
bb30ee89-42e5-4863-af98-0ff8d0087e6d,6d96605d-1473-4521-a88e-6e16780da937,paid,2777.25,0.0,2777.25,2026-06-04 23:25:40.288862+00:00,direct
51f0b2b4-0e96-4c40-a7a0-68386159108d,6d96605d-1473-4521-a88e-6e16780da937,paid,7607.25,0.0,7607.25,2025-11-14 03:22:40.288862+00:00,direct
cec49568-7a81-4784-994c-654b51d3e69a,6d96605d-1473-4521-a88e-6e16780da937,paid,2755.4,275.11,2480.29,2026-01-08 06:00:40.288862+00:00,direct
ad3f0399-32ea-49b8-b160-cb197c1b7ddb,6d96605d-1473-4521-a88e-6e16780da937,paid,870.55,0.0,969.55,2025-12-25 10:58:40.288862+00:00,direct
bdb77480-7c47-47eb-8c4e-85831ba45e79,6d96605d-1473-4521-a88e-6e16780da937,paid,1813.55,0.0,1813.55,2025-12-18 14:22:40.288862+00:00,direct
bcb6154a-3672-4cc4-88ce-2c21cf81031c,6d96605d-1473-4521-a88e-6e16780da937,paid,1903.25,0.0,1903.25,2025-10-12 14:13:40.288862+00:00,direct
c8345daa-dfa5-4731-9231-c6ddb8236429,6d96605d-1473-4521-a88e-6e16780da937,paid,2595.55,0.0,2595.55,2026-05-31 07:16:40.288862+00:00,direct
82ab5dd0-ccfd-48f4-a077-8fcfd4e840c4,6d96605d-1473-4521-a88e-6e16780da937,cancelled,1904.4,0.0,1904.4,2026-08-11 21:11:40.288862+00:00,direct
7592a49f-90aa-4934-89ad-891778763ab9,6d96605d-1473-4521-a88e-6e16780da937,paid,1423.7,0.0,1522.7,2026-08-19 01:36:40.288862+00:00,direct
87f960df-5c74-40ec-8cf5-d043a7281377,8811d9e3-9254-4c04-9f8d-7a7fabc0614d,paid,1137.0,0.0,1236.0,2026-01-09 13:56:40.288862+00:00,direct
8ccbe1a6-7c3f-4225-8895-05e16e1d5e10,8811d9e3-9254-4c04-9f8d-7a7fabc0614d,paid,478.0,0.0,577.0,2025-09-05 10:31:40.288862+00:00,direct
4e25a16f-27af-4682-91ef-b07c749afa4f,8811d9e3-9254-4c04-9f8d-7a7fabc0614d,paid,499.0,0.0,598.0,2026-05-07 01:51:40.288862+00:00,direct
63cd2a85-bb9f-4e93-9993-16d011d901f9,8811d9e3-9254-4c04-9f8d-7a7fabc0614d,paid,8556.0,0.0,8556.0,2026-05-09 17:40:40.288862+00:00,direct
cbb1084e-44d2-4c4e-ac30-6d33a418ec00,ca3a3db1-426a-4733-a666-dd1dec2b18f5,paid,1177.0,0.0,1276.0,2026-02-11 12:19:40.288862+00:00,direct
caab933a-f5c4-4053-905f-6c0b0f1e16d8,ca3a3db1-426a-4733-a666-dd1dec2b18f5,paid,999.0,0.0,1098.0,2025-11-10 05:27:40.288862+00:00,direct
16fe1d67-5a4f-4f3e-a7ef-b0e522f9dc81,ca3a3db1-426a-4733-a666-dd1dec2b18f5,paid,1817.0,0.0,1817.0,2026-03-20 16:01:40.288862+00:00,direct
d5c0eb5d-9e68-47bf-b18d-a3354c87b2e2,ca3a3db1-426a-4733-a666-dd1dec2b18f5,paid,299.0,0.0,398.0,2026-03-17 17:39:40.288862+00:00,direct
d528b8e1-c006-4239-8fb1-545fbb5487a2,ca3a3db1-426a-4733-a666-dd1dec2b18f5,failed,817.0,0.0,916.0,2026-01-02 18:34:40.288862+00:00,direct
dd784af5-7006-47f8-ae53-b8b95e5551e8,ca3a3db1-426a-4733-a666-dd1dec2b18f5,failed,618.0,0.0,717.0,2026-04-14 10:06:40.288862+00:00,direct
367a0fc1-3ddb-4a7e-84b7-d3190fa5a8b5,e1e9786d-7ec6-4fe5-bca4-53c0d57caad8,paid,161.1,0.0,260.1,2026-08-11 04:09:40.288862+00:00,direct
5a1709af-706d-4b07-8e91-176df11c2a29,c1506991-f429-4cc9-928d-dd2f939a036e,paid,179.0,0.0,278.0,2025-10-09 08:17:40.288862+00:00,direct
3f90abb1-4f09-4c4e-9eb5-7b552a471201,c1506991-f429-4cc9-928d-dd2f939a036e,paid,1358.0,0.0,1457.0,2026-08-19 08:28:40.288862+00:00,direct
d22d1a7d-12a7-4311-9120-7e5aedc78c62,c1506991-f429-4cc9-928d-dd2f939a036e,paid,578.0,0.0,677.0,2025-10-30 23:05:40.288862+00:00,direct
563c8f2c-96a8-4b78-97c1-42b96271cf4f,c1506991-f429-4cc9-928d-dd2f939a036e,paid,2136.0,234.25,1901.75,2025-10-02 03:56:40.288862+00:00,direct
c89e3fdc-fe15-4f3e-8f7b-0e48be5a3d1d,c1506991-f429-4cc9-928d-dd2f939a036e,paid,977.0,0.0,1076.0,2026-07-23 11:17:40.288862+00:00,direct
f850ae8c-7762-49c3-9bdf-e28976992d1b,c1506991-f429-4cc9-928d-dd2f939a036e,paid,1497.0,0.0,1596.0,2026-07-04 09:10:40.288862+00:00,direct
c1e094b0-0df1-47be-8f2c-9dae5ab2dea6,c1506991-f429-4cc9-928d-dd2f939a036e,paid,578.0,0.0,677.0,2026-04-13 04:44:40.288862+00:00,direct
ba081e0a-e57f-4b1d-aa0e-06369d2607d3,c1506991-f429-4cc9-928d-dd2f939a036e,paid,818.0,0.0,917.0,2026-08-19 03:19:40.288862+00:00,direct
57d6704d-1cfa-4a01-aeb3-14ae015c8d5b,4d121c9d-fa7b-43b4-bab9-7cd69bec1232,paid,899.1,0.0,998.1,2026-08-16 02:10:40.288862+00:00,direct
6f26dc4e-ee4d-4e59-89e7-e2d7643d6736,7f791b97-0324-41bc-90af-784219973995,paid,152.15,0.0,251.15,2025-09-18 17:34:40.288862+00:00,direct
6c046f2b-01ff-45aa-853a-6105a0f636bf,221906a3-6f22-49df-82bc-603f0c5e2a2a,paid,233.1,0.0,332.1,2026-08-31 18:59:40.288862+00:00,direct
6fddb709-c361-4b82-b300-5fbc8682667f,5590a408-1a2e-4d3f-8a5a-4d5965258e38,paid,179.0,0.0,278.0,2025-12-15 16:28:40.288862+00:00,direct
47ceab95-bb13-4018-a1e2-b64dbad4be04,5590a408-1a2e-4d3f-8a5a-4d5965258e38,paid,798.0,0.0,897.0,2026-05-16 04:00:40.288862+00:00,direct
55bc1a0e-ce8c-463c-8488-b401be6cce84,5590a408-1a2e-4d3f-8a5a-4d5965258e38,paid,958.0,0.0,1057.0,2026-03-04 20:08:40.288862+00:00,direct
6484d89a-09fd-4315-bdc4-8650f2647723,5590a408-1a2e-4d3f-8a5a-4d5965258e38,paid,399.0,0.0,498.0,2025-11-09 08:31:40.288862+00:00,direct
a04bfbe7-3399-4a23-8306-dc9d1efa63fa,5590a408-1a2e-4d3f-8a5a-4d5965258e38,paid,319.0,0.0,418.0,2025-12-29 16:04:40.288862+00:00,direct
58d8603f-9d89-40a8-9301-660d0ae3ab33,5590a408-1a2e-4d3f-8a5a-4d5965258e38,paid,499.0,0.0,598.0,2026-08-18 23:26:40.288862+00:00,direct
0c9b9c3d-8b3d-4e36-92d0-f8e33795e65e,51558ce7-1325-4289-8ba8-f5d907ebeefa,paid,323.1,0.0,422.1,2026-09-01 09:07:40.288862+00:00,direct
631e2d97-c28a-46d0-ba71-3d36320b5d80,5ff240ed-29ca-42cc-9889-8afc1b8508bf,paid,279.3,0.0,378.3,2025-10-08 13:12:40.288862+00:00,direct
de98235d-7819-4397-a593-bec5aa5e97bb,5ff240ed-29ca-42cc-9889-8afc1b8508bf,paid,699.3,0.0,798.3,2025-12-22 15:55:40.288862+00:00,direct
1b489c69-9cf4-4dbb-b0a9-68662ce1e424,5ff240ed-29ca-42cc-9889-8afc1b8508bf,paid,251.3,12.98,337.32,2025-09-18 20:26:40.288862+00:00,direct
dd1d9ced-b716-4174-9260-ac4d752e4e8b,5ff240ed-29ca-42cc-9889-8afc1b8508bf,paid,1117.9,0.0,1216.9,2025-12-21 06:26:40.288862+00:00,direct
a5cecc87-56f8-4d38-93ca-e52f8c1f5ad6,5ff240ed-29ca-42cc-9889-8afc1b8508bf,paid,880.6,0.0,979.6,2026-01-01 15:30:40.288862+00:00,direct
e37c9562-f1d9-4e9a-9769-7e2b08ac919d,5ff240ed-29ca-42cc-9889-8afc1b8508bf,paid,349.3,44.22,404.08,2026-02-21 11:06:40.288862+00:00,direct
ab69cb4b-13bd-4ecc-84ab-54d4c5df809c,5ff240ed-29ca-42cc-9889-8afc1b8508bf,paid,419.3,21.27,497.03,2026-07-14 21:48:40.288862+00:00,direct
39ebd7d4-6534-4eee-867c-458228115a7d,5ff240ed-29ca-42cc-9889-8afc1b8508bf,paid,698.6,54.18,743.42,2026-07-22 21:41:40.288862+00:00,direct
e4a6d107-c54a-46e4-b365-8284ef25c741,b32bd8d2-0821-49b3-bcdf-f39154c54bab,paid,4676.0,0.0,4676.0,2025-11-26 19:53:40.288862+00:00,direct
ba3ffe7b-6810-44c7-ab97-a252866cc202,b32bd8d2-0821-49b3-bcdf-f39154c54bab,paid,4457.0,340.11,4116.89,2025-12-19 00:13:40.288862+00:00,direct
97d2bf80-b83b-4661-a122-ca89428f7397,b32bd8d2-0821-49b3-bcdf-f39154c54bab,paid,1357.0,134.94,1321.06,2025-11-07 22:25:40.288862+00:00,direct
b2219974-5a9b-43a7-9307-6856cc74338f,b32bd8d2-0821-49b3-bcdf-f39154c54bab,paid,5356.0,0.0,5356.0,2025-10-03 18:46:40.288862+00:00,direct
e13bb854-afe6-4c79-9005-03f7e30422a8,b32bd8d2-0821-49b3-bcdf-f39154c54bab,paid,1997.0,0.0,1997.0,2026-02-15 04:31:40.288862+00:00,direct
2d8102e0-7b5f-4ac1-adaa-e9a71546f6d0,b32bd8d2-0821-49b3-bcdf-f39154c54bab,paid,259.0,0.0,358.0,2026-02-11 02:53:40.288862+00:00,direct
b297871e-9cf3-464d-ad84-d0652c610412,b32bd8d2-0821-49b3-bcdf-f39154c54bab,paid,857.0,0.0,956.0,2026-07-08 02:08:40.288862+00:00,direct
12eafc33-527e-495b-bf4b-04da2ddbcc4c,b32bd8d2-0821-49b3-bcdf-f39154c54bab,paid,418.0,49.06,467.94,2026-09-05 03:21:40.288862+00:00,direct
e2b81bff-a223-4e89-9a23-68933b1a86bd,715dbac9-7e7c-4112-909e-abf900949312,paid,419.3,53.63,464.67,2026-06-05 02:51:40.288862+00:00,direct
860420ed-74a8-4a6f-82d6-be976c942767,715dbac9-7e7c-4112-909e-abf900949312,paid,125.3,10.22,214.08,2026-07-26 13:33:40.288862+00:00,direct
aac8b438-f07e-47c5-ad0e-69d94b0b9a44,715dbac9-7e7c-4112-909e-abf900949312,paid,753.9,0.0,852.9,2025-11-14 19:53:40.288862+00:00,direct
cf91653b-6431-4c08-8543-aff08a34711b,715dbac9-7e7c-4112-909e-abf900949312,paid,419.3,0.0,518.3,2025-12-21 13:15:40.288862+00:00,direct
a4c4e3e4-9612-406e-a35c-4fb1bc46f5c8,715dbac9-7e7c-4112-909e-abf900949312,paid,698.6,0.0,797.6,2026-08-29 22:27:40.288862+00:00,direct
e3e121ea-bc5a-40b4-85b4-8d01af78ec1e,715dbac9-7e7c-4112-909e-abf900949312,paid,530.6,0.0,629.6,2026-03-06 21:20:40.288862+00:00,direct
dfb16e08-e521-4052-be27-7877f0a47168,715dbac9-7e7c-4112-909e-abf900949312,cancelled,348.6,0.0,447.6,2026-07-25 03:29:40.288862+00:00,direct
10af28bb-3257-4925-8301-aeb93ffecd73,de322bd8-ba40-426f-9ef9-859e5b4e39d3,paid,3419.1,0.0,3419.1,2026-08-11 02:29:40.288862+00:00,direct
01e704e7-ff2b-4459-a204-0778a0cfe2df,ce76c0c2-5d69-424b-9f55-91792de74e2c,paid,880.6,0.0,979.6,2025-10-13 02:41:40.288862+00:00,direct
c2d050b0-533c-4290-b290-3b522c599bf5,ce76c0c2-5d69-424b-9f55-91792de74e2c,paid,474.6,0.0,573.6,2026-04-12 13:32:40.288862+00:00,direct
a1249294-47e5-4db7-9db0-0812542a06c9,ce76c0c2-5d69-424b-9f55-91792de74e2c,paid,459.9,53.03,505.87,2025-10-13 00:38:40.288862+00:00,direct
aa8c32a1-eb87-487d-a805-b8df3cb519ab,ce76c0c2-5d69-424b-9f55-91792de74e2c,paid,572.6,29.95,641.65,2025-10-31 02:08:40.288862+00:00,direct
c4f200e8-a36e-409b-bba6-c12f82fb0ca8,ce76c0c2-5d69-424b-9f55-91792de74e2c,paid,698.6,62.67,734.93,2025-09-26 11:59:40.288862+00:00,direct
84f20a2c-ed4b-4ccd-9285-fd2d752d308b,ce76c0c2-5d69-424b-9f55-91792de74e2c,paid,348.6,46.66,400.94,2026-07-20 08:23:40.288862+00:00,direct
9268410c-13e0-4cbc-aab5-ddfd1f5819bd,ce76c0c2-5d69-424b-9f55-91792de74e2c,paid,404.6,0.0,503.6,2026-07-25 00:09:40.288862+00:00,direct
50139637-3c76-44f0-93e4-759e93634f95,77882b5c-1daa-43c0-aef0-3dd1978985f6,paid,977.9,64.12,1012.78,2026-01-25 14:30:40.288862+00:00,direct
0700fa9a-455c-4d32-994d-f14270c82f8f,77882b5c-1daa-43c0-aef0-3dd1978985f6,paid,279.3,0.0,378.3,2025-12-12 06:42:40.288862+00:00,direct
773a079f-46ad-42b2-989b-d03d1217032c,77882b5c-1daa-43c0-aef0-3dd1978985f6,paid,419.3,57.95,460.35,2026-04-10 01:26:40.288862+00:00,direct
553fee71-3db1-48b2-919c-24bcf5126235,77882b5c-1daa-43c0-aef0-3dd1978985f6,paid,880.6,109.45,870.15,2026-04-25 22:11:40.288862+00:00,direct
794fa170-8b6e-419e-b54b-69086e8a6d2e,77882b5c-1daa-43c0-aef0-3dd1978985f6,paid,698.6,38.4,759.2,2026-02-06 06:46:40.288862+00:00,direct
386fe969-6e6a-42c6-a5bf-38ce45b398a5,77882b5c-1daa-43c0-aef0-3dd1978985f6,paid,977.2,89.93,986.27,2026-06-02 01:47:40.288862+00:00,direct
0a277556-1196-403f-811a-6828b0aff5d7,77882b5c-1daa-43c0-aef0-3dd1978985f6,paid,711.9,0.0,810.9,2025-12-23 20:20:40.288862+00:00,direct
9345662f-8c2b-4350-a38f-20d3d21e688c,77882b5c-1daa-43c0-aef0-3dd1978985f6,paid,167.3,0.0,266.3,2026-07-24 10:57:40.288862+00:00,direct
798bd16f-8e18-42e9-845e-1dfa87e36988,80c22c86-0510-44b5-9879-376e4d147af1,paid,161.1,0.0,260.1,2026-08-22 07:31:40.288862+00:00,direct
3eb21620-e47c-45f3-a62e-f2dec37e627e,b3804749-1cef-4c30-bcb2-c2b114c9cf59,paid,848.3,0.0,947.3,2026-02-06 17:31:40.288862+00:00,direct
3669cba6-284f-4c36-9b42-843c5182d1d9,b3804749-1cef-4c30-bcb2-c2b114c9cf59,failed,849.15,0.0,948.15,2025-09-08 10:54:40.288862+00:00,direct
5f55cc5a-2809-409d-9148-300e01f67d55,b3804749-1cef-4c30-bcb2-c2b114c9cf59,failed,983.45,0.0,1082.45,2025-09-21 19:20:40.288862+00:00,direct
09a3617c-9feb-4190-8d88-d82e18a1b8df,bef63809-8f2b-4c94-a11f-a4d9b6a67839,cancelled,718.0,0.0,817.0,2026-08-06 06:20:40.288862+00:00,direct
0bcbe28e-e21e-4944-b155-59969e7e7c95,bef63809-8f2b-4c94-a11f-a4d9b6a67839,paid,1597.0,0.0,1597.0,2025-10-09 20:18:40.288862+00:00,direct
197f795a-6ee6-4f41-a5aa-a57e19fac2c9,bef63809-8f2b-4c94-a11f-a4d9b6a67839,paid,699.0,0.0,798.0,2025-12-29 17:54:40.288862+00:00,direct
bcb98549-11f3-4273-8850-0e0586867fae,bef63809-8f2b-4c94-a11f-a4d9b6a67839,paid,599.0,0.0,698.0,2026-01-10 22:18:40.288862+00:00,direct
230dd701-aa51-4dde-82a7-8ab7d1a277c4,bef63809-8f2b-4c94-a11f-a4d9b6a67839,paid,999.0,0.0,1098.0,2026-08-15 13:30:40.288862+00:00,direct
04eee21e-b927-424d-b630-787ae680a5ec,9433bd67-7a9f-4fca-8e4c-d3f668a273d0,paid,1216.7,130.31,1185.39,2026-02-08 07:58:40.288862+00:00,direct
c708edda-df41-4480-a6b5-f115f32289db,9433bd67-7a9f-4fca-8e4c-d3f668a273d0,paid,1101.7,0.0,1200.7,2025-10-03 15:20:40.288862+00:00,direct
f8156308-c284-46cd-bd89-c3cdddc1a809,9433bd67-7a9f-4fca-8e4c-d3f668a273d0,failed,2822.1,0.0,2822.1,2026-07-26 15:01:40.288862+00:00,direct
e400c317-6cb8-4b32-b430-7da5dc3452d1,9433bd67-7a9f-4fca-8e4c-d3f668a273d0,paid,5745.4,0.0,5745.4,2026-07-27 22:52:40.288862+00:00,direct
78bb5f00-ab25-428d-92fa-3d2ce89ba357,9433bd67-7a9f-4fca-8e4c-d3f668a273d0,paid,871.7,0.0,970.7,2025-11-01 23:07:40.288862+00:00,direct
317af7e8-cf97-4148-ba3b-43e6719023d6,9433bd67-7a9f-4fca-8e4c-d3f668a273d0,paid,572.7,0.0,671.7,2026-02-24 11:48:40.288862+00:00,direct
25d1084e-e718-4cfb-87b4-32078db58eff,9433bd67-7a9f-4fca-8e4c-d3f668a273d0,paid,2639.25,0.0,2639.25,2026-04-05 04:10:40.288862+00:00,direct
74936f68-3b97-428e-ac39-d524706e4061,9433bd67-7a9f-4fca-8e4c-d3f668a273d0,paid,1032.7,0.0,1131.7,2026-02-13 04:18:40.288862+00:00,direct
bd11885e-9841-44fc-a37f-acc8c9cd355b,9433bd67-7a9f-4fca-8e4c-d3f668a273d0,paid,5976.55,612.23,5364.32,2026-07-27 00:42:40.288862+00:00,direct
33eaad97-c3a5-4ae3-9941-92d257f1fd38,9433bd67-7a9f-4fca-8e4c-d3f668a273d0,paid,2847.4,0.0,2847.4,2025-11-25 03:55:40.288862+00:00,direct
509dbbd7-2d9f-47ad-b762-74ccd4efc09c,9433bd67-7a9f-4fca-8e4c-d3f668a273d0,paid,1720.4,157.17,1563.23,2026-01-26 06:16:40.288862+00:00,direct
7bb6344d-d392-4012-8bfa-d20fb2fd5eb0,9433bd67-7a9f-4fca-8e4c-d3f668a273d0,paid,1353.55,0.0,1452.55,2026-05-30 15:23:40.288862+00:00,direct
12bd59ca-28b1-4998-891d-288463a50e43,9433bd67-7a9f-4fca-8e4c-d3f668a273d0,paid,1262.7,150.74,1210.96,2026-09-01 08:57:40.288862+00:00,direct
887c253d-1213-43c1-bfbb-41bb43114805,0c43cf5d-0601-4442-a988-05cc653a4f5a,paid,837.0,0.0,936.0,2025-12-25 04:30:40.288862+00:00,direct
05ae4b50-bc52-4b30-b8d8-acd8671bee23,0c43cf5d-0601-4442-a988-05cc653a4f5a,paid,878.0,0.0,977.0,2026-05-16 04:14:40.288862+00:00,direct
59639c62-8ed2-4112-a974-4bf78006fb28,0c43cf5d-0601-4442-a988-05cc653a4f5a,paid,778.0,77.85,799.15,2026-05-14 14:40:40.288862+00:00,direct
86023c08-91dd-4dc5-96f6-0e76014ab924,949606fe-b238-40cc-93eb-6803e00cbee5,paid,1445.55,0.0,1544.55,2026-08-21 00:33:40.288862+00:00,direct
f86385ae-599a-46b1-9b1b-e06a5b01e0fd,949606fe-b238-40cc-93eb-6803e00cbee5,paid,2296.55,0.0,2296.55,2026-08-21 02:50:40.288862+00:00,direct
23824c64-31b9-46e7-b234-fb6c9a2cc6d3,949606fe-b238-40cc-93eb-6803e00cbee5,paid,871.7,0.0,970.7,2026-03-30 00:36:40.288862+00:00,direct
2c4fefd6-3438-443f-b6e7-ca455767722c,949606fe-b238-40cc-93eb-6803e00cbee5,paid,549.7,0.0,648.7,2026-06-28 06:23:40.288862+00:00,direct
fd421f04-5f37-496f-a55f-a57633048752,949606fe-b238-40cc-93eb-6803e00cbee5,paid,10228.1,0.0,10228.1,2026-08-20 21:38:40.288862+00:00,direct
970cb2f4-0636-45e5-ad92-e377da227ef9,949606fe-b238-40cc-93eb-6803e00cbee5,failed,5263.55,0.0,5263.55,2025-10-29 23:59:40.288862+00:00,direct
51a33627-a65c-4801-a4c3-2c2723902f95,949606fe-b238-40cc-93eb-6803e00cbee5,paid,894.7,0.0,993.7,2026-02-01 04:16:40.288862+00:00,direct
0bf1ab08-b528-47a3-8feb-15c4f6892646,949606fe-b238-40cc-93eb-6803e00cbee5,paid,986.7,60.12,1025.58,2026-08-29 09:26:40.288862+00:00,direct
c067eac7-3241-49f1-b704-821d54ea71c2,bbde8527-23cf-44fb-bd70-2c38bdef3adc,paid,2156.25,0.0,2156.25,2025-12-13 12:02:40.288862+00:00,direct
a647511a-5c99-4ad0-97c6-bee5338d1154,bbde8527-23cf-44fb-bd70-2c38bdef3adc,paid,1283.4,105.76,1276.64,2025-10-09 11:32:40.288862+00:00,direct
6b387365-c558-49cd-9376-09cd3ad5e3a1,bbde8527-23cf-44fb-bd70-2c38bdef3adc,paid,4712.7,0.0,4712.7,2025-09-05 12:18:40.288862+00:00,direct
bc84e7ff-d2ab-415e-ad5b-23c7e8e235dd,bbde8527-23cf-44fb-bd70-2c38bdef3adc,paid,779.7,0.0,878.7,2025-12-18 05:40:40.288862+00:00,direct
e5bd14b3-ff60-4180-af5f-b7d5fb156fe3,bbde8527-23cf-44fb-bd70-2c38bdef3adc,paid,1811.25,0.0,1811.25,2026-06-06 09:38:40.288862+00:00,direct
7f66e1a0-f2da-45b8-8d71-d82a4e972774,bbde8527-23cf-44fb-bd70-2c38bdef3adc,paid,6618.25,0.0,6618.25,2026-09-02 19:49:40.288862+00:00,direct
792cd2f4-54b7-42dc-8f1c-24b721c20d9f,bbde8527-23cf-44fb-bd70-2c38bdef3adc,paid,664.7,0.0,763.7,2026-08-19 15:45:40.288862+00:00,direct
bf94c66d-2e5c-47f9-ad41-8d6d65b55884,bbde8527-23cf-44fb-bd70-2c38bdef3adc,paid,641.7,59.51,681.19,2025-11-26 16:41:40.288862+00:00,direct
3596105e-1775-4748-a042-c383aa564157,bbde8527-23cf-44fb-bd70-2c38bdef3adc,paid,5861.55,0.0,5861.55,2026-04-09 07:20:40.288862+00:00,direct
8d741b82-6b03-4a2c-a3f9-e15d0e62dfcb,bbde8527-23cf-44fb-bd70-2c38bdef3adc,paid,4781.7,0.0,4781.7,2025-10-29 02:31:40.288862+00:00,direct
287de8a6-96d3-4426-b673-884302552d21,bbde8527-23cf-44fb-bd70-2c38bdef3adc,paid,3444.25,0.0,3444.25,2026-08-27 10:57:40.288862+00:00,direct
0ccac2f0-fe36-45e8-8889-b77aef8157c1,8e1e617f-7bae-4cde-b57d-fc81ca8e1a61,paid,499.0,0.0,598.0,2026-03-31 17:44:40.288862+00:00,direct
30d9453f-7ccc-4a07-80ec-f6052512a41a,8e1e617f-7bae-4cde-b57d-fc81ca8e1a61,paid,438.0,0.0,537.0,2025-10-25 05:52:40.288862+00:00,direct
2f97755e-f310-41cc-b3ca-3c1a343fece0,8e1e617f-7bae-4cde-b57d-fc81ca8e1a61,paid,958.0,0.0,1057.0,2025-10-18 17:07:40.288862+00:00,direct
1d54be27-90dc-4bf2-97b9-f06ed9277225,8e1e617f-7bae-4cde-b57d-fc81ca8e1a61,paid,498.0,0.0,597.0,2025-11-30 00:13:40.288862+00:00,direct
01c5a20e-5b84-4f4d-ac23-9c23b5b86f1c,8e1e617f-7bae-4cde-b57d-fc81ca8e1a61,paid,678.0,93.36,683.64,2026-08-25 22:53:40.288862+00:00,direct
961f77bc-01d0-4620-9b7a-f5611449e8e9,834b4fe8-cd70-4ff7-8c34-9e7cd14922cf,paid,259.0,0.0,358.0,2026-02-17 05:57:40.288862+00:00,direct
7a9f0216-7ea7-4f7a-bcdb-552fc91c7ad7,834b4fe8-cd70-4ff7-8c34-9e7cd14922cf,paid,1098.0,0.0,1197.0,2026-05-25 18:55:40.288862+00:00,direct
95fdbfce-e9ae-47d4-901e-5d39d18b53ba,834b4fe8-cd70-4ff7-8c34-9e7cd14922cf,paid,758.0,0.0,857.0,2025-09-16 06:51:40.288862+00:00,direct
9945b774-e294-4bab-9d75-0bbb0d2c425f,834b4fe8-cd70-4ff7-8c34-9e7cd14922cf,paid,1497.0,97.2,1498.8,2025-10-11 07:31:40.288862+00:00,direct
1d8f06e9-77e7-4a14-9011-37cfba38464c,834b4fe8-cd70-4ff7-8c34-9e7cd14922cf,paid,1257.0,0.0,1356.0,2026-06-05 17:32:40.288862+00:00,direct
0bd0ca89-75af-455e-b44b-7185e8f7882b,c80507e4-2a7c-4eef-afca-acd32ec763eb,paid,3742.2,0.0,3742.2,2026-08-22 12:26:40.288862+00:00,direct
5a8b626d-5016-4f4e-8e7b-f4802679f03c,dcfeca24-212b-4338-a56d-f183600a384f,paid,1042.15,0.0,1141.15,2025-11-08 12:35:40.288862+00:00,direct
d7c75b61-1ea1-4b48-994f-8627f9ceb67e,dcfeca24-212b-4338-a56d-f183600a384f,paid,454.1,0.0,553.1,2026-03-02 12:06:40.288862+00:00,direct
2ac7c29b-b746-4fd7-a533-a508b4070c5f,dcfeca24-212b-4338-a56d-f183600a384f,paid,284.05,0.0,383.05,2026-08-14 06:32:40.288862+00:00,direct
f9c306fe-46e6-4858-810f-501852f82409,d3a1f7bd-7b98-4cce-a281-b91395344bd7,paid,3534.3,0.0,3534.3,2025-09-18 15:49:40.288862+00:00,direct
83f21905-8f99-459c-bd35-934e3aa36796,d3a1f7bd-7b98-4cce-a281-b91395344bd7,paid,152.15,0.0,251.15,2025-11-22 03:53:40.288862+00:00,direct
93f234ff-76f0-4f25-bfed-78b39476b8bc,86347d20-e668-44cd-9928-732c8d800728,paid,1258.0,0.0,1357.0,2026-02-09 15:15:40.288862+00:00,direct
3c91f28d-12e9-4668-818e-83efe0ca69f0,86347d20-e668-44cd-9928-732c8d800728,paid,1318.0,0.0,1417.0,2026-09-04 13:55:40.288862+00:00,direct
cab1cfb9-f28f-45b5-907c-5287faacff8a,86347d20-e668-44cd-9928-732c8d800728,paid,1477.0,0.0,1576.0,2026-04-02 21:19:40.288862+00:00,direct
c1692dcd-f7a6-4731-a3ee-f709fc2510fb,86347d20-e668-44cd-9928-732c8d800728,paid,657.0,0.0,756.0,2026-03-29 10:04:40.288862+00:00,direct
3dc2ac4f-9ac4-4abb-92cb-1311d0513543,86347d20-e668-44cd-9928-732c8d800728,paid,4477.0,0.0,4477.0,2025-09-05 22:37:40.288862+00:00,direct
f420dea4-4aa8-4e70-ab9d-db32de41a373,86347d20-e668-44cd-9928-732c8d800728,paid,4477.0,0.0,4477.0,2026-07-31 06:18:40.288862+00:00,direct
bc00d199-7c2e-4066-8235-76e888bcbef1,86347d20-e668-44cd-9928-732c8d800728,paid,259.0,25.85,332.15,2026-08-08 20:40:40.288862+00:00,direct
dd9152ae-8f79-49b5-809c-c4d976d160bd,0dff683d-d8ae-4137-b60c-7458c2dc420c,paid,664.05,0.0,763.05,2026-02-06 16:41:40.288862+00:00,direct
ba5182d9-c175-4170-ac78-21014f01a01a,0dff683d-d8ae-4137-b60c-7458c2dc420c,paid,7692.15,0.0,7692.15,2026-01-02 08:55:40.288862+00:00,direct
d36f8723-60b8-4cf0-b0f7-51f35de61f2b,0dff683d-d8ae-4137-b60c-7458c2dc420c,paid,341.05,0.0,440.05,2026-08-31 17:13:40.288862+00:00,direct
7a4eddb1-4f31-4fe6-b8f5-c3068a54a700,28296308-7363-4719-aa3a-487778cd473f,paid,448.2,0.0,547.2,2026-08-17 21:42:40.288862+00:00,direct
863b72c7-01e0-4a28-aaf0-f79e1db8874e,1d526026-d6ea-4da8-bda8-7aa033d1d90a,paid,478.0,0.0,577.0,2026-01-12 06:32:40.288862+00:00,direct
6296bf9f-3032-4d9c-994d-d870e719cc34,1d526026-d6ea-4da8-bda8-7aa033d1d90a,paid,2795.0,0.0,2795.0,2026-03-21 23:13:40.288862+00:00,direct
bea1b730-d80a-47a6-8d85-905d02119594,1d526026-d6ea-4da8-bda8-7aa033d1d90a,paid,837.0,0.0,936.0,2026-04-04 21:15:40.288862+00:00,direct
9f75ae2f-d1ce-45b8-bb84-cf19f8d620cc,9d4aef6d-0c2e-464e-98b1-d4730358739d,paid,515.9,0.0,614.9,2026-04-03 17:50:40.288862+00:00,direct
6611f667-abb5-434a-bf93-0f20d86d9336,9d4aef6d-0c2e-464e-98b1-d4730358739d,failed,167.3,0.0,266.3,2025-09-22 18:21:40.288862+00:00,direct
915c0c2c-8e0f-4ebb-afb4-98936d14dac3,9d4aef6d-0c2e-464e-98b1-d4730358739d,paid,698.6,0.0,797.6,2026-01-26 14:10:40.288862+00:00,direct
a4cdd1f4-9406-4435-9469-69059f072b45,9d4aef6d-0c2e-464e-98b1-d4730358739d,paid,181.3,9.22,271.08,2025-09-26 04:31:40.288862+00:00,direct
f54d7853-6e63-4e0a-9688-6e453a1cdb25,9d4aef6d-0c2e-464e-98b1-d4730358739d,paid,977.9,0.0,1076.9,2026-02-06 20:42:40.288862+00:00,direct
82015179-61be-4e57-b7d7-df801a04594c,9d4aef6d-0c2e-464e-98b1-d4730358739d,paid,250.6,0.0,349.6,2026-05-16 14:57:40.288862+00:00,direct
b018f3d0-9d20-4911-bf67-ce7d24e681f9,9d4aef6d-0c2e-464e-98b1-d4730358739d,failed,167.3,16.18,250.12,2026-07-18 16:13:40.288862+00:00,direct
ab20a8fa-9a00-430f-9df3-f2fcfc4ae310,eaa95217-7f47-4ec2-abb6-e78d433562e6,paid,4083.1,0.0,4083.1,2026-01-29 13:15:40.288862+00:00,direct
7d5278cc-729c-4a3e-8d4a-c29f41943e55,eaa95217-7f47-4ec2-abb6-e78d433562e6,paid,530.1,30.37,598.73,2026-04-23 04:25:40.288862+00:00,direct
d1b78a30-6f5f-4c20-8194-63773ec82c84,eaa95217-7f47-4ec2-abb6-e78d433562e6,paid,303.05,0.0,402.05,2026-08-20 10:07:40.288862+00:00,direct
d3b3c6b8-8b96-40da-a959-336c6b4ac4e7,d2176a3e-48e7-47b1-8161-74077b1cfa67,paid,271.15,39.43,330.72,2025-09-17 19:34:40.288862+00:00,direct
4b5c1b76-6fdd-4730-9e3a-0c1c7914af75,d2176a3e-48e7-47b1-8161-74077b1cfa67,paid,423.3,40.62,481.68,2025-10-21 23:43:40.288862+00:00,direct
aecab545-2c6b-4865-b698-4bc07ee455dd,ca299672-ad96-46fe-9a1c-0fc77b9dacb6,paid,152.15,0.0,251.15,2025-10-09 04:45:40.288862+00:00,direct
9501c81d-05df-4cd6-85bf-087d362d20bc,c034f6dc-e74d-42e3-9d44-3c2f0d9d06d4,paid,319.0,0.0,418.0,2026-06-25 16:49:40.288862+00:00,direct
ad673baa-0700-42b2-b42b-066c50f1e880,c034f6dc-e74d-42e3-9d44-3c2f0d9d06d4,paid,958.0,0.0,1057.0,2026-01-18 11:02:40.288862+00:00,direct
88977913-ad8e-49b3-adb1-785febda8aae,c034f6dc-e74d-42e3-9d44-3c2f0d9d06d4,paid,499.0,32.02,565.98,2025-09-22 17:55:40.288862+00:00,direct
4edb1896-7330-43cc-9094-f018b1ee532e,c034f6dc-e74d-42e3-9d44-3c2f0d9d06d4,paid,1297.0,0.0,1396.0,2026-01-06 16:02:40.288862+00:00,direct
2fcfda1d-bce1-4afa-8772-c47ed760b9d3,c034f6dc-e74d-42e3-9d44-3c2f0d9d06d4,cancelled,699.0,0.0,798.0,2025-12-24 15:50:40.288862+00:00,direct
56cec66f-fd13-469d-bb15-fb229cf1f091,c034f6dc-e74d-42e3-9d44-3c2f0d9d06d4,paid,359.0,0.0,458.0,2026-07-24 07:21:40.288862+00:00,direct
7559c5c8-5bdd-414b-a36e-da3d7ce2bca3,de391880-f447-415e-8cf4-b0a1013279e2,paid,2816.0,0.0,2816.0,2026-01-29 06:58:40.288862+00:00,direct
04ce9a03-6ec7-49d5-b1a0-2786835194f0,de391880-f447-415e-8cf4-b0a1013279e2,paid,1477.0,0.0,1576.0,2026-01-05 04:55:40.288862+00:00,direct
27dd9a93-da41-4017-824b-6599ac29c0c5,de391880-f447-415e-8cf4-b0a1013279e2,paid,5397.0,0.0,5397.0,2026-03-10 17:49:40.288862+00:00,direct
c67de8f8-6647-4bce-8b10-4f43db166f80,de391880-f447-415e-8cf4-b0a1013279e2,paid,239.0,0.0,338.0,2026-01-06 05:22:40.288862+00:00,direct
887545a8-b35a-4824-aeb1-79f2776a05d5,de391880-f447-415e-8cf4-b0a1013279e2,paid,299.0,38.44,359.56,2026-03-17 21:02:40.288862+00:00,direct
cbb893d2-84e2-4bb6-9897-12f45d36609e,de391880-f447-415e-8cf4-b0a1013279e2,paid,957.0,0.0,1056.0,2026-09-04 20:27:40.288862+00:00,direct
0cde1629-4367-4aaa-abca-3b892452bc3f,014e64b5-5309-4043-8453-4775222fbaf2,paid,3609.05,0.0,3609.05,2026-07-29 20:01:40.288862+00:00,direct
0afebe73-f167-423f-8477-9025a386f0fc,014e64b5-5309-4043-8453-4775222fbaf2,paid,227.05,24.26,301.79,2026-08-07 14:42:40.288862+00:00,direct
48f0784d-78c2-4a5f-9e6c-ab3322bddbcd,326e1f62-2ddc-4249-88be-f818c76f5b01,paid,3799.0,0.0,3799.0,2026-07-22 18:33:40.288862+00:00,direct
ddd8ab5a-9a96-458f-afd8-abeeeec75435,326e1f62-2ddc-4249-88be-f818c76f5b01,paid,1257.0,0.0,1356.0,2026-01-29 03:49:40.288862+00:00,direct
9c2f4f07-3f1b-444d-831b-855f9f12b54a,326e1f62-2ddc-4249-88be-f818c76f5b01,paid,1836.0,179.89,1656.11,2025-09-13 20:33:40.288862+00:00,direct
629665df-cff3-4b5e-af5a-7358e7c74437,326e1f62-2ddc-4249-88be-f818c76f5b01,paid,4158.0,0.0,4158.0,2025-09-09 16:17:40.288862+00:00,direct
70188e17-57ea-4fd0-80e9-1dccd4c34960,326e1f62-2ddc-4249-88be-f818c76f5b01,paid,498.0,0.0,597.0,2025-09-09 15:00:40.288862+00:00,direct
f1569463-f725-457a-8e19-876065ff9eda,326e1f62-2ddc-4249-88be-f818c76f5b01,paid,998.0,0.0,1097.0,2026-07-13 11:05:40.288862+00:00,direct
0d8c0145-363f-4f1f-bf3b-84dd9be9faa4,2581bfc9-b3ff-4efb-9983-748593a82d3e,paid,1168.2,0.0,1267.2,2026-09-01 03:30:40.288862+00:00,direct
f8144430-eaeb-46e5-87e3-ba78fc58c46a,de219b7e-5bec-4863-b28b-f9a265274420,paid,848.3,0.0,947.3,2025-10-12 03:01:40.288862+00:00,direct
05502037-95ae-4d0d-894c-b015549409d1,de219b7e-5bec-4863-b28b-f9a265274420,paid,152.15,0.0,251.15,2025-12-04 23:13:40.288862+00:00,direct
13fdce15-34af-4f59-8183-63bc834898d2,076a45da-71b7-4442-9b6a-0981e168b7f2,paid,1147.7,0.0,1246.7,2026-04-11 08:58:40.288862+00:00,direct
32501667-4b73-4b0c-b0c6-7f7a3b980851,076a45da-71b7-4442-9b6a-0981e168b7f2,paid,1445.55,0.0,1544.55,2025-09-21 06:34:40.288862+00:00,direct
f12120b6-34a2-4fec-919e-f39c3497efe9,076a45da-71b7-4442-9b6a-0981e168b7f2,paid,3076.25,0.0,3076.25,2026-03-14 00:33:40.288862+00:00,direct
0eb1dbdf-1af3-49e0-b097-c9ac78e2cfde,076a45da-71b7-4442-9b6a-0981e168b7f2,paid,572.7,0.0,671.7,2026-06-03 12:20:40.288862+00:00,direct
6af4f8f0-9cbe-4521-97c7-d463852fbafc,076a45da-71b7-4442-9b6a-0981e168b7f2,failed,2019.4,0.0,2019.4,2026-05-23 09:22:40.288862+00:00,direct
fe23409d-32ae-4727-a97d-e9447bc13924,076a45da-71b7-4442-9b6a-0981e168b7f2,paid,1698.55,0.0,1698.55,2026-06-12 18:43:40.288862+00:00,direct
ea6884eb-c75f-4574-b007-d1a8630cdd5f,076a45da-71b7-4442-9b6a-0981e168b7f2,paid,205.85,0.0,304.85,2026-07-10 09:56:40.288862+00:00,direct
eb29642f-fcd3-4c21-9880-67e5a2e35aab,076a45da-71b7-4442-9b6a-0981e168b7f2,paid,5239.4,0.0,5239.4,2026-05-29 03:14:40.288862+00:00,direct
73814369-d8de-4150-bcba-db69f71aaaba,076a45da-71b7-4442-9b6a-0981e168b7f2,paid,939.55,0.0,1038.55,2025-10-31 09:06:40.288862+00:00,direct
3b25f8fe-418f-4983-9a72-1d715d3265c4,076a45da-71b7-4442-9b6a-0981e168b7f2,paid,2250.55,0.0,2250.55,2026-08-23 01:54:40.288862+00:00,direct
9ea981aa-3fb2-4af9-9fd6-f0a164fffb1b,6bc51b20-a3a2-40a5-b907-f73d472fe686,paid,419.3,0.0,518.3,2026-07-17 02:38:40.288862+00:00,direct
6936db94-2fa5-4e68-bfeb-35d93efdda38,6bc51b20-a3a2-40a5-b907-f73d472fe686,paid,922.6,0.0,1021.6,2025-12-17 16:45:40.288862+00:00,direct
b65db56a-fef2-4dd3-b229-59653001b5f6,6bc51b20-a3a2-40a5-b907-f73d472fe686,paid,446.6,0.0,545.6,2025-09-29 21:53:40.288862+00:00,direct
1b5fab72-35a9-4c35-a920-a7e774557796,6bc51b20-a3a2-40a5-b907-f73d472fe686,paid,2882.6,0.0,2882.6,2026-08-01 23:27:40.288862+00:00,direct
5c318d76-1601-46aa-a222-53c1ec1a1caf,6bc51b20-a3a2-40a5-b907-f73d472fe686,failed,1047.9,119.07,1027.83,2025-11-24 17:01:40.288862+00:00,direct
86def32e-a7f5-4847-be9a-4b1ebcef8625,6bc51b20-a3a2-40a5-b907-f73d472fe686,paid,419.3,0.0,518.3,2026-08-17 08:32:40.288862+00:00,direct
76d314d9-7d10-4788-9110-49ef7cbcc6f1,6bc51b20-a3a2-40a5-b907-f73d472fe686,paid,977.9,96.31,980.59,2026-08-15 13:13:40.288862+00:00,direct
ceb2c5ff-63b0-47e7-8027-f24ba6a0564f,06f6a464-1592-4e72-9adc-20db8d0551ce,paid,3229.15,0.0,3229.15,2026-01-03 04:14:40.288862+00:00,direct
16c5a638-8f33-4efa-9fa6-a7e0911e94c1,027556c3-a7be-47ee-816e-eff3c2b04b9b,paid,3215.4,0.0,3215.4,2026-06-09 10:17:40.288862+00:00,direct
7c7f962b-9fa8-49df-8ab9-a14c5d226968,027556c3-a7be-47ee-816e-eff3c2b04b9b,paid,1262.7,0.0,1361.7,2026-08-01 22:02:40.288862+00:00,direct
dced9c0b-7fa5-428c-8326-4485a065dd0f,027556c3-a7be-47ee-816e-eff3c2b04b9b,paid,1651.4,0.0,1651.4,2026-04-04 07:14:40.288862+00:00,direct
423535f0-743c-4749-900c-c50d37ad23c6,027556c3-a7be-47ee-816e-eff3c2b04b9b,cancelled,688.85,0.0,787.85,2025-11-08 10:31:40.288862+00:00,direct
4ef64264-52cf-4588-98db-a82b077b3054,027556c3-a7be-47ee-816e-eff3c2b04b9b,paid,1353.55,0.0,1452.55,2026-07-16 18:10:40.288862+00:00,direct
55d52ea3-b396-4a4b-a3c5-79c7f14cb3ba,027556c3-a7be-47ee-816e-eff3c2b04b9b,paid,2203.4,0.0,2203.4,2026-03-29 06:33:40.288862+00:00,direct
2be57d4a-da5f-421f-93be-7d23d18c308d,027556c3-a7be-47ee-816e-eff3c2b04b9b,cancelled,1951.55,0.0,1951.55,2026-01-04 23:53:40.288862+00:00,direct
70110304-d58e-43ff-9230-d0936ce3ce57,027556c3-a7be-47ee-816e-eff3c2b04b9b,paid,1859.55,0.0,1859.55,2026-06-01 00:52:40.288862+00:00,direct
8f2210c8-f607-4347-ac62-0c6c5adb187d,027556c3-a7be-47ee-816e-eff3c2b04b9b,failed,1077.55,0.0,1176.55,2025-09-28 22:33:40.288862+00:00,direct
cc33b4a4-20b4-4227-8d57-0e32a9831412,027556c3-a7be-47ee-816e-eff3c2b04b9b,paid,1813.55,226.99,1586.56,2026-08-21 08:33:40.288862+00:00,direct
af322faf-00c6-46cf-8f1c-fdb8b9534d06,027556c3-a7be-47ee-816e-eff3c2b04b9b,paid,2181.55,0.0,2181.55,2026-01-04 19:32:40.288862+00:00,direct
6a423999-479c-494a-9617-d1c74d83bc4a,027556c3-a7be-47ee-816e-eff3c2b04b9b,paid,5355.55,0.0,5355.55,2026-01-12 13:09:40.288862+00:00,direct
ef2883ec-b5d9-4f11-9ed1-73215c28a5cf,027556c3-a7be-47ee-816e-eff3c2b04b9b,paid,939.55,0.0,1038.55,2026-09-03 19:27:40.288862+00:00,direct
041f2fea-80b8-4284-af91-8cd13d29896b,f39e8713-d53c-4b1d-86b1-cc1740b00e6f,paid,2295.4,0.0,2295.4,2026-02-06 13:49:40.288862+00:00,direct
cdd756c1-b23c-4cd6-a450-6b68600ad690,f39e8713-d53c-4b1d-86b1-cc1740b00e6f,paid,572.7,0.0,671.7,2025-09-14 10:44:40.288862+00:00,direct
06b197d2-8e35-47e1-b847-3cb57d20a899,f39e8713-d53c-4b1d-86b1-cc1740b00e6f,paid,940.7,0.0,1039.7,2026-03-25 21:52:40.288862+00:00,direct
c6007816-ed2a-4c11-8fec-97bb6a7df79e,f39e8713-d53c-4b1d-86b1-cc1740b00e6f,paid,1561.7,0.0,1561.7,2026-05-13 08:19:40.288862+00:00,direct
6ad75c00-a5e2-4768-a45d-c60d8d580a79,f39e8713-d53c-4b1d-86b1-cc1740b00e6f,failed,5631.55,0.0,5631.55,2026-04-04 17:44:40.288862+00:00,direct
3de0d394-5e4d-4c63-9847-d731c5f600fd,f39e8713-d53c-4b1d-86b1-cc1740b00e6f,paid,1215.55,0.0,1314.55,2026-01-03 15:10:40.288862+00:00,direct
8be0f2bb-1956-4349-8ce4-d3ca17a163a6,f39e8713-d53c-4b1d-86b1-cc1740b00e6f,paid,5631.55,0.0,5631.55,2026-02-07 08:24:40.288862+00:00,direct
5720662f-27b4-49d1-8ad3-da1ccce95551,f39e8713-d53c-4b1d-86b1-cc1740b00e6f,paid,549.7,67.2,581.5,2026-01-25 09:52:40.288862+00:00,direct
27d3561d-4777-4d91-a505-38fcc3642e55,f39e8713-d53c-4b1d-86b1-cc1740b00e6f,paid,412.85,0.0,511.85,2026-08-08 08:44:40.288862+00:00,direct
844f1f28-aecb-4cf2-947e-0c9b5b21d558,f39e8713-d53c-4b1d-86b1-cc1740b00e6f,paid,1491.55,0.0,1590.55,2026-02-13 11:11:40.288862+00:00,direct
c1a3a89a-43ea-40b3-8772-c2a61ac953c5,f39e8713-d53c-4b1d-86b1-cc1740b00e6f,paid,1306.4,0.0,1405.4,2025-12-01 03:26:40.288862+00:00,direct
4ec0d1e1-8934-4f0a-be40-ba3900791219,f39e8713-d53c-4b1d-86b1-cc1740b00e6f,paid,1147.7,0.0,1246.7,2025-11-12 12:57:40.288862+00:00,direct
9ec2aeea-b1ee-4997-bf71-30b7ed908a3a,f39e8713-d53c-4b1d-86b1-cc1740b00e6f,failed,5629.25,0.0,5629.25,2026-08-12 09:20:40.288862+00:00,direct
9ffb5381-9872-4340-83f2-84ded1adeba1,89519b5e-916a-4e03-a1f1-87dc13fd0af5,paid,7917.0,0.0,7917.0,2026-05-21 05:06:40.288862+00:00,direct
32cbf636-bf63-4c17-991c-c656c826942a,89519b5e-916a-4e03-a1f1-87dc13fd0af5,paid,2496.0,0.0,2496.0,2025-12-27 21:05:40.288862+00:00,direct
836ef93e-0ee7-47b1-a307-2257e30714bd,89519b5e-916a-4e03-a1f1-87dc13fd0af5,paid,757.0,0.0,856.0,2025-09-14 14:53:40.288862+00:00,direct
9ae0efba-5e76-4644-b80a-4e63c18e2c2f,89519b5e-916a-4e03-a1f1-87dc13fd0af5,paid,1076.0,0.0,1175.0,2025-11-05 00:36:40.288862+00:00,direct
f6d9f286-74bb-43f2-a476-39f3a3408a02,89519b5e-916a-4e03-a1f1-87dc13fd0af5,paid,179.0,0.0,278.0,2025-11-06 17:23:40.288862+00:00,direct
b5d8bc37-cf6f-4384-a1b1-3264c0fa2529,89519b5e-916a-4e03-a1f1-87dc13fd0af5,failed,657.0,0.0,756.0,2025-09-11 09:39:40.288862+00:00,direct
a5a9ad4a-c12f-465c-9ce7-dc605fe2b114,89519b5e-916a-4e03-a1f1-87dc13fd0af5,paid,958.0,0.0,1057.0,2026-07-24 03:19:40.288862+00:00,direct
45dd94ed-7d21-4360-ae2f-9861de5f9388,1b573b5b-f3c3-4cb4-8119-a1bc156d56bb,paid,379.05,0.0,478.05,2026-06-05 07:03:40.288862+00:00,direct
96ca8d4d-3d4f-4b24-ba4e-2aa412ca9295,1b573b5b-f3c3-4cb4-8119-a1bc156d56bb,paid,246.05,0.0,345.05,2026-08-31 00:20:40.288862+00:00,direct
9f0949d6-0d40-44cc-8a30-3988324d79d0,1b573b5b-f3c3-4cb4-8119-a1bc156d56bb,paid,1176.1,0.0,1275.1,2026-08-25 09:43:40.288862+00:00,direct
73f61058-6769-4579-8a99-639622c4e514,f08e43f4-23ee-4687-b1fd-5be90975eb60,paid,319.0,0.0,418.0,2026-04-30 00:08:40.288862+00:00,direct
b4825f7b-b149-4d63-ade8-a89bf8dc84c4,f08e43f4-23ee-4687-b1fd-5be90975eb60,paid,4158.0,0.0,4158.0,2026-07-08 06:33:40.288862+00:00,direct
bd772f69-598d-4228-b8e2-a4674fcadc9b,f08e43f4-23ee-4687-b1fd-5be90975eb60,paid,1975.0,150.14,1824.86,2026-04-22 21:07:40.288862+00:00,direct
84c00a3c-2e4e-4359-9ed0-578ed95dec6d,f08e43f4-23ee-4687-b1fd-5be90975eb60,paid,3235.0,0.0,3235.0,2026-01-14 20:02:40.288862+00:00,direct
038c744a-e688-486d-8d35-7749ec7f655b,f08e43f4-23ee-4687-b1fd-5be90975eb60,paid,179.0,0.0,278.0,2025-12-18 16:07:40.288862+00:00,direct
59c3fd7a-0796-45cd-859e-37c0c81525aa,f08e43f4-23ee-4687-b1fd-5be90975eb60,paid,319.0,37.68,380.32,2026-07-21 03:15:40.288862+00:00,direct
8ba6fed1-5f9a-44df-b08f-e6c57286b2d3,8214b8cf-2a26-4eff-8999-a6a7ae452ecf,paid,4131.0,0.0,4131.0,2026-03-23 12:22:40.288862+00:00,direct
96bd1b14-2e90-447a-ac0f-6c7843923a14,8214b8cf-2a26-4eff-8999-a6a7ae452ecf,paid,2442.6,0.0,2442.6,2026-07-31 09:17:40.288862+00:00,direct
2aa9035c-8043-45ec-be0a-2dcae94f88ca,8fcb1fae-1e08-4794-b88c-b3a56155d3cd,paid,661.3,61.01,699.29,2025-09-10 23:32:40.288862+00:00,direct
4c0495d6-30b6-46be-a9de-2050177f57d0,8fcb1fae-1e08-4794-b88c-b3a56155d3cd,paid,3823.3,0.0,3823.3,2025-12-31 21:59:40.288862+00:00,direct
b7422da9-da9a-4fdc-a05d-d5ad7c8df343,1f2eac8e-ff33-4fd6-85eb-e101b2625f93,paid,209.3,15.67,292.63,2026-07-29 19:45:40.288862+00:00,direct
4eedda79-f6d8-4249-adf2-f4ec81f0d982,1f2eac8e-ff33-4fd6-85eb-e101b2625f93,paid,698.6,75.84,721.76,2025-11-18 09:32:40.288862+00:00,direct
2edce403-e4c6-43d7-8dee-92728f158b19,1f2eac8e-ff33-4fd6-85eb-e101b2625f93,paid,642.6,0.0,741.6,2026-08-23 05:14:40.288862+00:00,direct
f6194908-6a32-4417-9654-ddd2d82de328,1f2eac8e-ff33-4fd6-85eb-e101b2625f93,paid,837.9,43.01,893.89,2026-04-23 05:51:40.288862+00:00,direct
412e3428-05d5-43dc-ad9a-d97e74503fee,1f2eac8e-ff33-4fd6-85eb-e101b2625f93,paid,418.6,33.6,484.0,2026-01-12 13:17:40.288862+00:00,direct
e5090300-9c90-4459-995f-ee2604ae7e73,1f2eac8e-ff33-4fd6-85eb-e101b2625f93,paid,2659.3,197.26,2462.04,2026-08-18 12:52:40.288862+00:00,direct
e94c9580-b2cf-4f66-8215-3e0be9cb3b91,1f2eac8e-ff33-4fd6-85eb-e101b2625f93,paid,446.6,0.0,545.6,2025-12-13 20:55:40.288862+00:00,direct
5b3d40b4-48d6-40b0-8cbe-893a02d68959,1f2eac8e-ff33-4fd6-85eb-e101b2625f93,paid,2659.3,0.0,2659.3,2026-08-07 20:03:40.288862+00:00,direct
92df16b8-22cc-4b91-859a-f1cc6da887c1,47989d7b-6dd0-4f15-b780-b3677078415a,paid,1076.4,0.0,1175.4,2026-05-09 19:03:40.288862+00:00,direct
0d9894eb-4f57-44e1-b699-8180c17be7fc,47989d7b-6dd0-4f15-b780-b3677078415a,paid,1238.55,0.0,1337.55,2026-06-14 23:36:40.288862+00:00,direct
cd0ebe00-e0ec-4888-a22a-08f8236e81d9,47989d7b-6dd0-4f15-b780-b3677078415a,paid,5631.55,0.0,5631.55,2026-02-03 13:23:40.288862+00:00,direct
8985f6d3-d9a0-42bb-b800-44702c48ed05,47989d7b-6dd0-4f15-b780-b3677078415a,paid,1147.7,0.0,1246.7,2025-12-27 04:29:40.288862+00:00,direct
664aba72-aba0-46ca-b28f-ff559ff025c9,47989d7b-6dd0-4f15-b780-b3677078415a,paid,2088.4,0.0,2088.4,2026-08-04 07:25:40.288862+00:00,direct
198fb4cb-785a-4eda-a779-7e5ca537bd78,47989d7b-6dd0-4f15-b780-b3677078415a,paid,2501.25,0.0,2501.25,2026-01-24 07:58:40.288862+00:00,direct
5dbfacb5-6060-4a66-b039-2ecb2ee67400,47989d7b-6dd0-4f15-b780-b3677078415a,paid,549.7,73.37,575.33,2025-12-24 07:55:40.288862+00:00,direct
33853c59-9ba7-4933-9e21-6837370915d8,47989d7b-6dd0-4f15-b780-b3677078415a,paid,1444.4,0.0,1543.4,2026-04-12 08:47:40.288862+00:00,direct
bb67f01b-0db0-42a1-b883-063a3df18530,47989d7b-6dd0-4f15-b780-b3677078415a,cancelled,1514.55,0.0,1514.55,2025-12-15 00:03:40.288862+00:00,direct
66b67387-ff97-4689-853d-95021fcf8f39,47989d7b-6dd0-4f15-b780-b3677078415a,paid,2065.4,0.0,2065.4,2026-06-12 22:16:40.288862+00:00,direct
c5e2c5c8-ed80-485a-9e66-5dd0b4bf2e61,47989d7b-6dd0-4f15-b780-b3677078415a,paid,9953.25,0.0,9953.25,2026-08-31 18:25:40.288862+00:00,direct
98059d4c-fca1-483b-9089-d0a1fe224743,47989d7b-6dd0-4f15-b780-b3677078415a,paid,1377.7,0.0,1476.7,2026-07-02 17:46:40.288862+00:00,direct
d4a264fc-1872-4f66-aa47-f5f0027311f4,47989d7b-6dd0-4f15-b780-b3677078415a,failed,641.7,80.63,660.07,2026-04-20 11:37:40.288862+00:00,direct
3eff0c8f-51ff-45d4-adc5-b260d9cd99e5,47989d7b-6dd0-4f15-b780-b3677078415a,paid,6090.4,0.0,6090.4,2026-01-13 20:43:40.288862+00:00,direct
0d2aa706-3074-4696-847c-b8e18996a208,47989d7b-6dd0-4f15-b780-b3677078415a,paid,3099.25,0.0,3099.25,2026-09-03 04:12:40.288862+00:00,direct
8d02ef80-f901-4405-810e-979cb94dd24b,036d198d-c6c6-4b0f-8dad-aa05f0d59126,paid,2476.8,0.0,2476.8,2026-04-22 14:37:40.288862+00:00,direct
f24b70f3-e539-4751-ab17-d7418a9fdf75,036d198d-c6c6-4b0f-8dad-aa05f0d59126,paid,3915.0,0.0,3915.0,2025-09-19 11:54:40.288862+00:00,direct
8d851b9a-595e-4a09-8c2d-5aa47bdb4460,036d198d-c6c6-4b0f-8dad-aa05f0d59126,paid,2442.6,0.0,2442.6,2026-02-25 20:03:40.288862+00:00,direct
82074cbc-0cad-47f4-aa51-eaf01f53e88c,036d198d-c6c6-4b0f-8dad-aa05f0d59126,paid,2982.6,0.0,2982.6,2026-01-03 08:09:40.288862+00:00,direct
37c46eb9-fc2c-44f6-9452-1bf06f06dcb7,036d198d-c6c6-4b0f-8dad-aa05f0d59126,paid,1218.6,0.0,1317.6,2026-07-20 15:38:40.288862+00:00,direct
af60c42b-fab5-4305-840b-09505223d20c,ae44d667-0b26-4b37-87c4-2b92e29a2c85,paid,798.0,0.0,897.0,2025-11-21 14:29:40.288862+00:00,direct
45c13fe8-8385-4ded-aaa1-a0e506149b40,ae44d667-0b26-4b37-87c4-2b92e29a2c85,paid,998.0,102.58,994.42,2026-05-17 16:36:40.288862+00:00,direct
1abe38f5-abc8-4b62-a0f5-cf76b113a69e,ae44d667-0b26-4b37-87c4-2b92e29a2c85,paid,898.0,100.08,896.92,2026-07-21 05:46:40.288862+00:00,direct
49fcf930-ec9d-44fb-91d0-ac7a05c61649,ae44d667-0b26-4b37-87c4-2b92e29a2c85,paid,299.0,0.0,398.0,2026-08-23 01:40:40.288862+00:00,direct
57ca2a9f-4c10-40c1-8f7b-3d4b4611eb35,ae44d667-0b26-4b37-87c4-2b92e29a2c85,paid,1816.0,0.0,1816.0,2026-07-15 15:27:40.288862+00:00,direct
39586de0-4fff-420b-9099-169c8b47913d,ae44d667-0b26-4b37-87c4-2b92e29a2c85,paid,4417.0,0.0,4417.0,2026-05-09 10:47:40.288862+00:00,direct
335a9833-d53f-4849-85a9-16f5be3f5e54,ae44d667-0b26-4b37-87c4-2b92e29a2c85,paid,1397.0,0.0,1496.0,2026-08-27 05:14:40.288862+00:00,direct
070c611a-8c3f-4ced-9a98-89aa8c213ed7,34d67689-aee2-4aab-8aab-a0c2ebc9061c,paid,2938.6,194.36,2744.24,2026-08-26 02:26:40.288862+00:00,direct
4bfef005-f755-49c0-9c12-e2e6827d4f96,34d67689-aee2-4aab-8aab-a0c2ebc9061c,paid,209.3,0.0,308.3,2026-07-31 22:20:40.288862+00:00,direct
25ac9d22-248d-4305-98ce-7521fcab4f8c,34d67689-aee2-4aab-8aab-a0c2ebc9061c,paid,306.6,29.43,376.17,2026-05-21 00:08:40.288862+00:00,direct
6248258a-0f84-4c43-bc62-62d24654a8aa,34d67689-aee2-4aab-8aab-a0c2ebc9061c,paid,348.6,0.0,447.6,2026-08-28 06:23:40.288862+00:00,direct
d84aa410-f6d2-4a17-a9b5-20c08837a994,34d67689-aee2-4aab-8aab-a0c2ebc9061c,paid,209.3,0.0,308.3,2026-08-10 14:23:40.288862+00:00,direct
798ad033-0e50-46d7-9997-981941ced5c5,1d012ac1-bdb9-4789-a360-766a0f18aecd,paid,1317.0,0.0,1416.0,2026-01-12 04:36:40.288862+00:00,direct
e0a7b14f-11ec-40e7-8a3a-13fbe7d98f6c,1d012ac1-bdb9-4789-a360-766a0f18aecd,paid,4517.0,0.0,4517.0,2025-12-27 09:47:40.288862+00:00,direct
26a186d1-84cf-45f4-9264-1e073be3e57e,1d012ac1-bdb9-4789-a360-766a0f18aecd,paid,718.0,40.57,776.43,2025-10-02 13:21:40.288862+00:00,direct
48b985f9-5d75-495a-9ecf-481dc5e09ef1,1d012ac1-bdb9-4789-a360-766a0f18aecd,paid,499.0,73.34,524.66,2025-11-17 18:18:40.288862+00:00,direct
696d6601-2513-484c-9588-1a2370b2aa5e,1d012ac1-bdb9-4789-a360-766a0f18aecd,paid,4357.0,532.09,3824.91,2026-08-01 21:04:40.288862+00:00,direct
e3577370-a83c-4fe2-98c4-5d736bc08296,5936899b-8f36-4fc1-ae42-39ec8ca78744,paid,246.05,0.0,345.05,2026-01-18 22:52:40.288862+00:00,direct
60c15afa-abde-4735-8ba6-1d8e87758268,5936899b-8f36-4fc1-ae42-39ec8ca78744,paid,246.05,24.11,320.94,2026-07-29 04:54:40.288862+00:00,direct
5e70f3df-895b-49b3-8d70-8c315761a96e,5936899b-8f36-4fc1-ae42-39ec8ca78744,paid,379.05,0.0,478.05,2025-11-06 00:11:40.288862+00:00,direct
7e1e7e4a-8388-425f-9b8c-ca7e1ef9c241,5936899b-8f36-4fc1-ae42-39ec8ca78744,paid,7692.15,0.0,7692.15,2026-08-15 04:00:40.288862+00:00,direct
b78b27cd-27a6-4711-af72-c042bf3072bc,50e3d146-c6d4-473e-9d2b-d65b1616b4e6,paid,1122.4,0.0,1221.4,2026-06-22 09:45:40.288862+00:00,direct
ff526037-25e4-4d0a-9bba-3b62905c0ae5,50e3d146-c6d4-473e-9d2b-d65b1616b4e6,paid,2524.25,0.0,2524.25,2026-08-30 20:14:40.288862+00:00,direct
d0c9f1fd-a313-4452-b863-b297efcbd5de,50e3d146-c6d4-473e-9d2b-d65b1616b4e6,paid,1009.7,0.0,1108.7,2026-04-26 19:18:40.288862+00:00,direct
551b400c-a6d0-4509-bbbd-0346c2a3c628,50e3d146-c6d4-473e-9d2b-d65b1616b4e6,paid,1559.4,0.0,1559.4,2026-03-29 17:15:40.288862+00:00,direct
96aba2a8-ea62-4d46-9691-89c258593e57,50e3d146-c6d4-473e-9d2b-d65b1616b4e6,paid,572.7,0.0,671.7,2026-08-09 04:52:40.288862+00:00,direct
94616651-fa01-46db-a59b-121e558e9b4e,50e3d146-c6d4-473e-9d2b-d65b1616b4e6,failed,1122.4,0.0,1221.4,2025-09-15 16:28:40.288862+00:00,direct
764fa7e5-d927-4bcf-bf8f-8fe182c56d57,50e3d146-c6d4-473e-9d2b-d65b1616b4e6,paid,1145.4,0.0,1244.4,2026-03-19 22:51:40.288862+00:00,direct
5d451bcb-db71-4be0-8fd5-21e740d45910,50e3d146-c6d4-473e-9d2b-d65b1616b4e6,paid,572.7,0.0,671.7,2025-11-10 00:02:40.288862+00:00,direct
4195dc8b-a73d-4cfa-9509-accfd87d7d97,50e3d146-c6d4-473e-9d2b-d65b1616b4e6,paid,1283.4,0.0,1382.4,2026-08-31 02:06:40.288862+00:00,direct
33c1ec70-93e1-4ff6-832c-70b63a0750c3,1faa7382-88ad-49da-a0c2-e52e83004e52,paid,7787.15,0.0,7787.15,2026-06-24 06:14:40.288862+00:00,direct
9bc95de2-a2fa-439b-8b9b-cafa79b6e0f6,1faa7382-88ad-49da-a0c2-e52e83004e52,paid,644.1,0.0,743.1,2026-08-02 04:01:40.288862+00:00,direct
98ef67fc-8a2a-4d2d-92b7-9357231e7627,0e1bac66-b30e-4c4b-aff4-54a6c33e7297,failed,491.3,0.0,590.3,2025-09-17 14:16:40.288862+00:00,direct
8ef72d0b-f5b6-4537-89c2-e8b0916adc83,0e1bac66-b30e-4c4b-aff4-54a6c33e7297,paid,594.15,0.0,693.15,2025-10-28 16:23:40.288862+00:00,direct
225b91cb-47c7-4238-9e2d-8ff8fe0e8909,0e1bac66-b30e-4c4b-aff4-54a6c33e7297,paid,848.3,0.0,947.3,2025-12-23 22:28:40.288862+00:00,direct
18596c50-c1e3-4c5d-8ec6-c7270e118ff1,b5ee80e8-4658-4edc-be09-6506ae7512d4,paid,209.3,0.0,308.3,2026-01-16 23:07:40.288862+00:00,direct
04f25abe-06ff-4919-8b33-eddc19fce5ba,b5ee80e8-4658-4edc-be09-6506ae7512d4,paid,460.6,0.0,559.6,2026-07-30 17:52:40.288862+00:00,direct
ec2890dc-33b4-45e9-bbf6-5d3b5630b5b7,b5ee80e8-4658-4edc-be09-6506ae7512d4,paid,530.6,0.0,629.6,2025-12-01 10:15:40.288862+00:00,direct
41aec2d0-2baf-4d5a-9306-b45546eb51a7,b5ee80e8-4658-4edc-be09-6506ae7512d4,paid,181.3,13.3,267.0,2025-10-06 06:09:40.288862+00:00,direct
6b846086-d3b4-40a3-aa9d-771a41110615,b5ee80e8-4658-4edc-be09-6506ae7512d4,paid,223.3,28.36,293.94,2026-07-31 11:12:40.288862+00:00,direct
da267f57-a774-48b6-9f64-45c4f2627b91,f2f1b18c-a1cd-439e-8afc-e322678514d8,failed,1096.0,0.0,1195.0,2026-05-22 16:09:40.288862+00:00,direct
c4a82b94-6ac0-4838-b69b-cf099428e908,f2f1b18c-a1cd-439e-8afc-e322678514d8,paid,1537.0,93.55,1443.45,2026-03-21 00:28:40.288862+00:00,direct
ce930cd8-8b16-46c3-8cac-d17ecc89ab99,f2f1b18c-a1cd-439e-8afc-e322678514d8,paid,1776.0,0.0,1776.0,2025-10-19 01:59:40.288862+00:00,direct
e0f5fbc0-de58-46c1-b0d3-c8843c736332,f2f1b18c-a1cd-439e-8afc-e322678514d8,paid,1656.0,0.0,1656.0,2026-01-09 08:35:40.288862+00:00,direct
3bdcc06c-37d6-4e3e-976c-955787a5f3ac,f2f1b18c-a1cd-439e-8afc-e322678514d8,paid,578.0,0.0,677.0,2026-03-03 21:12:40.288862+00:00,direct
9d0b4ac5-67a4-4951-9ac4-1bee51cb3f5f,f2f1b18c-a1cd-439e-8afc-e322678514d8,paid,1957.0,0.0,1957.0,2026-05-19 22:26:40.288862+00:00,direct
04be98b6-a8b3-4e91-9131-29c86a2506df,1be9962e-8edb-48eb-a887-67cdc0db795b,paid,8616.0,0.0,8616.0,2025-10-27 11:37:40.288862+00:00,direct
ae504b43-efb2-477f-a320-d850469169ab,1be9962e-8edb-48eb-a887-67cdc0db795b,paid,239.0,0.0,338.0,2025-09-27 17:57:40.288862+00:00,direct
56b975aa-7bae-4278-83bd-108233009663,1be9962e-8edb-48eb-a887-67cdc0db795b,paid,498.0,0.0,597.0,2025-11-10 02:51:40.288862+00:00,direct
347474b5-2d1e-4e93-b92c-0d16d30135f7,1be9962e-8edb-48eb-a887-67cdc0db795b,paid,478.0,0.0,577.0,2026-06-01 06:44:40.288862+00:00,direct
381aea25-8fef-4ce2-98cc-b5a9c6251ff7,95e00d6c-d7ed-4bf2-beda-29c9bc0445ad,paid,599.0,0.0,698.0,2026-03-11 15:58:40.288862+00:00,direct
337e3847-b4d4-45b7-9cca-b23842890bc8,95e00d6c-d7ed-4bf2-beda-29c9bc0445ad,paid,259.0,0.0,358.0,2026-06-02 06:36:40.288862+00:00,direct
1ff59e2b-cff1-4fcb-b25f-1b5eb7537385,95e00d6c-d7ed-4bf2-beda-29c9bc0445ad,failed,2015.0,0.0,2015.0,2025-10-23 14:13:40.288862+00:00,direct
aac2dd2f-0186-4e10-b3bd-bebd8f6264ad,95e00d6c-d7ed-4bf2-beda-29c9bc0445ad,paid,699.0,0.0,798.0,2026-04-21 04:59:40.288862+00:00,direct
399dc7db-23a5-442f-a44d-60bc432facab,2540232e-9b6f-41d9-8506-0aa5d1e785f7,paid,349.3,28.89,419.41,2026-07-17 13:54:40.288862+00:00,direct
c5e7ce6e-fd3a-4b19-8acf-cf1a3a8c0056,2540232e-9b6f-41d9-8506-0aa5d1e785f7,paid,167.3,13.77,252.53,2026-05-30 17:39:40.288862+00:00,direct
8aaf8600-3124-4685-91a8-2f3b858bd34d,2540232e-9b6f-41d9-8506-0aa5d1e785f7,paid,223.3,25.1,297.2,2025-10-05 22:51:40.288862+00:00,direct
648ee67b-e103-4474-bb80-b9ba34e6ab8e,2540232e-9b6f-41d9-8506-0aa5d1e785f7,failed,167.3,0.0,266.3,2026-05-16 15:33:40.288862+00:00,direct
b6be0887-3e9f-4566-8937-a6ee26fe60d0,2540232e-9b6f-41d9-8506-0aa5d1e785f7,paid,334.6,42.22,391.38,2026-07-20 15:44:40.288862+00:00,direct
a13fe64a-34a8-480e-b45c-63a94cff990f,6ae9ab65-8478-48e7-a61a-ddec0fc6034d,paid,220.15,0.0,319.15,2025-10-16 16:36:40.288862+00:00,direct
8ef53948-0cd1-4432-8c2a-50fc2c20ba2e,6ae9ab65-8478-48e7-a61a-ddec0fc6034d,paid,2716.6,0.0,2716.6,2026-02-12 07:45:40.288862+00:00,direct
5a2ae257-190a-4d18-b998-635f1e6df18e,6ae9ab65-8478-48e7-a61a-ddec0fc6034d,paid,677.45,0.0,776.45,2025-11-12 11:26:40.288862+00:00,direct
005e6d59-f4bd-45cd-97de-687a974b7b9a,5560ead0-4f2f-4e04-80f0-2c20c71dc4fc,paid,1969.45,0.0,1969.45,2025-09-05 10:50:40.288862+00:00,direct
cb96d0c1-e583-437d-91a6-d7c0dae39685,5560ead0-4f2f-4e04-80f0-2c20c71dc4fc,failed,848.3,126.57,820.73,2025-12-22 22:31:40.288862+00:00,direct
21a25dfe-ee8a-49ad-a54e-2d6fee6147fd,c5c415cf-efd1-459e-91db-ee6b55ff57aa,paid,359.1,0.0,458.1,2026-08-17 15:49:40.288862+00:00,direct
df7f631b-0a93-4144-b591-86ac4e8e0ebb,6fbc4b72-f69f-4f05-b036-10ab4014b192,paid,474.05,0.0,573.05,2026-02-28 18:25:40.288862+00:00,direct
d5c7c042-490c-447a-81af-6815ffa55c79,6fbc4b72-f69f-4f05-b036-10ab4014b192,paid,473.1,0.0,572.1,2026-02-22 08:16:40.288862+00:00,direct
938ed60f-2fb8-4296-b86e-64fe30f3930e,6fbc4b72-f69f-4f05-b036-10ab4014b192,paid,549.1,0.0,648.1,2026-08-11 20:00:40.288862+00:00,direct
a957da21-5d49-4637-951f-11551c7217e6,c310ce9c-4ee6-4bf0-9cc4-1947dd257995,paid,239.0,33.98,304.02,2025-11-28 01:23:40.288862+00:00,direct
5e360a1f-ad70-4dc0-8212-d11e6a1bc4fd,c310ce9c-4ee6-4bf0-9cc4-1947dd257995,paid,4756.0,0.0,4756.0,2026-03-21 02:15:40.288862+00:00,direct
a4aa972f-7743-4cc0-b13e-86027591400d,c310ce9c-4ee6-4bf0-9cc4-1947dd257995,paid,998.0,0.0,1097.0,2026-05-23 14:55:40.288862+00:00,direct
8c8e3fa2-b5f4-4fbb-85ba-5d9d14c76d1c,c310ce9c-4ee6-4bf0-9cc4-1947dd257995,paid,1258.0,0.0,1357.0,2026-05-31 12:06:40.288862+00:00,direct
0508911a-f0f2-4e6b-a478-419b61efae83,c310ce9c-4ee6-4bf0-9cc4-1947dd257995,paid,797.0,0.0,896.0,2025-11-08 11:09:40.288862+00:00,direct
7d286824-93ee-4ddd-9a25-b424081889a9,c310ce9c-4ee6-4bf0-9cc4-1947dd257995,paid,858.0,84.64,872.36,2026-05-29 21:31:40.288862+00:00,direct
128981f2-95aa-4c3c-adfb-83730da8cede,d718c2a1-cba2-4740-854b-7a47b39339fa,paid,161.1,0.0,260.1,2026-08-27 21:36:40.288862+00:00,direct
25582ea1-13a7-4d42-8323-7eebfedb940c,164c0a31-17a2-4505-bfad-c06f50315689,paid,1376.0,0.0,1475.0,2026-08-03 16:49:40.288862+00:00,direct
dc405dd6-dd1b-4eb9-b398-251612dc7d1a,164c0a31-17a2-4505-bfad-c06f50315689,failed,319.0,0.0,418.0,2025-11-01 02:05:40.288862+00:00,direct
eb854be3-c14e-4e91-960a-5ba91a973878,164c0a31-17a2-4505-bfad-c06f50315689,paid,938.0,0.0,1037.0,2025-09-29 16:01:40.288862+00:00,direct
5abd266f-ba37-43a5-9c40-1dea49628e3e,164c0a31-17a2-4505-bfad-c06f50315689,paid,239.0,0.0,338.0,2026-06-25 18:47:40.288862+00:00,direct
edb9df62-6071-4c0a-a38b-6cc7ce1f7425,164c0a31-17a2-4505-bfad-c06f50315689,paid,2017.0,0.0,2017.0,2026-01-04 13:52:40.288862+00:00,direct
cd3734cc-3f21-4c55-9e6a-522bffb4e55c,164c0a31-17a2-4505-bfad-c06f50315689,paid,239.0,0.0,338.0,2025-10-26 23:37:40.288862+00:00,direct
b97e4d61-891b-4e54-b965-f484ad8bb307,164c0a31-17a2-4505-bfad-c06f50315689,paid,4417.0,0.0,4417.0,2026-08-23 18:08:40.288862+00:00,direct
2cd55c34-9557-42e3-bf8c-94ceebd00349,6e8e950d-07a7-4eea-aa11-7af6589d913f,paid,848.3,0.0,947.3,2025-10-11 13:20:40.288862+00:00,direct
f9bf4090-403f-48dc-98b9-a72f699d3046,6e8e950d-07a7-4eea-aa11-7af6589d913f,paid,203.15,0.0,302.15,2025-12-22 13:34:40.288862+00:00,direct
ace6c795-8169-4271-be0d-af6aae66a2cd,68aa2160-b8c2-4e57-8447-596fd129cb39,paid,227.05,0.0,326.05,2026-03-18 16:15:40.288862+00:00,direct
1fa55152-1450-443e-8079-38eaac54cc99,68aa2160-b8c2-4e57-8447-596fd129cb39,paid,303.05,17.81,384.24,2026-02-21 17:10:40.288862+00:00,direct
d389fbc7-f177-44f7-b19b-3e8096d33842,68aa2160-b8c2-4e57-8447-596fd129cb39,paid,341.05,0.0,440.05,2025-11-05 11:57:40.288862+00:00,direct
c7ef9203-f3dd-455a-96bd-1ad3ab41c4bd,68aa2160-b8c2-4e57-8447-596fd129cb39,paid,872.1,0.0,971.1,2026-09-04 16:30:40.288862+00:00,direct
ea37b2a7-66c3-4554-a613-0b18cba661c6,ad5897a3-35cd-4501-ab75-2b17adcabbb6,paid,624.15,0.0,723.15,2026-05-14 20:44:40.288862+00:00,direct
476558a6-d89d-4b9e-925d-e4946e2e53f1,ad5897a3-35cd-4501-ab75-2b17adcabbb6,paid,948.1,124.22,922.88,2025-09-20 18:20:40.288862+00:00,direct
ac76e20f-9bc3-4c5b-9e04-0a8fbb763ebe,ad5897a3-35cd-4501-ab75-2b17adcabbb6,paid,474.05,0.0,573.05,2026-05-21 03:20:40.288862+00:00,direct
b5566ba0-a8c8-406b-81ef-933d5dd7bb01,ad5897a3-35cd-4501-ab75-2b17adcabbb6,paid,587.1,0.0,686.1,2026-08-25 17:39:40.288862+00:00,direct
29f40476-a168-4eb8-bf7b-77ad1b4358cf,3277f0d6-0b3f-4028-8bd4-023fd81beaa1,paid,1969.45,0.0,1969.45,2025-11-18 16:09:40.288862+00:00,direct
0df8acef-ffda-475e-8381-1f4d8c09d4cd,3277f0d6-0b3f-4028-8bd4-023fd81beaa1,paid,1153.45,0.0,1252.45,2025-12-24 04:17:40.288862+00:00,direct
c0f6300c-5d02-4d69-a238-6e44a30be7a2,3277f0d6-0b3f-4028-8bd4-023fd81beaa1,paid,1612.45,0.0,1612.45,2025-10-31 05:05:40.288862+00:00,direct
0eee6728-932a-4ed2-b666-fc2b47bc7816,6cfd1048-ada9-4c8b-8bfe-2ab19979e6bd,paid,3483.3,0.0,3483.3,2025-09-10 04:02:40.288862+00:00,direct
1119f420-df1c-4d07-877f-bbf460087b96,914c5ee3-c374-46fa-b31f-75bd6ceb6e8c,paid,271.15,0.0,370.15,2026-01-16 13:06:40.288862+00:00,direct
c1e8efb5-3e95-4cad-bd7c-8cc38530f6f3,530935c9-adfb-42fc-8b74-a22cd5a76917,paid,542.3,76.4,564.9,2025-09-23 14:20:40.288862+00:00,direct
c51755e1-11b5-4226-9fde-8ddd26709645,321f64e1-293e-4e2f-ae00-4fc38b904900,paid,4927.45,0.0,4927.45,2026-02-11 17:14:40.288862+00:00,direct
13d145d9-2dd8-474c-925e-e2ce62d4e374,321f64e1-293e-4e2f-ae00-4fc38b904900,paid,1442.45,0.0,1541.45,2026-01-01 12:53:40.288862+00:00,direct
1ba18a72-0f96-4572-93b3-eaade7ee914c,321f64e1-293e-4e2f-ae00-4fc38b904900,paid,508.3,0.0,607.3,2025-12-14 09:59:40.288862+00:00,direct
95befa4f-9c0c-4fa1-831c-afda09307409,ef840ad1-a2ac-4f3b-8058-ecc6edd27a28,failed,1744.55,0.0,1744.55,2025-10-03 06:28:40.288862+00:00,direct
adf03773-1eed-4369-b9c9-7e613b5765b1,ef840ad1-a2ac-4f3b-8058-ecc6edd27a28,paid,1836.55,0.0,1836.55,2025-10-31 16:42:40.288862+00:00,direct
8fe48419-c9ad-4e93-aa36-0ae382ef5bd4,ef840ad1-a2ac-4f3b-8058-ecc6edd27a28,paid,2134.4,0.0,2134.4,2025-09-24 14:18:40.288862+00:00,direct
e1b3aeef-7b09-4f67-b626-b094865ee1e3,ef840ad1-a2ac-4f3b-8058-ecc6edd27a28,paid,1490.4,0.0,1589.4,2026-02-03 23:06:40.288862+00:00,direct
beb84245-015c-4bcd-9121-fbcd6bf0537c,ef840ad1-a2ac-4f3b-8058-ecc6edd27a28,paid,5355.55,0.0,5355.55,2026-04-01 19:58:40.288862+00:00,direct
0ddbe957-6215-416c-a260-0e337f0d2c1e,ef840ad1-a2ac-4f3b-8058-ecc6edd27a28,paid,5172.7,0.0,5172.7,2026-02-11 06:48:40.288862+00:00,direct
f5e1c49d-500a-47d0-80b4-c56af308cc04,ef840ad1-a2ac-4f3b-8058-ecc6edd27a28,failed,1537.55,0.0,1537.55,2025-09-22 12:35:40.288862+00:00,direct
fcf21105-b4e2-44da-a496-7263520fa80d,ef840ad1-a2ac-4f3b-8058-ecc6edd27a28,failed,2157.4,0.0,2157.4,2026-02-09 08:24:40.288862+00:00,direct
60290286-275b-4bc8-8496-245c695c07e0,ef840ad1-a2ac-4f3b-8058-ecc6edd27a28,paid,2088.4,0.0,2088.4,2026-06-27 18:21:40.288862+00:00,direct
ec6a5e26-1553-4260-ab48-b78696c99a37,ef840ad1-a2ac-4f3b-8058-ecc6edd27a28,paid,2800.25,0.0,2800.25,2025-11-03 05:21:40.288862+00:00,direct
c9cea6bc-2f92-4fe2-8993-1f0f115a6b8d,ef840ad1-a2ac-4f3b-8058-ecc6edd27a28,paid,11378.1,0.0,11378.1,2026-07-12 02:51:40.288862+00:00,direct
89833622-6fbc-437b-8d7d-408aa1da24ee,ef840ad1-a2ac-4f3b-8058-ecc6edd27a28,paid,572.7,0.0,671.7,2026-08-25 05:39:40.288862+00:00,direct
9c1b61ef-2b2d-4244-a721-f20f569d399a,c9d979ae-29f6-4579-adc0-8629330e95a9,paid,1004.4,89.85,1013.55,2026-07-11 13:11:40.288862+00:00,direct
37acdd76-9333-4b7e-b301-6544909a5418,c9d979ae-29f6-4579-adc0-8629330e95a9,paid,7268.4,0.0,7268.4,2026-08-19 19:22:40.288862+00:00,direct
ed4d0107-1c9f-4643-975b-978f704edb23,c9d979ae-29f6-4579-adc0-8629330e95a9,paid,4170.6,0.0,4170.6,2025-12-22 11:11:40.288862+00:00,direct
9d8cf27e-8fcd-40a3-a1a6-3404b2c31b20,c9d979ae-29f6-4579-adc0-8629330e95a9,paid,3774.6,0.0,3774.6,2026-07-31 21:26:40.288862+00:00,direct
6d0f5995-03ed-45f6-982a-dcfd5b5d1d3d,0f30283e-6af0-4144-8ff9-0edb3f4ff54d,paid,349.3,0.0,448.3,2026-01-06 07:20:40.288862+00:00,direct
a926a916-0578-484e-add4-37892d7b6b35,0f30283e-6af0-4144-8ff9-0edb3f4ff54d,paid,167.3,0.0,266.3,2026-06-21 09:47:40.288862+00:00,direct
4d7947c2-24fe-463a-a9b5-55f30912cdc2,0f30283e-6af0-4144-8ff9-0edb3f4ff54d,paid,125.3,7.03,217.27,2026-08-09 18:45:40.288862+00:00,direct
acd3f557-5480-49aa-a12c-c9bf9fb57cc7,0f30283e-6af0-4144-8ff9-0edb3f4ff54d,paid,279.3,15.11,363.19,2026-08-10 02:41:40.288862+00:00,direct
52a7f512-e835-4b6a-a7b6-244a4cc96526,0f30283e-6af0-4144-8ff9-0edb3f4ff54d,paid,279.3,27.69,350.61,2026-07-20 01:34:40.288862+00:00,direct
fc93315c-1d3b-43f8-b25f-dc9d1a703348,6bcb1a1f-9ffd-4286-8ae6-4739399be53a,paid,466.2,0.0,565.2,2026-08-29 04:27:40.288862+00:00,direct
58acf09a-48ed-46f0-b8fa-99e671fba8aa,92433cee-6dd7-45fe-a53f-56b4bebe882b,paid,542.3,0.0,641.3,2026-01-05 08:00:40.288862+00:00,direct
c536513c-8f6a-4f1d-9683-89509265ae00,92433cee-6dd7-45fe-a53f-56b4bebe882b,failed,3534.3,0.0,3534.3,2025-12-14 17:42:40.288862+00:00,direct
a5bbfca9-baed-4f05-a8d7-2603c1f1cbde,92433cee-6dd7-45fe-a53f-56b4bebe882b,paid,594.15,0.0,693.15,2026-02-22 06:46:40.288862+00:00,direct
21c4d453-5c5f-49c4-b044-a671184dd8d1,958c58fa-c440-44e7-82f6-a38960362a56,paid,4158.0,0.0,4158.0,2026-06-12 18:40:40.288862+00:00,direct
a607af37-00fa-4c6a-959f-824a508fcff8,958c58fa-c440-44e7-82f6-a38960362a56,paid,618.0,33.72,683.28,2025-12-16 12:18:40.288862+00:00,direct
15515cb5-e0bb-482a-8d19-90829d8fa975,958c58fa-c440-44e7-82f6-a38960362a56,paid,299.0,0.0,398.0,2026-08-16 02:05:40.288862+00:00,direct
54492adc-3d36-4269-aebe-8fa79ae692f6,958c58fa-c440-44e7-82f6-a38960362a56,paid,1237.0,0.0,1336.0,2025-11-30 14:26:40.288862+00:00,direct
dfb5e452-e61c-4760-b932-8ad0a4b9edfb,958c58fa-c440-44e7-82f6-a38960362a56,paid,1257.0,0.0,1356.0,2026-09-02 10:12:40.288862+00:00,direct
a80dede7-c450-4bd0-b0a6-c0a8a918f029,1c01f88d-05ea-474f-acf2-795f91507186,paid,1515.7,0.0,1515.7,2025-10-19 17:51:40.288862+00:00,direct
0bca3ff2-ffe8-47bf-8f54-7962fc3d6c95,1c01f88d-05ea-474f-acf2-795f91507186,paid,2319.55,0.0,2319.55,2026-01-25 19:59:40.288862+00:00,direct
a623383b-e280-47c4-b3c7-d4934ff16cc6,1c01f88d-05ea-474f-acf2-795f91507186,paid,549.7,0.0,648.7,2026-07-03 14:39:40.288862+00:00,direct
8e28c31c-e15a-4983-a54e-018841244b72,1c01f88d-05ea-474f-acf2-795f91507186,paid,618.7,0.0,717.7,2026-05-01 02:55:40.288862+00:00,direct
9c54f2fb-f5af-4a52-b1df-ce98ad7565e7,1c01f88d-05ea-474f-acf2-795f91507186,paid,2616.25,0.0,2616.25,2026-06-13 19:55:40.288862+00:00,direct
5ef9164b-31f5-46a2-8c13-985a02358e88,1c01f88d-05ea-474f-acf2-795f91507186,paid,9287.4,0.0,9287.4,2026-03-09 03:06:40.288862+00:00,direct
2437fc8c-99a8-4fa7-b0b9-0cd6185d396f,1c01f88d-05ea-474f-acf2-795f91507186,paid,5860.4,0.0,5860.4,2026-07-23 15:55:40.288862+00:00,direct
55f73f15-4096-435a-b6ab-69f8f1e38391,1c01f88d-05ea-474f-acf2-795f91507186,paid,205.85,19.09,285.76,2026-09-04 06:15:40.288862+00:00,direct
f959b532-c887-4780-8cf9-a49b9508bc1f,1c01f88d-05ea-474f-acf2-795f91507186,paid,5125.55,0.0,5125.55,2026-06-13 05:15:40.288862+00:00,direct
280c6865-558a-4713-a225-dcda2827a766,1c01f88d-05ea-474f-acf2-795f91507186,paid,1995.25,0.0,1995.25,2026-05-10 16:19:40.288862+00:00,direct
61eab33b-4df2-4f46-bbfa-46252aa1edab,1c01f88d-05ea-474f-acf2-795f91507186,paid,2110.25,127.88,1982.37,2026-03-11 06:46:40.288862+00:00,direct
9132fad9-141c-4127-ba9f-0789682cce51,1c01f88d-05ea-474f-acf2-795f91507186,paid,1147.7,78.32,1168.38,2026-08-21 06:03:40.288862+00:00,direct
4f7da0ac-2bb5-44a1-a0ca-d235cfa8e912,201e9de3-67cf-46d2-9d95-6c8fbd4415df,paid,6296.0,0.0,6296.0,2026-01-08 00:36:40.288862+00:00,direct
b7c55dda-2f02-4ce6-a0ad-fbf4df088395,201e9de3-67cf-46d2-9d95-6c8fbd4415df,paid,359.0,0.0,458.0,2026-01-16 02:06:40.288862+00:00,direct
6cd32f46-be8d-4742-9c76-7c0b90bb058e,201e9de3-67cf-46d2-9d95-6c8fbd4415df,paid,4897.0,0.0,4897.0,2026-02-24 06:17:40.288862+00:00,direct
64c797a1-6b58-44a2-bcc6-93358f225c45,201e9de3-67cf-46d2-9d95-6c8fbd4415df,paid,1198.0,0.0,1297.0,2026-08-08 14:37:40.288862+00:00,direct
4fc7e6ba-d924-4a0a-b8c3-9ddd6da68abf,201e9de3-67cf-46d2-9d95-6c8fbd4415df,paid,1697.0,0.0,1697.0,2026-03-27 17:58:40.288862+00:00,direct
1c56692c-d866-4dd7-ab96-f59cd0b650f6,201e9de3-67cf-46d2-9d95-6c8fbd4415df,cancelled,738.0,0.0,837.0,2026-08-13 02:04:40.288862+00:00,direct
f6e41ec0-f378-4caf-b740-48e8f15da8a6,201e9de3-67cf-46d2-9d95-6c8fbd4415df,paid,4977.0,479.34,4497.66,2026-07-23 00:38:40.288862+00:00,direct
d1da28e0-2211-471b-9179-1204a411c861,59f0bf0f-a3c6-40c5-b10d-405be6147cdd,cancelled,1258.0,0.0,1357.0,2025-10-21 00:46:40.288862+00:00,direct
f9ee8f29-289b-4d4c-9efa-b238e87f92e2,59f0bf0f-a3c6-40c5-b10d-405be6147cdd,paid,5496.0,0.0,5496.0,2026-04-19 06:15:40.288862+00:00,direct
bf219f02-0754-4df1-8df8-8b9c5b4480e7,59f0bf0f-a3c6-40c5-b10d-405be6147cdd,paid,737.0,100.16,735.84,2026-04-27 02:34:40.288862+00:00,direct
f8412894-dd58-4f0f-8a7c-fd5cfe69c6ca,59f0bf0f-a3c6-40c5-b10d-405be6147cdd,paid,438.0,64.71,472.29,2026-04-01 18:10:40.288862+00:00,direct
00c27871-71cc-41bb-942e-e422c16be03a,59f0bf0f-a3c6-40c5-b10d-405be6147cdd,paid,299.0,26.89,371.11,2026-05-06 18:04:40.288862+00:00,direct
45e696cc-6aa3-4352-aa5a-cc835945a4d9,a46ad3b4-d7dc-4fda-8b72-80465dd5b2cf,paid,7484.4,0.0,7484.4,2025-10-02 14:30:40.288862+00:00,direct
40033385-1cd3-4135-a6c4-3592381624a6,a46ad3b4-d7dc-4fda-8b72-80465dd5b2cf,paid,2298.6,0.0,2298.6,2025-10-30 12:17:40.288862+00:00,direct
7e24b0af-e6c4-40da-b2b8-a8f303007382,a46ad3b4-d7dc-4fda-8b72-80465dd5b2cf,paid,2440.8,0.0,2440.8,2026-01-16 10:16:40.288862+00:00,direct
790419a8-6a17-4c07-8451-770029f0ca2e,a46ad3b4-d7dc-4fda-8b72-80465dd5b2cf,paid,1974.6,0.0,1974.6,2026-04-25 21:43:40.288862+00:00,direct
1a9acc64-e5ba-467a-a5ee-75709aa9d0b2,a46ad3b4-d7dc-4fda-8b72-80465dd5b2cf,paid,3484.8,0.0,3484.8,2026-06-25 15:52:40.288862+00:00,direct
31991de5-387e-485a-be42-c3d650d439c1,e909e9a4-6ee8-4ed8-815f-4df4752f39f5,paid,2658.6,0.0,2658.6,2026-04-24 10:36:40.288862+00:00,direct
e173c31e-b115-4dea-bd5b-61d34b30d38b,e909e9a4-6ee8-4ed8-815f-4df4752f39f5,paid,14754.6,0.0,14754.6,2025-11-29 15:40:40.288862+00:00,direct
d59c33c9-cfde-43ed-85bf-a533419ba0f7,e909e9a4-6ee8-4ed8-815f-4df4752f39f5,paid,2298.6,0.0,2298.6,2026-04-01 07:20:40.288862+00:00,direct
0afb7e1d-e254-42e9-8030-2457c50343b1,e909e9a4-6ee8-4ed8-815f-4df4752f39f5,paid,1720.8,0.0,1720.8,2026-02-16 13:37:40.288862+00:00,direct
acabce31-6d90-4069-ac78-96f74a6585fd,e909e9a4-6ee8-4ed8-815f-4df4752f39f5,paid,8272.8,0.0,8272.8,2026-06-18 07:24:40.288862+00:00,direct
aeba8a14-5396-4c2e-93ad-42ccbd7ec413,a138f99c-b457-44dc-8e79-37155c079ee5,paid,949.45,0.0,1048.45,2025-11-18 03:32:40.288862+00:00,direct
b82e42cb-5247-4473-b0b7-559bf4a330d4,a138f99c-b457-44dc-8e79-37155c079ee5,paid,763.3,0.0,862.3,2026-02-20 18:12:40.288862+00:00,direct
01d1e266-a913-44da-be0f-e54014c454c4,a138f99c-b457-44dc-8e79-37155c079ee5,paid,763.3,0.0,862.3,2026-02-03 16:37:40.288862+00:00,direct
21fd84f1-ee9b-4e82-be38-9a65452c8435,1e3d1ad0-7e10-47eb-8020-b54a72d3f20e,paid,933.3,87.49,944.81,2025-10-15 22:11:40.288862+00:00,direct
73d5e42b-ecd2-4c81-a99f-76eda34f9173,75c39c2f-f83e-435f-81ec-8f8c6f1a5f26,paid,233.1,0.0,332.1,2026-08-17 08:28:40.288862+00:00,direct
0ea30dd9-e188-4860-829b-40b04e892e38,080cf52f-6c63-4c0b-9887-45c1a287ba48,paid,11448.25,0.0,11448.25,2026-03-26 11:15:40.288862+00:00,direct
78d84591-844e-4976-88f0-901e23a8b1e8,080cf52f-6c63-4c0b-9887-45c1a287ba48,paid,1790.55,0.0,1790.55,2025-11-04 02:07:40.288862+00:00,direct
0314ff3c-170c-4c49-afda-e5037f2e30e4,080cf52f-6c63-4c0b-9887-45c1a287ba48,cancelled,9885.4,0.0,9885.4,2025-10-14 22:08:40.288862+00:00,direct
3245ad41-1557-4270-8c43-d50ff1abccdb,080cf52f-6c63-4c0b-9887-45c1a287ba48,paid,1927.4,123.08,1804.32,2025-12-31 15:30:40.288862+00:00,direct
4f9946ef-07ac-4298-89f3-40179c7df5d1,080cf52f-6c63-4c0b-9887-45c1a287ba48,failed,641.7,0.0,740.7,2025-09-16 02:47:40.288862+00:00,direct
5197dfe4-6b1b-486a-9664-a16fa7c39ca4,080cf52f-6c63-4c0b-9887-45c1a287ba48,paid,572.7,0.0,671.7,2026-04-24 12:47:40.288862+00:00,direct
df25dd2d-af81-44b6-9f96-86c3b823d106,080cf52f-6c63-4c0b-9887-45c1a287ba48,failed,1996.4,0.0,1996.4,2026-01-19 11:47:40.288862+00:00,direct
d68ae0e7-25c3-4c6f-8183-caa3b9b894e0,080cf52f-6c63-4c0b-9887-45c1a287ba48,paid,2180.4,259.1,1921.3,2026-03-09 07:53:40.288862+00:00,direct
776736d4-a24e-42c1-ad52-385c87d982a4,080cf52f-6c63-4c0b-9887-45c1a287ba48,paid,1032.7,0.0,1131.7,2026-05-19 00:07:40.288862+00:00,direct
9b1aa707-08ee-40ff-8264-7fd6b215a438,080cf52f-6c63-4c0b-9887-45c1a287ba48,paid,2018.25,0.0,2018.25,2025-09-16 21:21:40.288862+00:00,direct
f2d8b5fb-26a7-48e7-9b02-4fd210930d10,080cf52f-6c63-4c0b-9887-45c1a287ba48,paid,4110.1,535.35,3574.75,2026-08-17 17:03:40.288862+00:00,direct
26ac0f10-9958-47a8-91cb-1ca297885389,99425b71-88ff-4769-90c1-2392fe95f3fc,paid,948.1,82.86,964.24,2026-02-07 19:25:40.288862+00:00,direct
545c937b-9573-424a-b059-371688a32694,99425b71-88ff-4769-90c1-2392fe95f3fc,paid,473.1,0.0,572.1,2026-08-12 06:58:40.288862+00:00,direct
ffe8b810-11e1-4a89-b733-0d12cb4858b8,99425b71-88ff-4769-90c1-2392fe95f3fc,paid,7218.1,0.0,7218.1,2026-09-05 09:48:40.288862+00:00,direct
2ceb7bfd-46ef-46e9-b985-299eb36c3da0,44c47581-ae4c-45c6-8900-db36864ba805,paid,319.0,34.58,383.42,2026-04-20 06:27:40.288862+00:00,direct
9cecc3c7-8ee4-4257-b9d2-44f13f91fe2d,44c47581-ae4c-45c6-8900-db36864ba805,cancelled,359.0,0.0,458.0,2026-02-05 13:57:40.288862+00:00,direct
f497e855-4515-4b5e-994a-d389ba42f9a7,44c47581-ae4c-45c6-8900-db36864ba805,paid,618.0,0.0,717.0,2026-03-24 19:50:40.288862+00:00,direct
a529244e-603b-4697-b6ff-9fd15f70bf5a,44c47581-ae4c-45c6-8900-db36864ba805,paid,699.0,0.0,798.0,2026-05-23 08:33:40.288862+00:00,direct
30c08b43-64c2-4653-a823-03edacccee1d,44c47581-ae4c-45c6-8900-db36864ba805,paid,618.0,0.0,717.0,2025-12-29 16:16:40.288862+00:00,direct
9ac610ba-187f-48f2-b81d-5a5e601bbb30,44c47581-ae4c-45c6-8900-db36864ba805,paid,179.0,0.0,278.0,2026-07-10 20:09:40.288862+00:00,direct
c6f40423-bb9e-4c80-beaa-29c14925ccc5,44c47581-ae4c-45c6-8900-db36864ba805,paid,1076.0,0.0,1175.0,2026-06-12 16:23:40.288862+00:00,direct
c33d9d0c-0148-4486-bcdd-0deea5bb3cff,44c47581-ae4c-45c6-8900-db36864ba805,paid,2035.0,0.0,2035.0,2026-08-05 20:42:40.288862+00:00,direct
4f58fec0-dcad-498a-b550-f0d80820b537,7db06529-de5e-43e7-b8c6-e95d4c63bd22,paid,4517.0,277.88,4239.12,2026-05-31 15:47:40.288862+00:00,direct
e04dea23-3e25-4e82-9eae-bdc53bd3c67e,7db06529-de5e-43e7-b8c6-e95d4c63bd22,paid,1237.0,0.0,1336.0,2025-11-15 07:47:40.288862+00:00,direct
af5604e2-4a5b-465a-b635-c623a1d97044,7db06529-de5e-43e7-b8c6-e95d4c63bd22,paid,897.0,0.0,996.0,2025-11-04 05:32:40.288862+00:00,direct
00ac636f-e024-4da5-a948-ad58e6ccfcf4,7db06529-de5e-43e7-b8c6-e95d4c63bd22,failed,1298.0,0.0,1397.0,2026-08-29 21:43:40.288862+00:00,direct
59e05652-1c0f-4530-9fb8-d7be260bd3ed,7db06529-de5e-43e7-b8c6-e95d4c63bd22,paid,699.0,0.0,798.0,2025-10-31 19:57:40.288862+00:00,direct
62ff207e-a00b-4f6b-8599-53ec2ea3fc25,7db06529-de5e-43e7-b8c6-e95d4c63bd22,paid,618.0,0.0,717.0,2025-12-11 06:15:40.288862+00:00,direct
07b81c48-5b97-4026-b279-5c45a0cb1de8,7db06529-de5e-43e7-b8c6-e95d4c63bd22,paid,1777.0,177.31,1599.69,2026-08-09 23:45:40.288862+00:00,direct
33c1710b-b0d9-4e6b-852f-8e0a993baaa7,33b84811-2ca3-47a7-b195-3b783ae20731,paid,3688.2,0.0,3688.2,2026-08-24 22:24:40.288862+00:00,direct
4b5fc44a-aa52-4542-9964-389489baa0a5,862eec34-2759-4c73-9e79-cbc600ff5cbf,paid,2066.55,0.0,2066.55,2026-03-19 21:47:40.288862+00:00,direct
c64db885-9909-43ab-84ce-c58024aaf537,862eec34-2759-4c73-9e79-cbc600ff5cbf,paid,1857.25,0.0,1857.25,2026-03-01 19:05:40.288862+00:00,direct
04137a34-46db-415a-94ca-aad1b5ce39a9,862eec34-2759-4c73-9e79-cbc600ff5cbf,paid,1950.4,0.0,1950.4,2026-04-12 11:01:40.288862+00:00,direct
e1e63784-daf0-4b04-a8bc-7cf3efe7fcdb,862eec34-2759-4c73-9e79-cbc600ff5cbf,paid,2386.25,0.0,2386.25,2026-04-14 23:49:40.288862+00:00,direct
315074d9-4d44-4dc5-9b8b-5341bc5584f8,862eec34-2759-4c73-9e79-cbc600ff5cbf,paid,825.7,0.0,924.7,2026-04-06 14:35:40.288862+00:00,direct
cd373400-3a8a-498b-90e3-20f55d8a8fe9,862eec34-2759-4c73-9e79-cbc600ff5cbf,paid,2456.4,0.0,2456.4,2025-12-21 12:42:40.288862+00:00,direct
fecc1509-2f63-4af4-adbf-8659ed0b6293,862eec34-2759-4c73-9e79-cbc600ff5cbf,paid,2018.25,0.0,2018.25,2025-10-22 16:08:40.288862+00:00,direct
701e4764-0a94-4683-9320-6e6684f02940,862eec34-2759-4c73-9e79-cbc600ff5cbf,paid,5079.55,0.0,5079.55,2026-03-19 01:28:40.288862+00:00,direct
e6366dce-d6b5-496c-adea-c4646542fc8d,862eec34-2759-4c73-9e79-cbc600ff5cbf,paid,893.55,0.0,992.55,2025-12-15 14:10:40.288862+00:00,direct
bf87b1c7-4f4b-4da8-bc29-b8662d2b74f2,862eec34-2759-4c73-9e79-cbc600ff5cbf,paid,664.7,0.0,763.7,2026-05-06 18:36:40.288862+00:00,direct
cd647d64-a034-4d72-ae45-cde35284d20b,862eec34-2759-4c73-9e79-cbc600ff5cbf,paid,2271.25,0.0,2271.25,2026-01-23 15:57:40.288862+00:00,direct
923bc4d5-530c-43f9-92f1-40f08a3f2dd8,862eec34-2759-4c73-9e79-cbc600ff5cbf,paid,2525.4,0.0,2525.4,2026-04-17 12:13:40.288862+00:00,direct
fccabca8-57ea-45ae-a44f-92e90df152c4,862eec34-2759-4c73-9e79-cbc600ff5cbf,paid,573.85,0.0,672.85,2026-08-24 20:08:40.288862+00:00,direct
35383c2b-1334-4220-82cb-12fa7fed33ec,aae62ea0-5e31-49fb-9368-6b5c3e38eb4b,paid,223.3,0.0,322.3,2025-10-09 16:43:40.288862+00:00,direct
c415a739-3b49-472f-a4b6-f68a2f04be41,aae62ea0-5e31-49fb-9368-6b5c3e38eb4b,paid,167.3,0.0,266.3,2026-02-05 19:40:40.288862+00:00,direct
91a87e8c-d169-46e2-a1ad-c50cc36aec96,aae62ea0-5e31-49fb-9368-6b5c3e38eb4b,paid,348.6,0.0,447.6,2025-12-04 16:27:40.288862+00:00,direct
4f6a3a51-cd2c-4e9f-8440-b600ce71283b,aae62ea0-5e31-49fb-9368-6b5c3e38eb4b,paid,1398.6,0.0,1497.6,2025-09-23 03:15:40.288862+00:00,direct
f4a154f5-26f8-451b-af25-4e607280eb23,aae62ea0-5e31-49fb-9368-6b5c3e38eb4b,failed,614.6,0.0,713.6,2026-08-11 21:05:40.288862+00:00,direct
a4091576-cf4c-41dd-b665-33c670c64d28,e7f84461-c28b-4518-b187-f218343cb9f9,paid,539.1,0.0,638.1,2026-08-18 17:52:40.288862+00:00,direct
9505e9a4-7bf4-4dec-b072-d4e022f67c56,615e826c-373d-41b2-878f-226fa7bab32b,paid,3229.15,0.0,3229.15,2025-11-16 16:30:40.288862+00:00,direct
ea0b6d96-438d-42a7-9a84-5f635b0dace1,b9406325-a450-4d65-9cbb-4d39a8a3caa4,paid,254.15,0.0,353.15,2025-11-18 17:10:40.288862+00:00,direct
5c3b3f1b-99c2-44ee-9001-e49488ff979e,b9406325-a450-4d65-9cbb-4d39a8a3caa4,paid,508.3,0.0,607.3,2025-09-20 01:58:40.288862+00:00,direct
ea9b45dd-5d39-4d1e-a836-8675db4e1c7d,b9406325-a450-4d65-9cbb-4d39a8a3caa4,paid,152.15,0.0,251.15,2025-12-05 02:40:40.288862+00:00,direct
1643cccc-53d2-43bd-995d-6ceb507e989c,ed89e033-0a24-4e11-bc5a-79d85d87f0c9,paid,359.1,0.0,458.1,2026-08-08 15:32:40.288862+00:00,direct
8f8e3b0b-9419-46ed-87a4-2c3b5d01e1f3,d56238b6-0cb6-4e45-b1ab-bf950e4d18c3,paid,9035.55,0.0,9035.55,2025-10-16 02:52:40.288862+00:00,direct
40a399c7-cf1c-4198-a977-2158037bec53,d56238b6-0cb6-4e45-b1ab-bf950e4d18c3,paid,4942.7,0.0,4942.7,2025-11-20 12:11:40.288862+00:00,direct
162e0a3b-e370-4a4c-af68-0b85ccd1a70c,d56238b6-0cb6-4e45-b1ab-bf950e4d18c3,paid,1147.7,0.0,1246.7,2026-01-03 02:18:40.288862+00:00,direct
97704e7d-7acc-4270-89bf-b687f3aa846e,d56238b6-0cb6-4e45-b1ab-bf950e4d18c3,paid,1559.4,96.37,1463.03,2026-05-12 04:30:40.288862+00:00,direct
48734152-bd47-40d0-8f34-821256acee46,d56238b6-0cb6-4e45-b1ab-bf950e4d18c3,paid,733.7,0.0,832.7,2026-03-01 00:37:40.288862+00:00,direct
c3cd2676-8040-43b8-b429-7b80dca67f59,d56238b6-0cb6-4e45-b1ab-bf950e4d18c3,cancelled,1377.7,0.0,1476.7,2026-08-13 10:09:40.288862+00:00,direct
02bf7066-7bf4-4c51-877e-5bcf22599807,d56238b6-0cb6-4e45-b1ab-bf950e4d18c3,paid,549.7,0.0,648.7,2026-06-30 19:22:40.288862+00:00,direct
63a46877-a50c-4079-9f7d-03e48089f30a,d56238b6-0cb6-4e45-b1ab-bf950e4d18c3,paid,9999.25,0.0,9999.25,2026-01-20 23:15:40.288862+00:00,direct
e2c70d05-70a1-4af3-a26c-268574c1e896,d56238b6-0cb6-4e45-b1ab-bf950e4d18c3,paid,572.7,0.0,671.7,2026-04-02 04:57:40.288862+00:00,direct
ead2a975-6c96-4378-bd3e-7d73e0577e5e,d56238b6-0cb6-4e45-b1ab-bf950e4d18c3,paid,755.55,0.0,854.55,2026-08-24 01:12:40.288862+00:00,direct
3ba0de92-c156-47a4-9aef-bdbc2eec93f7,d56238b6-0cb6-4e45-b1ab-bf950e4d18c3,paid,1927.4,0.0,1927.4,2026-02-28 09:22:40.288862+00:00,direct
352e98e5-282c-4772-a7d1-604cec33b550,d56238b6-0cb6-4e45-b1ab-bf950e4d18c3,paid,1101.7,0.0,1200.7,2026-08-22 11:16:40.288862+00:00,direct
2b7e4516-84f4-45c0-95fe-ba599c2f99af,3d77ca09-f9c9-46f6-941f-b1680d2c8d41,paid,896.4,67.22,928.18,2026-06-13 20:17:40.288862+00:00,direct
128ecce7-cded-4aa2-aad2-57e26722dbd5,3d77ca09-f9c9-46f6-941f-b1680d2c8d41,paid,6471.0,555.68,5915.32,2026-03-17 09:25:40.288862+00:00,direct
af27e095-7b93-4af3-9c85-3066fe522e87,3d77ca09-f9c9-46f6-941f-b1680d2c8d41,paid,8524.8,0.0,8524.8,2025-11-25 08:47:40.288862+00:00,direct
f1435480-d229-497a-820a-79d829472200,3d77ca09-f9c9-46f6-941f-b1680d2c8d41,paid,1724.4,162.75,1561.65,2026-07-02 16:44:40.288862+00:00,direct
c74496ab-71ec-4b96-a1ae-27d8f6504c75,131fb1a5-91e7-4551-b992-7487ec0dc128,cancelled,1997.0,0.0,1997.0,2025-11-28 13:38:40.288862+00:00,direct
89163c83-c024-4f2c-b256-fe327fdad1c9,131fb1a5-91e7-4551-b992-7487ec0dc128,paid,1398.0,0.0,1497.0,2025-11-28 01:25:40.288862+00:00,direct
bb9c86f0-c49e-414c-81b8-026778ccb87f,131fb1a5-91e7-4551-b992-7487ec0dc128,paid,938.0,0.0,1037.0,2025-09-19 12:42:40.288862+00:00,direct
cf897e44-5a8c-43d5-a8a7-d3a2b50886e7,131fb1a5-91e7-4551-b992-7487ec0dc128,paid,1117.0,0.0,1216.0,2026-04-29 03:28:40.288862+00:00,direct
c0d0e050-4a3d-42d0-9024-faf089e8d173,131fb1a5-91e7-4551-b992-7487ec0dc128,paid,399.0,0.0,498.0,2026-05-14 01:06:40.288862+00:00,direct
7c03dad5-b20d-4f46-bb59-a067c96f547a,68179f31-cfc4-4119-a585-e1aa2d1dde9f,paid,1897.0,0.0,1897.0,2026-02-03 21:41:40.288862+00:00,direct
341b963f-02f8-4740-9c58-baa8c1b18f1d,68179f31-cfc4-4119-a585-e1aa2d1dde9f,paid,4098.0,390.98,3707.02,2026-01-25 00:44:40.288862+00:00,direct
b9ec78f6-583f-434c-9970-e29e04c50012,68179f31-cfc4-4119-a585-e1aa2d1dde9f,paid,299.0,19.94,378.06,2026-04-19 19:17:40.288862+00:00,direct
095066a4-dc9f-407c-b8c5-d9ab8238b80a,a0c3aafb-fa18-4074-9a41-d02c829e016b,paid,161.1,0.0,260.1,2026-08-08 06:39:40.288862+00:00,direct
a4f4a968-2f94-4633-a747-d3750b22910a,a247096f-81ac-4289-979e-4b706531344c,paid,1399.55,0.0,1498.55,2026-08-02 20:06:40.288862+00:00,direct
a8e74f9b-85f1-4a8b-9c16-2c97b583a09c,a247096f-81ac-4289-979e-4b706531344c,paid,1191.4,0.0,1290.4,2026-09-01 23:21:40.288862+00:00,direct
d750d297-c9ef-4836-9295-967d6ed4bf1e,a247096f-81ac-4289-979e-4b706531344c,paid,1422.55,0.0,1521.55,2025-12-10 21:46:40.288862+00:00,direct
97434ae9-c95e-4188-860a-83740290667a,a247096f-81ac-4289-979e-4b706531344c,paid,1032.7,73.0,1058.7,2026-04-22 19:36:40.288862+00:00,direct
774201b3-7c3c-476b-9b9c-6514aa2215db,a247096f-81ac-4289-979e-4b706531344c,paid,1148.85,0.0,1247.85,2026-05-31 17:30:40.288862+00:00,direct
4cd29e83-3f8f-479c-a355-df32e8013e02,a247096f-81ac-4289-979e-4b706531344c,paid,1629.55,0.0,1629.55,2026-01-15 12:06:40.288862+00:00,direct
f65a8e28-080b-44fe-842e-908851a6c061,a247096f-81ac-4289-979e-4b706531344c,paid,5906.4,0.0,5906.4,2026-07-28 18:43:40.288862+00:00,direct
f6c77fa4-58a2-4838-8474-9b825b085717,a247096f-81ac-4289-979e-4b706531344c,paid,1491.55,0.0,1590.55,2025-10-25 10:49:40.288862+00:00,direct
6ecb6527-1f36-4bd5-a877-a6e34e88355a,a247096f-81ac-4289-979e-4b706531344c,paid,1377.7,0.0,1476.7,2026-09-02 11:17:40.288862+00:00,direct
418b4d25-072a-4702-996a-3c2267e3edbf,1361583b-e498-4cbd-b0ea-7bd51f51afb8,paid,448.2,0.0,547.2,2026-08-15 18:22:40.288862+00:00,direct
e5f77e7b-3d44-418d-bc5c-e0319edbc181,a47e118a-8368-46b7-99de-3c46573f78fd,paid,712.3,85.26,726.04,2026-01-14 01:38:40.288862+00:00,direct
d58a0ad7-46e9-4fee-b141-5b7de1aee494,a47e118a-8368-46b7-99de-3c46573f78fd,paid,440.3,0.0,539.3,2025-10-16 19:26:40.288862+00:00,direct
44f61127-f749-4be3-9591-3756b8d7a6d7,6250b7c9-43e2-4e5f-b379-cb69801b53d6,paid,3412.8,0.0,3412.8,2026-08-05 00:48:40.288862+00:00,direct
0b88c855-9a39-4e47-b75d-b989231b1e8e,6250b7c9-43e2-4e5f-b379-cb69801b53d6,paid,1040.4,0.0,1139.4,2025-11-29 15:25:40.288862+00:00,direct
f10e25a5-b79e-42cf-894b-dd049861e75a,6250b7c9-43e2-4e5f-b379-cb69801b53d6,paid,3591.0,0.0,3591.0,2025-12-19 05:11:40.288862+00:00,direct
e3a4fdd0-4ce1-4351-aa89-b4c3fa9145e6,6250b7c9-43e2-4e5f-b379-cb69801b53d6,paid,4599.0,611.78,3987.22,2026-05-10 12:49:40.288862+00:00,direct
b495d4bc-5905-471d-925f-0ac7cea5f97c,6250b7c9-43e2-4e5f-b379-cb69801b53d6,paid,9282.6,0.0,9282.6,2026-08-21 22:52:40.288862+00:00,direct
f21dd0ca-6077-43ee-9920-7e7429566fe9,13443e0b-be11-4065-aedc-ddb32d881df6,paid,664.7,0.0,763.7,2026-05-14 17:47:40.288862+00:00,direct
c684a8db-44ad-44ed-a123-7b18d904514a,13443e0b-be11-4065-aedc-ddb32d881df6,paid,5285.4,477.37,4808.03,2026-08-24 03:36:40.288862+00:00,direct
91be91dd-bf3d-4956-a635-22a1c5011ece,13443e0b-be11-4065-aedc-ddb32d881df6,paid,1377.7,0.0,1476.7,2025-12-11 16:16:40.288862+00:00,direct
a0cc1c62-e090-4ece-b1f4-def9aa805e8e,13443e0b-be11-4065-aedc-ddb32d881df6,paid,916.55,109.92,905.63,2026-09-04 17:14:40.288862+00:00,direct
b71e53aa-42de-43c7-b643-26667534b52d,13443e0b-be11-4065-aedc-ddb32d881df6,paid,1515.7,0.0,1515.7,2026-08-25 05:52:40.288862+00:00,direct
6b3cd8ed-14ba-4afc-b7d7-49387dce306b,13443e0b-be11-4065-aedc-ddb32d881df6,paid,2088.4,0.0,2088.4,2026-02-13 01:18:40.288862+00:00,direct
2e6d3cd2-2e34-49ee-8983-0c6e962750b1,13443e0b-be11-4065-aedc-ddb32d881df6,paid,755.55,0.0,854.55,2026-01-21 11:18:40.288862+00:00,direct
dd2f5f8b-77f8-4b2d-8ca5-ce0692932997,13443e0b-be11-4065-aedc-ddb32d881df6,paid,549.7,0.0,648.7,2026-09-03 04:52:40.288862+00:00,direct
0abf9777-eb33-49ee-b7cb-f10450d936a4,13443e0b-be11-4065-aedc-ddb32d881df6,paid,573.85,0.0,672.85,2026-08-19 21:27:40.288862+00:00,direct
5c8b0d9c-b78a-4c3a-8f0e-530f76098e01,3eba9c22-af49-412f-b8f2-4572da6e9f90,paid,1628.4,0.0,1628.4,2026-05-16 04:59:40.288862+00:00,direct
0abf526e-a0e3-421f-8c32-bf3778ba11e7,3eba9c22-af49-412f-b8f2-4572da6e9f90,paid,366.85,0.0,465.85,2025-11-22 22:19:40.288862+00:00,direct
a87ae77a-0aac-456c-8038-c2956265c8b7,3eba9c22-af49-412f-b8f2-4572da6e9f90,paid,5860.4,0.0,5860.4,2026-06-12 02:19:40.288862+00:00,direct
f77c39da-0d9a-43a2-90a2-2f24e1a9ddf8,3eba9c22-af49-412f-b8f2-4572da6e9f90,paid,2042.4,0.0,2042.4,2026-01-09 23:18:40.288862+00:00,direct
d79b6e93-bd85-459a-a90b-fd26381fb048,3eba9c22-af49-412f-b8f2-4572da6e9f90,paid,5676.4,0.0,5676.4,2026-04-28 19:39:40.288862+00:00,direct
d37cad3b-edbe-48c0-b8b1-d02f25bb6620,3eba9c22-af49-412f-b8f2-4572da6e9f90,cancelled,985.55,102.9,981.65,2026-02-18 06:19:40.288862+00:00,direct
9a54c4b1-4da4-4452-a2eb-c80a7a63e3ca,3eba9c22-af49-412f-b8f2-4572da6e9f90,paid,3191.25,0.0,3191.25,2026-05-28 12:03:40.288862+00:00,direct
5a4725e4-0193-4cce-b14c-b54d59264d31,3eba9c22-af49-412f-b8f2-4572da6e9f90,paid,4942.7,0.0,4942.7,2026-07-25 18:55:40.288862+00:00,direct
e6055d36-1d64-40af-a320-175ca680cfd2,3eba9c22-af49-412f-b8f2-4572da6e9f90,paid,1238.55,0.0,1337.55,2026-09-03 17:42:40.288862+00:00,direct
4185bea9-912d-4289-bd34-8536448565a3,3eba9c22-af49-412f-b8f2-4572da6e9f90,paid,1032.7,0.0,1131.7,2026-09-05 08:08:40.288862+00:00,direct
4b528f14-9e4f-480d-827a-e720a8afbabd,3eba9c22-af49-412f-b8f2-4572da6e9f90,paid,1147.7,0.0,1246.7,2026-04-12 00:38:40.288862+00:00,direct
fc81396f-f7f0-4a9b-b812-ef489f6f7990,3eba9c22-af49-412f-b8f2-4572da6e9f90,cancelled,5378.55,0.0,5378.55,2026-03-07 23:15:40.288862+00:00,direct
1bf5f82b-7f5c-4c09-81ee-57fe5ed8c984,3eba9c22-af49-412f-b8f2-4572da6e9f90,failed,1077.55,0.0,1176.55,2026-01-25 13:14:40.288862+00:00,direct
9bf560e2-0a5c-4f91-88e9-65c522ea98f7,3eba9c22-af49-412f-b8f2-4572da6e9f90,paid,1353.55,0.0,1452.55,2025-12-15 05:34:40.288862+00:00,direct
f0523d1b-b12d-4b99-8603-dc40650544a8,3eba9c22-af49-412f-b8f2-4572da6e9f90,paid,963.7,0.0,1062.7,2026-08-24 20:30:40.288862+00:00,direct
13682c04-9aca-42a6-8e91-14a152674b3f,c1799a39-8cf2-475e-b7ca-780b19978428,paid,167.3,0.0,266.3,2026-01-01 02:02:40.288862+00:00,direct
ef9f9b57-c719-45a5-b18d-f3586ff0f978,c1799a39-8cf2-475e-b7ca-780b19978428,paid,181.3,14.51,265.79,2026-02-02 02:28:40.288862+00:00,direct
76963eaf-71f8-4643-9ca9-fb711f593cd0,c1799a39-8cf2-475e-b7ca-780b19978428,paid,349.3,0.0,448.3,2025-09-13 04:28:40.288862+00:00,direct
e2509625-d1d7-4052-a0c5-e96547fea5e2,c1799a39-8cf2-475e-b7ca-780b19978428,paid,529.9,30.75,598.15,2026-07-21 06:13:40.288862+00:00,direct
5b536bdc-ce54-404d-ba37-3b3bcf2ab8f5,c1799a39-8cf2-475e-b7ca-780b19978428,paid,907.9,64.69,942.21,2026-05-23 11:49:40.288862+00:00,direct
d8508e20-f86f-4452-be16-ed6bfc160f74,c1799a39-8cf2-475e-b7ca-780b19978428,paid,349.3,50.13,398.17,2026-08-11 12:49:40.288862+00:00,direct
cc7ca48b-028e-491c-ac49-e1599d47d377,3f8127b9-05d7-414d-9839-5587d4646077,cancelled,259.0,0.0,358.0,2025-09-24 21:26:40.288862+00:00,direct
012a2c61-f6c0-4477-8a52-eed666d98a5e,3f8127b9-05d7-414d-9839-5587d4646077,paid,2256.0,0.0,2256.0,2026-08-18 03:41:40.288862+00:00,direct
b9870398-b1cd-490b-a71c-5d35a360ebff,3f8127b9-05d7-414d-9839-5587d4646077,paid,658.0,77.8,679.2,2026-02-20 21:55:40.288862+00:00,direct
d648d68e-4093-4dde-ae9c-2636a5c972fa,3f8127b9-05d7-414d-9839-5587d4646077,paid,1796.0,0.0,1796.0,2026-01-09 23:21:40.288862+00:00,direct
02127e51-f6f2-4f48-a90f-3935abef98da,3f8127b9-05d7-414d-9839-5587d4646077,paid,1256.0,0.0,1355.0,2026-02-01 01:37:40.288862+00:00,direct
cba50380-3e27-4941-8060-ce2449566521,3f8127b9-05d7-414d-9839-5587d4646077,paid,1755.0,0.0,1755.0,2025-09-24 12:27:40.288862+00:00,direct
3d0bb081-c356-4839-95e5-a6ce61fdde58,3f8127b9-05d7-414d-9839-5587d4646077,paid,958.0,0.0,1057.0,2026-07-29 02:37:40.288862+00:00,direct
0126abe1-a884-49d8-a16c-74244459fe7e,6fcb2111-c806-4c38-9a60-71ac0f3a0988,paid,518.0,63.55,553.45,2025-10-29 17:17:40.288862+00:00,direct
8f99bec7-0102-47e9-9129-afd7332ab016,6fcb2111-c806-4c38-9a60-71ac0f3a0988,failed,179.0,0.0,278.0,2026-01-27 23:35:40.288862+00:00,direct
b1780cf0-c22a-41df-aeed-4c7870f62356,6fcb2111-c806-4c38-9a60-71ac0f3a0988,paid,518.0,0.0,617.0,2025-12-11 10:00:40.288862+00:00,direct
87376514-6686-4f6e-9f4a-55f8856fccff,6fcb2111-c806-4c38-9a60-71ac0f3a0988,failed,4417.0,623.83,3793.17,2026-07-15 11:59:40.288862+00:00,direct
f3ebe4e0-6535-49ad-a01f-222e19380ace,6fcb2111-c806-4c38-9a60-71ac0f3a0988,paid,319.0,34.24,383.76,2026-08-24 01:25:40.288862+00:00,direct
230f14f9-484b-49d4-ba53-c878e112991f,917d7b85-bb0e-4b8e-9db6-53688effcced,paid,797.3,0.0,896.3,2025-12-26 15:39:40.288862+00:00,direct
036d0c75-5f4a-479d-8f2d-a38baadf3636,917d7b85-bb0e-4b8e-9db6-53688effcced,paid,1358.3,0.0,1457.3,2025-12-07 12:44:40.288862+00:00,direct
ef9a0a35-e999-40c3-a9ca-e9d76b40fed3,c2df39b8-60d2-44e9-ab8b-0d815dae4204,paid,699.3,0.0,798.3,2026-08-30 00:42:40.288862+00:00,direct
f6ae336b-1b64-4c6d-ada1-018f2b28f669,c2df39b8-60d2-44e9-ab8b-0d815dae4204,paid,125.3,0.0,224.3,2025-09-22 23:02:40.288862+00:00,direct
807d2bc6-d723-4392-a056-edda81336725,c2df39b8-60d2-44e9-ab8b-0d815dae4204,cancelled,698.6,65.08,732.52,2026-05-21 18:41:40.288862+00:00,direct
8a856892-fa17-4792-b4b6-a3d6d5817005,c2df39b8-60d2-44e9-ab8b-0d815dae4204,paid,349.3,0.0,448.3,2026-08-25 01:29:40.288862+00:00,direct
2d8088d2-5737-4e6a-af8d-ecc27232e6a6,c2df39b8-60d2-44e9-ab8b-0d815dae4204,cancelled,279.3,0.0,378.3,2026-07-14 07:28:40.288862+00:00,direct
ce50bc2b-c8b4-4f6b-8f15-28077306f4eb,c2df39b8-60d2-44e9-ab8b-0d815dae4204,paid,515.9,0.0,614.9,2025-11-28 04:38:40.288862+00:00,direct
6beb8dfc-ef5b-4c7c-bb31-415bac4a3766,c2df39b8-60d2-44e9-ab8b-0d815dae4204,paid,544.6,27.41,616.19,2026-03-26 17:39:40.288862+00:00,direct
dd8aa8a4-5762-4ac2-959a-1b39cf0d75c4,c2df39b8-60d2-44e9-ab8b-0d815dae4204,paid,418.6,0.0,517.6,2026-07-19 05:21:40.288862+00:00,direct
3f1dc659-fd06-450b-b3a7-bfbadee7babf,8c651321-15af-44ef-b25d-b8b94f9518da,paid,279.3,0.0,378.3,2025-11-02 22:03:40.288862+00:00,direct
f226132d-2853-4ace-84bf-896aa5b36440,8c651321-15af-44ef-b25d-b8b94f9518da,paid,251.3,21.84,328.46,2026-02-22 14:40:40.288862+00:00,direct
21874d79-45a8-4eaf-b675-1866be7b5cd5,8c651321-15af-44ef-b25d-b8b94f9518da,paid,419.3,0.0,518.3,2026-06-07 12:06:40.288862+00:00,direct
590c5545-9593-420a-83ce-77a31815f5ca,8c651321-15af-44ef-b25d-b8b94f9518da,paid,223.3,0.0,322.3,2026-08-06 13:26:40.288862+00:00,direct
13994848-07f5-4511-b7b2-56df8b8b2d79,55d542a0-ccd5-4699-bc77-78fa472fed7f,paid,460.6,0.0,559.6,2026-08-19 21:09:40.288862+00:00,direct
5b53def4-0f3e-4905-a155-a8032bc73100,55d542a0-ccd5-4699-bc77-78fa472fed7f,paid,489.3,64.7,523.6,2025-10-29 17:19:40.288862+00:00,direct
32646b15-6568-4018-ae80-a8ed5c076518,55d542a0-ccd5-4699-bc77-78fa472fed7f,paid,459.9,0.0,558.9,2026-03-02 18:24:40.288862+00:00,direct
69283f40-9893-40fe-82af-28c699584b48,55d542a0-ccd5-4699-bc77-78fa472fed7f,paid,125.3,0.0,224.3,2026-08-28 23:38:40.288862+00:00,direct
3932fd53-7051-47d0-bf56-e0051326f1c8,5eecf0b9-b787-4cd7-a517-74f6f007efba,paid,1117.9,0.0,1216.9,2026-03-18 20:20:40.288862+00:00,direct
68c3a787-4f9f-4e4d-8d6b-da683ff6624c,5eecf0b9-b787-4cd7-a517-74f6f007efba,paid,2784.6,0.0,2784.6,2025-09-05 05:28:40.288862+00:00,direct
7de01801-49f8-4b9d-8c9d-41c659a465e9,5eecf0b9-b787-4cd7-a517-74f6f007efba,paid,419.3,21.47,496.83,2026-04-09 02:24:40.288862+00:00,direct
78c8a03d-88ad-44fb-94bf-f9c3f400c87c,5eecf0b9-b787-4cd7-a517-74f6f007efba,paid,223.3,0.0,322.3,2025-12-18 18:39:40.288862+00:00,direct
fbfc7ecf-01bf-4ab5-8919-5dab2f7758a7,5eecf0b9-b787-4cd7-a517-74f6f007efba,paid,2909.9,0.0,2909.9,2025-12-22 23:40:40.288862+00:00,direct
8321bdaf-f2c0-4e36-b6c1-420d90ffc603,5eecf0b9-b787-4cd7-a517-74f6f007efba,paid,349.3,33.51,414.79,2026-08-16 15:15:40.288862+00:00,direct
1e0efbfd-03ac-449e-9799-05e080aa3422,18211bd2-ba28-4e19-9425-f8baccc97ece,paid,220.15,18.26,300.89,2025-10-05 11:52:40.288862+00:00,direct
189a1eb1-d5b7-4545-a2db-88f4ce78e1d7,18211bd2-ba28-4e19-9425-f8baccc97ece,paid,3229.15,0.0,3229.15,2025-09-28 11:30:40.288862+00:00,direct
7a73b07c-5a13-4af1-a180-e00ee81f1181,18211bd2-ba28-4e19-9425-f8baccc97ece,paid,779.45,0.0,878.45,2026-01-01 14:10:40.288862+00:00,direct
11fb96c2-81e2-4343-93b9-0772fdc80f94,9bf0188d-840d-43cf-895b-a246d8f22262,paid,509.15,0.0,608.15,2026-01-30 08:34:40.288862+00:00,direct
4528051a-22ea-4423-81e4-b2e5e2de95bb,9bf0188d-840d-43cf-895b-a246d8f22262,paid,3229.15,0.0,3229.15,2025-10-30 07:18:40.288862+00:00,direct
36d69b89-92df-48f6-837f-1d27eccdc60c,9bf0188d-840d-43cf-895b-a246d8f22262,paid,372.3,0.0,471.3,2026-02-22 02:33:40.288862+00:00,direct
